experiment,model_label,qid,pid_i,pid_j,method_a,method_b,spearman_full,n_aligned,top1_overlap,top3_overlap,top5_overlap,top10_overlap,top20_overlap
duot5,DuoT5,1001108,7870036,7042329,pairwise_ig,pointwise_ig,-0.21815487090276506,128,0.0,0.0,0.0,0.1,0.15
duot5,DuoT5,1001108,7870036,7042329,pairwise_ig,loo_pairwise,0.12627037172678995,128,0.0,0.3333333333333333,0.2,0.2,0.25
duot5,DuoT5,1001108,7870036,7042329,pairwise_ig,loo_pointwise,0.05155305804797656,128,0.0,0.0,0.2,0.2,0.3
duot5,DuoT5,1001108,7870036,7042329,pointwise_ig,loo_pairwise,-0.16272202893242996,128,0.0,0.0,0.0,0.1,0.05
duot5,DuoT5,1001108,7870036,7042329,pointwise_ig,loo_pointwise,0.07789324299578831,128,0.0,0.3333333333333333,0.2,0.4,0.4
duot5,DuoT5,1001108,7870036,7042329,loo_pairwise,loo_pointwise,-0.07759567844717084,128,0.0,0.0,0.4,0.2,0.25
duot5,DuoT5,1009183,7249212,2911375,pairwise_ig,pointwise_ig,0.3116883116883117,76,0.0,0.3333333333333333,0.6,0.6,0.55
duot5,DuoT5,1009183,7249212,2911375,pairwise_ig,loo_pairwise,0.10846206425153794,76,0.0,0.3333333333333333,0.2,0.4,0.4
duot5,DuoT5,1009183,7249212,2911375,pairwise_ig,loo_pointwise,0.1590704032809296,76,0.0,0.3333333333333333,0.4,0.5,0.6
duot5,DuoT5,1009183,7249212,2911375,pointwise_ig,loo_pairwise,-0.04546821599453179,76,0.0,0.0,0.0,0.2,0.25
duot5,DuoT5,1009183,7249212,2911375,pointwise_ig,loo_pointwise,0.112946001367054,76,1.0,0.3333333333333333,0.4,0.7,0.5
duot5,DuoT5,1009183,7249212,2911375,loo_pairwise,loo_pointwise,0.4545727956254272,76,0.0,0.3333333333333333,0.4,0.4,0.5
duot5,DuoT5,1009742,7248275,5018280,pairwise_ig,pointwise_ig,0.0969661496439372,135,0.0,0.0,0.2,0.4,0.35
duot5,DuoT5,1009742,7248275,5018280,pairwise_ig,loo_pairwise,0.3028728904497123,135,0.0,0.0,0.0,0.2,0.25
duot5,DuoT5,1009742,7248275,5018280,pairwise_ig,loo_pointwise,-0.2704223978148474,135,0.0,0.0,0.0,0.1,0.1
duot5,DuoT5,1009742,7248275,5018280,pointwise_ig,loo_pairwise,0.11073066042337334,135,0.0,0.0,0.0,0.1,0.05
duot5,DuoT5,1009742,7248275,5018280,pointwise_ig,loo_pointwise,0.1155106818846942,135,0.0,0.0,0.0,0.0,0.1
duot5,DuoT5,1009742,7248275,5018280,loo_pairwise,loo_pointwise,0.034513705979904406,135,0.0,0.3333333333333333,0.4,0.4,0.35
duot5,DuoT5,1010700,7908507,3541134,pairwise_ig,pointwise_ig,-0.043787303309820946,96,0.0,0.3333333333333333,0.2,0.3,0.2
duot5,DuoT5,1010700,7908507,3541134,pairwise_ig,loo_pairwise,0.31391752577319587,96,0.0,0.3333333333333333,0.4,0.4,0.5
duot5,DuoT5,1010700,7908507,3541134,pairwise_ig,loo_pointwise,0.20286218122626154,96,0.0,0.3333333333333333,0.4,0.3,0.5
duot5,DuoT5,1010700,7908507,3541134,pointwise_ig,loo_pairwise,0.08117200217037439,96,0.0,0.0,0.2,0.4,0.35
duot5,DuoT5,1010700,7908507,3541134,pointwise_ig,loo_pointwise,0.296703743895822,96,0.0,0.0,0.4,0.3,0.55
duot5,DuoT5,1010700,7908507,3541134,loo_pairwise,loo_pointwise,0.44120998372219206,96,1.0,0.6666666666666666,0.8,0.6,0.5
duot5,DuoT5,1012865,7242969,5615198,pairwise_ig,pointwise_ig,0.12096349596349597,111,0.0,0.6666666666666666,0.4,0.4,0.5
duot5,DuoT5,1012865,7242969,5615198,pairwise_ig,loo_pairwise,0.028492453492453492,111,1.0,0.3333333333333333,0.2,0.3,0.35
duot5,DuoT5,1012865,7242969,5615198,pairwise_ig,loo_pointwise,0.09799052299052298,111,1.0,0.3333333333333333,0.2,0.3,0.4
duot5,DuoT5,1012865,7242969,5615198,pointwise_ig,loo_pairwise,0.18454720954720952,111,0.0,0.3333333333333333,0.2,0.3,0.4
duot5,DuoT5,1012865,7242969,5615198,pointwise_ig,loo_pointwise,0.12492979992979991,111,0.0,0.3333333333333333,0.2,0.2,0.3
duot5,DuoT5,1012865,7242969,5615198,loo_pairwise,loo_pointwise,0.426026676026676,111,1.0,0.3333333333333333,0.4,0.3,0.55
duot5,DuoT5,1020244,7233356,5214901,pairwise_ig,pointwise_ig,0.4823412929528247,101,0.0,0.6666666666666666,0.4,0.5,0.65
duot5,DuoT5,1020244,7233356,5214901,pairwise_ig,loo_pairwise,0.3608503203261503,101,0.0,0.0,0.2,0.4,0.45
duot5,DuoT5,1020244,7233356,5214901,pairwise_ig,loo_pointwise,0.1461852067559697,101,0.0,0.0,0.0,0.3,0.25
duot5,DuoT5,1020244,7233356,5214901,pointwise_ig,loo_pairwise,0.18807221898660453,101,0.0,0.0,0.0,0.4,0.4
duot5,DuoT5,1020244,7233356,5214901,pointwise_ig,loo_pointwise,-0.12430984274898077,101,0.0,0.0,0.0,0.2,0.25
duot5,DuoT5,1020244,7233356,5214901,loo_pairwise,loo_pointwise,0.4454047757716948,101,0.0,0.3333333333333333,0.6,0.4,0.45
duot5,DuoT5,1022762,6046885,2605564,pairwise_ig,pointwise_ig,-0.07429983191915919,114,0.0,0.3333333333333333,0.2,0.2,0.35
duot5,DuoT5,1022762,6046885,2605564,pairwise_ig,loo_pairwise,0.16397804823717627,114,1.0,0.3333333333333333,0.4,0.4,0.45
duot5,DuoT5,1022762,6046885,2605564,pairwise_ig,loo_pointwise,-0.09868167918835181,114,0.0,0.0,0.0,0.0,0.1
duot5,DuoT5,1022762,6046885,2605564,pointwise_ig,loo_pairwise,0.03128733723496892,114,0.0,0.0,0.2,0.3,0.25
duot5,DuoT5,1022762,6046885,2605564,pointwise_ig,loo_pointwise,0.08316964014499503,114,0.0,0.0,0.0,0.1,0.3
duot5,DuoT5,1022762,6046885,2605564,loo_pairwise,loo_pointwise,-0.2592859601871165,114,0.0,0.0,0.0,0.0,0.15
duot5,DuoT5,1022769,7229482,378002,pairwise_ig,pointwise_ig,0.365605716594002,205,1.0,0.6666666666666666,0.8,0.8,0.7
duot5,DuoT5,1022769,7229482,378002,pairwise_ig,loo_pairwise,0.16467105904639856,205,0.0,0.0,0.2,0.3,0.25
duot5,DuoT5,1022769,7229482,378002,pairwise_ig,loo_pointwise,0.04791269100583639,205,0.0,0.0,0.0,0.2,0.1
duot5,DuoT5,1022769,7229482,378002,pointwise_ig,loo_pairwise,-0.16699864885570612,205,0.0,0.0,0.2,0.2,0.25
duot5,DuoT5,1022769,7229482,378002,pointwise_ig,loo_pointwise,-0.20463428563468955,205,0.0,0.0,0.0,0.1,0.05
duot5,DuoT5,1022769,7229482,378002,loo_pairwise,loo_pointwise,0.8211962502263513,205,0.0,1.0,0.6,0.7,0.65
duot5,DuoT5,1024904,7226370,1075637,pairwise_ig,pointwise_ig,0.000825035561877667,75,1.0,0.3333333333333333,0.2,0.2,0.3
duot5,DuoT5,1024904,7226370,1075637,pairwise_ig,loo_pairwise,0.305348506401138,75,0.0,0.0,0.2,0.5,0.6
duot5,DuoT5,1024904,7226370,1075637,pairwise_ig,loo_pointwise,0.03863442389758179,75,0.0,0.0,0.0,0.3,0.45
duot5,DuoT5,1024904,7226370,1075637,pointwise_ig,loo_pairwise,-0.09681365576102417,75,0.0,0.0,0.2,0.1,0.3
duot5,DuoT5,1024904,7226370,1075637,pointwise_ig,loo_pointwise,0.0010241820768136557,75,0.0,0.0,0.2,0.2,0.2
duot5,DuoT5,1024904,7226370,1075637,loo_pairwise,loo_pointwise,0.03823613086770981,75,1.0,0.3333333333333333,0.4,0.5,0.45
duot5,DuoT5,102627,7875009,5507994,pairwise_ig,pointwise_ig,-0.03165681484265555,112,0.0,0.0,0.0,0.2,0.25
duot5,DuoT5,102627,7875009,5507994,pairwise_ig,loo_pairwise,0.1343321830047494,112,1.0,0.6666666666666666,0.4,0.4,0.5
duot5,DuoT5,102627,7875009,5507994,pairwise_ig,loo_pointwise,0.08927290121980389,112,1.0,0.6666666666666666,0.4,0.4,0.25
duot5,DuoT5,102627,7875009,5507994,pointwise_ig,loo_pairwise,0.016870536782041205,112,0.0,0.0,0.0,0.1,0.25
duot5,DuoT5,102627,7875009,5507994,pointwise_ig,loo_pointwise,0.1733351556360406,112,0.0,0.0,0.2,0.4,0.4
duot5,DuoT5,102627,7875009,5507994,loo_pairwise,loo_pointwise,0.3108108108108108,112,1.0,0.6666666666666666,0.4,0.5,0.4
duot5,DuoT5,1029772,7218572,1466346,pairwise_ig,pointwise_ig,-0.0854745878450883,135,0.0,0.0,0.2,0.2,0.35
duot5,DuoT5,1029772,7218572,1466346,pairwise_ig,loo_pairwise,0.13674275680421424,135,0.0,0.0,0.2,0.4,0.4
duot5,DuoT5,1029772,7218572,1466346,pairwise_ig,loo_pointwise,0.12760706272558778,135,0.0,0.0,0.2,0.2,0.35
duot5,DuoT5,1029772,7218572,1466346,pointwise_ig,loo_pairwise,0.18267486098917182,135,0.0,0.0,0.2,0.4,0.5
duot5,DuoT5,1029772,7218572,1466346,pointwise_ig,loo_pointwise,0.07032972392937276,135,0.0,0.3333333333333333,0.4,0.4,0.3
duot5,DuoT5,1029772,7218572,1466346,loo_pairwise,loo_pointwise,0.40903814262023225,135,0.0,0.0,0.4,0.6,0.65
duot5,DuoT5,1034587,7210738,6658774,pairwise_ig,pointwise_ig,0.41487626350644824,151,0.0,0.3333333333333333,0.6,0.5,0.55
duot5,DuoT5,1034587,7210738,6658774,pairwise_ig,loo_pairwise,0.020118508191007318,151,1.0,0.3333333333333333,0.2,0.3,0.3
duot5,DuoT5,1034587,7210738,6658774,pairwise_ig,loo_pointwise,-0.2654409201812478,151,0.0,0.3333333333333333,0.2,0.3,0.3
duot5,DuoT5,1034587,7210738,6658774,pointwise_ig,loo_pairwise,-0.14908330428720806,151,0.0,0.0,0.0,0.1,0.15
duot5,DuoT5,1034587,7210738,6658774,pointwise_ig,loo_pointwise,-0.3398082955733705,151,0.0,0.0,0.0,0.0,0.15
duot5,DuoT5,1034587,7210738,6658774,loo_pairwise,loo_pointwise,0.43044266294876254,151,0.0,0.3333333333333333,0.2,0.4,0.5
duot5,DuoT5,1037250,7206078,104425,pairwise_ig,pointwise_ig,0.06284388169513352,98,0.0,0.3333333333333333,0.4,0.4,0.3
duot5,DuoT5,1037250,7206078,104425,pairwise_ig,loo_pairwise,0.11155314984475512,98,1.0,0.3333333333333333,0.2,0.3,0.25
duot5,DuoT5,1037250,7206078,104425,pairwise_ig,loo_pointwise,-0.05081957806552799,98,0.0,0.3333333333333333,0.2,0.2,0.15
duot5,DuoT5,1037250,7206078,104425,pointwise_ig,loo_pairwise,-0.015307716338644172,98,0.0,0.0,0.2,0.2,0.15
duot5,DuoT5,1037250,7206078,104425,pointwise_ig,loo_pointwise,-0.04726201633418128,98,1.0,0.6666666666666666,0.4,0.6,0.4
duot5,DuoT5,1037250,7206078,104425,loo_pairwise,loo_pointwise,-0.22916945597357963,98,0.0,0.0,0.0,0.0,0.1
duot5,DuoT5,1041951,7198934,1777778,pairwise_ig,pointwise_ig,0.2219482331501466,174,0.0,0.0,0.4,0.3,0.35
duot5,DuoT5,1041951,7198934,1777778,pairwise_ig,loo_pairwise,0.022705657905976822,174,0.0,0.0,0.0,0.0,0.25
duot5,DuoT5,1041951,7198934,1777778,pairwise_ig,loo_pointwise,-0.09827272986132862,174,0.0,0.0,0.0,0.1,0.05
duot5,DuoT5,1041951,7198934,1777778,pointwise_ig,loo_pairwise,0.17263247814573307,174,0.0,0.3333333333333333,0.2,0.1,0.15
duot5,DuoT5,1041951,7198934,1777778,pointwise_ig,loo_pointwise,0.011974145049688202,174,1.0,0.3333333333333333,0.2,0.1,0.15
duot5,DuoT5,1041951,7198934,1777778,loo_pairwise,loo_pointwise,0.04522793929212107,174,0.0,0.0,0.0,0.1,0.15
duot5,DuoT5,1042978,7197542,4385933,pairwise_ig,pointwise_ig,0.028308021566448533,90,0.0,0.0,0.2,0.2,0.3
duot5,DuoT5,1042978,7197542,4385933,pairwise_ig,loo_pairwise,0.31015351689508985,90,1.0,0.3333333333333333,0.4,0.4,0.3
duot5,DuoT5,1042978,7197542,4385933,pairwise_ig,loo_pointwise,0.17489401983784006,90,0.0,0.3333333333333333,0.2,0.1,0.35
duot5,DuoT5,1042978,7197542,4385933,pointwise_ig,loo_pairwise,0.25957937193892244,90,0.0,0.3333333333333333,0.2,0.3,0.4
duot5,DuoT5,1042978,7197542,4385933,pointwise_ig,loo_pointwise,0.12005597398855826,90,0.0,0.3333333333333333,0.2,0.4,0.45
duot5,DuoT5,1042978,7197542,4385933,loo_pairwise,loo_pointwise,0.40033749022513065,90,0.0,0.3333333333333333,0.4,0.5,0.55
duot5,DuoT5,1043064,7197436,2403731,pairwise_ig,pointwise_ig,0.01178861788617886,81,0.0,0.0,0.4,0.4,0.35
duot5,DuoT5,1043064,7197436,2403731,pairwise_ig,loo_pairwise,0.32630984643179767,81,1.0,0.3333333333333333,0.4,0.3,0.4
duot5,DuoT5,1043064,7197436,2403731,pairwise_ig,loo_pointwise,0.20060975609756096,81,0.0,0.0,0.2,0.2,0.45
duot5,DuoT5,1043064,7197436,2403731,pointwise_ig,loo_pairwise,-0.09988708220415538,81,0.0,0.0,0.0,0.1,0.3
duot5,DuoT5,1043064,7197436,2403731,pointwise_ig,loo_pointwise,-0.054878048780487805,81,0.0,0.0,0.4,0.4,0.5
duot5,DuoT5,1043064,7197436,2403731,loo_pairwise,loo_pointwise,0.4232836495031617,81,0.0,0.3333333333333333,0.2,0.5,0.5
duot5,DuoT5,1043568,7197007,8721020,pairwise_ig,pointwise_ig,-0.4208249496981891,71,0.0,0.0,0.0,0.1,0.1
duot5,DuoT5,1043568,7197007,8721020,pairwise_ig,loo_pairwise,0.288933601609658,71,1.0,0.6666666666666666,0.4,0.3,0.5
duot5,DuoT5,1043568,7197007,8721020,pairwise_ig,loo_pointwise,0.2504359490274983,71,1.0,0.6666666666666666,0.4,0.3,0.5
duot5,DuoT5,1043568,7197007,8721020,pointwise_ig,loo_pairwise,-0.22280348759221993,71,0.0,0.0,0.0,0.0,0.1
duot5,DuoT5,1043568,7197007,8721020,pointwise_ig,loo_pointwise,-0.2225687458081824,71,0.0,0.0,0.0,0.1,0.25
duot5,DuoT5,1043568,7197007,8721020,loo_pairwise,loo_pointwise,0.7194164989939638,71,1.0,1.0,0.6,0.5,0.7
duot5,DuoT5,1047162,7190154,3652302,pairwise_ig,pointwise_ig,-0.47240650287963837,87,0.0,0.0,0.0,0.1,0.1
duot5,DuoT5,1047162,7190154,3652302,pairwise_ig,loo_pairwise,0.13774877888751183,87,1.0,0.3333333333333333,0.2,0.1,0.35
duot5,DuoT5,1047162,7190154,3652302,pairwise_ig,loo_pointwise,-0.27469563315593787,87,0.0,0.0,0.2,0.2,0.2
duot5,DuoT5,1047162,7190154,3652302,pointwise_ig,loo_pairwise,-0.08411095720638621,87,0.0,0.0,0.0,0.0,0.15
duot5,DuoT5,1047162,7190154,3652302,pointwise_ig,loo_pointwise,0.35299263687395205,87,0.0,0.0,0.0,0.0,0.35
duot5,DuoT5,1047162,7190154,3652302,loo_pairwise,loo_pointwise,-0.0746154406940293,87,0.0,0.0,0.0,0.3,0.25
duot5,DuoT5,1047642,7189248,7189250,pairwise_ig,pointwise_ig,-0.28690898045965374,84,0.0,0.0,0.0,0.2,0.15
duot5,DuoT5,1047642,7189248,7189250,pairwise_ig,loo_pairwise,0.31112686038270726,84,1.0,0.3333333333333333,0.4,0.3,0.4
duot5,DuoT5,1047642,7189248,7189250,pairwise_ig,loo_pointwise,-0.06321757618710135,84,1.0,0.3333333333333333,0.2,0.2,0.2
duot5,DuoT5,1047642,7189248,7189250,pointwise_ig,loo_pairwise,0.08656474638047991,84,0.0,0.0,0.0,0.2,0.35
duot5,DuoT5,1047642,7189248,7189250,pointwise_ig,loo_pointwise,-0.041044851675610006,84,0.0,0.0,0.0,0.1,0.2
duot5,DuoT5,1047642,7189248,7189250,loo_pairwise,loo_pointwise,-0.2182039080692518,84,1.0,0.3333333333333333,0.2,0.2,0.25
duot5,DuoT5,1051223,7183716,8174629,pairwise_ig,pointwise_ig,-0.0018218623481781378,39,0.0,0.0,0.2,0.3,0.55
duot5,DuoT5,1051223,7183716,8174629,pairwise_ig,loo_pairwise,0.16376518218623481,39,1.0,0.6666666666666666,0.6,0.5,0.45
duot5,DuoT5,1051223,7183716,8174629,pairwise_ig,loo_pointwise,0.11437246963562754,39,0.0,0.0,0.0,0.3,0.6
duot5,DuoT5,1051223,7183716,8174629,pointwise_ig,loo_pairwise,-0.2388663967611336,39,0.0,0.3333333333333333,0.2,0.2,0.55
duot5,DuoT5,1051223,7183716,8174629,pointwise_ig,loo_pointwise,-0.09595141700404858,39,0.0,0.3333333333333333,0.2,0.3,0.5
duot5,DuoT5,1051223,7183716,8174629,loo_pairwise,loo_pointwise,0.611336032388664,39,0.0,0.3333333333333333,0.4,0.4,0.75
duot5,DuoT5,1057139,7173406,683695,pairwise_ig,pointwise_ig,-0.11265822784810127,79,0.0,0.0,0.0,0.1,0.4
duot5,DuoT5,1057139,7173406,683695,pairwise_ig,loo_pairwise,0.46158714703018505,79,1.0,0.3333333333333333,0.2,0.5,0.45
duot5,DuoT5,1057139,7173406,683695,pairwise_ig,loo_pointwise,0.22056962025316454,79,1.0,0.3333333333333333,0.2,0.3,0.35
duot5,DuoT5,1057139,7173406,683695,pointwise_ig,loo_pairwise,-0.17626582278481015,79,0.0,0.0,0.0,0.2,0.2
duot5,DuoT5,1057139,7173406,683695,pointwise_ig,loo_pointwise,0.16226874391431353,79,0.0,0.0,0.0,0.3,0.35
duot5,DuoT5,1057139,7173406,683695,loo_pairwise,loo_pointwise,0.39510710808179167,79,1.0,0.6666666666666666,0.6,0.3,0.6
duot5,DuoT5,1057270,7847045,148902,pairwise_ig,pointwise_ig,0.049240368963646225,96,0.0,0.0,0.2,0.5,0.45
duot5,DuoT5,1057270,7847045,148902,pairwise_ig,loo_pairwise,-0.07508138903960934,96,0.0,0.3333333333333333,0.2,0.2,0.25
duot5,DuoT5,1057270,7847045,148902,pairwise_ig,loo_pointwise,-0.16483993488876833,96,0.0,0.3333333333333333,0.2,0.2,0.2
duot5,DuoT5,1057270,7847045,148902,pointwise_ig,loo_pairwise,0.05477482365708085,96,0.0,0.0,0.0,0.1,0.15
duot5,DuoT5,1057270,7847045,148902,pointwise_ig,loo_pointwise,0.1764514378730331,96,0.0,0.0,0.2,0.3,0.25
duot5,DuoT5,1057270,7847045,148902,loo_pairwise,loo_pointwise,0.5551275094953879,96,1.0,0.3333333333333333,0.2,0.3,0.6
duot5,DuoT5,1060391,7168612,1791246,pairwise_ig,pointwise_ig,-0.03236250783324878,93,0.0,1.0,0.6,0.3,0.25
duot5,DuoT5,1060391,7168612,1791246,pairwise_ig,loo_pairwise,0.05912983796365371,93,0.0,0.6666666666666666,0.6,0.4,0.3
duot5,DuoT5,1060391,7168612,1791246,pairwise_ig,loo_pointwise,-0.11105308704604455,93,0.0,0.6666666666666666,0.4,0.2,0.25
duot5,DuoT5,1060391,7168612,1791246,pointwise_ig,loo_pairwise,0.011578287726418189,93,1.0,0.6666666666666666,0.6,0.4,0.25
duot5,DuoT5,1060391,7168612,1791246,pointwise_ig,loo_pointwise,0.11090388230730207,93,1.0,0.6666666666666666,0.4,0.3,0.25
duot5,DuoT5,1060391,7168612,1791246,loo_pairwise,loo_pointwise,0.3998239384082838,93,1.0,0.3333333333333333,0.4,0.4,0.55
duot5,DuoT5,1064529,7163878,7163882,pairwise_ig,pointwise_ig,-0.1766917293233083,56,0.0,0.0,0.2,0.2,0.2
duot5,DuoT5,1064529,7163878,7163882,pairwise_ig,loo_pairwise,0.1342447026657553,56,0.0,0.3333333333333333,0.2,0.4,0.45
duot5,DuoT5,1064529,7163878,7163882,pairwise_ig,loo_pointwise,-0.023991797676008203,56,0.0,0.0,0.2,0.2,0.4
duot5,DuoT5,1064529,7163878,7163882,pointwise_ig,loo_pairwise,-0.05714285714285715,56,1.0,0.3333333333333333,0.2,0.2,0.45
duot5,DuoT5,1064529,7163878,7163882,pointwise_ig,loo_pointwise,-0.017088174982911826,56,0.0,0.0,0.2,0.2,0.35
duot5,DuoT5,1064529,7163878,7163882,loo_pairwise,loo_pointwise,0.12898154477101845,56,0.0,0.3333333333333333,0.4,0.5,0.45
duot5,DuoT5,1064808,7163603,2248471,pairwise_ig,pointwise_ig,0.12751187431494337,69,1.0,0.3333333333333333,0.2,0.1,0.2
duot5,DuoT5,1064808,7163603,2248471,pairwise_ig,loo_pairwise,0.4713920350748996,69,0.0,1.0,0.6,0.7,0.55
duot5,DuoT5,1064808,7163603,2248471,pairwise_ig,loo_pointwise,0.23361344537815126,69,0.0,0.3333333333333333,0.4,0.4,0.3
duot5,DuoT5,1064808,7163603,2248471,pointwise_ig,loo_pairwise,-0.004895871392035076,69,0.0,0.3333333333333333,0.2,0.1,0.25
duot5,DuoT5,1064808,7163603,2248471,pointwise_ig,loo_pointwise,-0.06627694556083304,69,0.0,0.0,0.0,0.2,0.3
duot5,DuoT5,1064808,7163603,2248471,loo_pairwise,loo_pointwise,0.4601753744976252,69,1.0,0.3333333333333333,0.6,0.6,0.55
duot5,DuoT5,1068290,7160260,4669770,pairwise_ig,pointwise_ig,-0.4155010764636432,120,0.0,0.3333333333333333,0.2,0.1,0.15
duot5,DuoT5,1068290,7160260,4669770,pairwise_ig,loo_pairwise,0.2987638030418779,120,1.0,0.3333333333333333,0.2,0.2,0.4
duot5,DuoT5,1068290,7160260,4669770,pairwise_ig,loo_pointwise,-0.008639488853392597,120,0.0,0.0,0.0,0.1,0.1
duot5,DuoT5,1068290,7160260,4669770,pointwise_ig,loo_pairwise,-0.4224321133412042,120,0.0,0.0,0.0,0.0,0.05
duot5,DuoT5,1068290,7160260,4669770,pointwise_ig,loo_pointwise,-0.03396763664143343,120,0.0,0.6666666666666666,0.6,0.3,0.25
duot5,DuoT5,1068290,7160260,4669770,loo_pairwise,loo_pointwise,0.020223626640738936,120,0.0,0.0,0.2,0.3,0.35
duot5,DuoT5,1070452,7158303,1249929,pairwise_ig,pointwise_ig,0.5800459391457434,147,0.0,0.0,0.2,0.3,0.35
duot5,DuoT5,1070452,7158303,1249929,pairwise_ig,loo_pairwise,-0.1331555206310588,147,0.0,0.0,0.0,0.1,0.2
duot5,DuoT5,1070452,7158303,1249929,pairwise_ig,loo_pointwise,-0.001397819401733296,147,0.0,0.0,0.0,0.3,0.35
duot5,DuoT5,1070452,7158303,1249929,pointwise_ig,loo_pairwise,-0.17023551367974069,147,0.0,0.0,0.0,0.0,0.1
duot5,DuoT5,1070452,7158303,1249929,pointwise_ig,loo_pointwise,-0.13063944570793887,147,0.0,0.0,0.0,0.1,0.25
duot5,DuoT5,1070452,7158303,1249929,loo_pairwise,loo_pointwise,0.5830455840240576,147,1.0,0.3333333333333333,0.4,0.4,0.45
duot5,DuoT5,1070546,7158204,1189749,pairwise_ig,pointwise_ig,0.061626162616261616,100,1.0,0.3333333333333333,0.2,0.2,0.4
duot5,DuoT5,1070546,7158204,1189749,pairwise_ig,loo_pairwise,0.0032163216321632157,100,0.0,0.3333333333333333,0.2,0.3,0.2
duot5,DuoT5,1070546,7158204,1189749,pairwise_ig,loo_pointwise,-0.019921992199219918,100,0.0,0.0,0.0,0.2,0.25
duot5,DuoT5,1070546,7158204,1189749,pointwise_ig,loo_pairwise,-0.12946894689468946,100,0.0,0.0,0.0,0.1,0.2
duot5,DuoT5,1070546,7158204,1189749,pointwise_ig,loo_pointwise,-0.01746174617461746,100,0.0,0.0,0.0,0.4,0.25
duot5,DuoT5,1070546,7158204,1189749,loo_pairwise,loo_pointwise,0.16346834683468345,100,0.0,0.3333333333333333,0.2,0.4,0.4
duot5,DuoT5,1071198,7157715,8471802,pairwise_ig,pointwise_ig,-0.26660906298003073,63,0.0,0.0,0.2,0.2,0.2
duot5,DuoT5,1071198,7157715,8471802,pairwise_ig,loo_pairwise,0.18682795698924734,63,0.0,0.3333333333333333,0.2,0.4,0.4
duot5,DuoT5,1071198,7157715,8471802,pairwise_ig,loo_pointwise,0.0944220430107527,63,0.0,0.3333333333333333,0.2,0.4,0.45
duot5,DuoT5,1071198,7157715,8471802,pointwise_ig,loo_pairwise,0.06446812596006145,63,0.0,0.0,0.2,0.3,0.4
duot5,DuoT5,1071198,7157715,8471802,pointwise_ig,loo_pointwise,0.015072964669738866,63,0.0,0.0,0.0,0.4,0.45
duot5,DuoT5,1071198,7157715,8471802,loo_pairwise,loo_pointwise,0.24894393241167434,63,0.0,0.6666666666666666,0.4,0.6,0.5
duot5,DuoT5,1072479,7156499,272432,pairwise_ig,pointwise_ig,0.07625127681307459,89,0.0,0.6666666666666666,0.4,0.3,0.35
duot5,DuoT5,1072479,7156499,272432,pairwise_ig,loo_pairwise,0.48389513108614235,89,0.0,0.3333333333333333,0.4,0.4,0.45
duot5,DuoT5,1072479,7156499,272432,pairwise_ig,loo_pointwise,0.12106793100182431,89,0.0,0.0,0.2,0.3,0.4
duot5,DuoT5,1072479,7156499,272432,pointwise_ig,loo_pairwise,0.20255362614913183,89,0.0,0.3333333333333333,0.2,0.4,0.35
duot5,DuoT5,1072479,7156499,272432,pointwise_ig,loo_pointwise,0.12528994420416595,89,0.0,0.0,0.0,0.1,0.4
duot5,DuoT5,1072479,7156499,272432,loo_pairwise,loo_pointwise,0.3478649466534173,89,0.0,0.0,0.2,0.3,0.45
duot5,DuoT5,1074995,7154432,7852208,pairwise_ig,pointwise_ig,0.11974728181016749,83,1.0,1.0,0.6,0.6,0.5
duot5,DuoT5,1074995,7154432,7852208,pairwise_ig,loo_pairwise,0.25555182402082194,83,0.0,0.0,0.2,0.3,0.45
duot5,DuoT5,1074995,7154432,7852208,pairwise_ig,loo_pointwise,0.0845472482263549,83,0.0,0.3333333333333333,0.4,0.3,0.25
duot5,DuoT5,1074995,7154432,7852208,pointwise_ig,loo_pairwise,-0.0062339952143067034,83,0.0,0.0,0.0,0.1,0.3
duot5,DuoT5,1074995,7154432,7852208,pointwise_ig,loo_pointwise,0.14438940430712396,83,0.0,0.3333333333333333,0.4,0.2,0.2
duot5,DuoT5,1074995,7154432,7852208,loo_pairwise,loo_pointwise,0.43818479492884427,83,1.0,0.6666666666666666,0.6,0.5,0.5
duot5,DuoT5,1079340,7150401,5403893,pairwise_ig,pointwise_ig,0.09273607257852212,114,1.0,0.3333333333333333,0.4,0.5,0.45
duot5,DuoT5,1079340,7150401,5403893,pairwise_ig,loo_pairwise,-0.08448998602701445,114,0.0,0.0,0.0,0.2,0.15
duot5,DuoT5,1079340,7150401,5403893,pairwise_ig,loo_pointwise,-0.1017192847451449,114,0.0,0.0,0.0,0.1,0.25
duot5,DuoT5,1079340,7150401,5403893,pointwise_ig,loo_pairwise,-0.12482128753974203,114,0.0,0.0,0.0,0.1,0.15
duot5,DuoT5,1079340,7150401,5403893,pointwise_ig,loo_pointwise,-0.021550798890261437,114,0.0,0.0,0.2,0.2,0.15
duot5,DuoT5,1079340,7150401,5403893,loo_pairwise,loo_pointwise,0.6243089447358297,114,1.0,0.3333333333333333,0.2,0.3,0.4
duot5,DuoT5,1082701,7143620,7143617,pairwise_ig,pointwise_ig,0.06191758494844632,168,0.0,0.0,0.0,0.2,0.25
duot5,DuoT5,1082701,7143620,7143617,pairwise_ig,loo_pairwise,0.19602553135487272,168,0.0,0.3333333333333333,0.2,0.5,0.4
duot5,DuoT5,1082701,7143620,7143617,pairwise_ig,loo_pointwise,0.1501739653664013,168,1.0,0.3333333333333333,0.2,0.2,0.25
duot5,DuoT5,1082701,7143620,7143617,pointwise_ig,loo_pairwise,-0.06110011591356595,168,0.0,0.0,0.0,0.1,0.1
duot5,DuoT5,1082701,7143620,7143617,pointwise_ig,loo_pointwise,0.11955935101018726,168,0.0,0.0,0.0,0.4,0.3
duot5,DuoT5,1082701,7143620,7143617,loo_pairwise,loo_pointwise,0.15140270056004757,168,0.0,0.6666666666666666,0.6,0.3,0.25
duot5,DuoT5,1083933,7132959,2449429,pairwise_ig,pointwise_ig,0.2306270627062706,100,0.0,0.0,0.4,0.3,0.4
duot5,DuoT5,1083933,7132959,2449429,pairwise_ig,loo_pairwise,0.3294569456945694,100,0.0,0.3333333333333333,0.2,0.2,0.35
duot5,DuoT5,1083933,7132959,2449429,pairwise_ig,loo_pointwise,0.28927692769276925,100,0.0,0.3333333333333333,0.2,0.2,0.4
duot5,DuoT5,1083933,7132959,2449429,pointwise_ig,loo_pairwise,0.23559555955595557,100,0.0,0.3333333333333333,0.2,0.1,0.3
duot5,DuoT5,1083933,7132959,2449429,pointwise_ig,loo_pointwise,0.1547074707470747,100,0.0,0.0,0.2,0.4,0.4
duot5,DuoT5,1083933,7132959,2449429,loo_pairwise,loo_pointwise,0.4989738973897389,100,1.0,0.3333333333333333,0.4,0.4,0.35
duot5,DuoT5,1086266,7111812,1909032,pairwise_ig,pointwise_ig,0.2784996185786317,157,0.0,0.6666666666666666,0.4,0.3,0.35
duot5,DuoT5,1086266,7111812,1909032,pairwise_ig,loo_pairwise,0.22168644062540702,157,1.0,0.6666666666666666,0.4,0.4,0.45
duot5,DuoT5,1086266,7111812,1909032,pairwise_ig,loo_pointwise,-0.07254138266796495,157,0.0,0.6666666666666666,0.4,0.3,0.15
duot5,DuoT5,1086266,7111812,1909032,pointwise_ig,loo_pairwise,-0.03939803645520004,157,0.0,0.3333333333333333,0.2,0.2,0.25
duot5,DuoT5,1086266,7111812,1909032,pointwise_ig,loo_pointwise,-0.1325330720235179,157,0.0,0.3333333333333333,0.2,0.3,0.25
duot5,DuoT5,1086266,7111812,1909032,loo_pairwise,loo_pointwise,-0.3222576423818059,157,0.0,0.6666666666666666,0.4,0.2,0.25
duot5,DuoT5,1087317,7102878,570232,pairwise_ig,pointwise_ig,-0.3612837824914408,98,0.0,0.0,0.0,0.0,0.0
duot5,DuoT5,1087317,7102878,570232,pairwise_ig,loo_pairwise,0.45236501348430647,98,1.0,0.3333333333333333,0.4,0.4,0.45
duot5,DuoT5,1087317,7102878,570232,pairwise_ig,loo_pointwise,0.15894905291076128,98,0.0,0.0,0.2,0.2,0.3
duot5,DuoT5,1087317,7102878,570232,pointwise_ig,loo_pairwise,-0.12337343559729419,98,0.0,0.0,0.2,0.2,0.2
duot5,DuoT5,1087317,7102878,570232,pointwise_ig,loo_pointwise,0.06052317834350234,98,0.0,0.3333333333333333,0.2,0.4,0.3
duot5,DuoT5,1087317,7102878,570232,loo_pairwise,loo_pointwise,0.3960305771793253,98,0.0,0.3333333333333333,0.8,0.7,0.5
duot5,DuoT5,1087484,7101742,6820602,pairwise_ig,pointwise_ig,0.061887508626639075,161,0.0,0.0,0.0,0.3,0.3
duot5,DuoT5,1087484,7101742,6820602,pairwise_ig,loo_pairwise,0.17438750862663907,161,0.0,0.0,0.4,0.6,0.45
duot5,DuoT5,1087484,7101742,6820602,pairwise_ig,loo_pointwise,-0.21627271681619512,161,0.0,0.0,0.2,0.2,0.1
duot5,DuoT5,1087484,7101742,6820602,pointwise_ig,loo_pairwise,-0.02251840349666437,161,0.0,0.0,0.0,0.1,0.25
duot5,DuoT5,1087484,7101742,6820602,pointwise_ig,loo_pointwise,-0.24745226593052683,161,0.0,0.0,0.0,0.2,0.1
duot5,DuoT5,1087484,7101742,6820602,loo_pairwise,loo_pointwise,-0.17857717966413622,161,0.0,0.0,0.0,0.1,0.15
duot5,DuoT5,1087870,7098048,4924338,pairwise_ig,pointwise_ig,-0.034270424061780234,121,0.0,0.0,0.0,0.2,0.2
duot5,DuoT5,1087870,7098048,4924338,pairwise_ig,loo_pairwise,0.3204308359300907,121,0.0,0.6666666666666666,0.4,0.3,0.3
duot5,DuoT5,1087870,7098048,4924338,pairwise_ig,loo_pointwise,0.11120444384229777,121,0.0,0.0,0.2,0.2,0.4
duot5,DuoT5,1087870,7098048,4924338,pointwise_ig,loo_pairwise,0.13175044031973984,121,0.0,0.0,0.0,0.0,0.25
duot5,DuoT5,1087870,7098048,4924338,pointwise_ig,loo_pointwise,-0.019590841349410647,121,0.0,0.0,0.2,0.1,0.4
duot5,DuoT5,1087870,7098048,4924338,loo_pairwise,loo_pointwise,0.10869123425010159,121,0.0,0.0,0.0,0.2,0.35
duot5,DuoT5,1087904,7097707,4748373,pairwise_ig,pointwise_ig,-0.004633204633204633,111,0.0,0.3333333333333333,0.2,0.5,0.4
duot5,DuoT5,1087904,7097707,4748373,pairwise_ig,loo_pairwise,0.24054054054054053,111,0.0,0.3333333333333333,0.4,0.5,0.65
duot5,DuoT5,1087904,7097707,4748373,pairwise_ig,loo_pointwise,0.1407248157248157,111,0.0,0.0,0.2,0.3,0.5
duot5,DuoT5,1087904,7097707,4748373,pointwise_ig,loo_pairwise,-0.039838539838539834,111,0.0,0.0,0.0,0.4,0.4
duot5,DuoT5,1087904,7097707,4748373,pointwise_ig,loo_pointwise,-0.19621797121797122,111,0.0,0.0,0.0,0.3,0.25
duot5,DuoT5,1087904,7097707,4748373,loo_pairwise,loo_pointwise,0.4215163215163215,111,0.0,0.3333333333333333,0.4,0.6,0.6
duot5,DuoT5,1091973,7870707,6531715,pairwise_ig,pointwise_ig,0.3282370364413708,153,1.0,0.3333333333333333,0.6,0.4,0.55
duot5,DuoT5,1091973,7870707,6531715,pairwise_ig,loo_pairwise,0.02647661935587632,153,0.0,0.0,0.0,0.2,0.2
duot5,DuoT5,1091973,7870707,6531715,pairwise_ig,loo_pointwise,-0.22701472933671074,153,0.0,0.0,0.0,0.1,0.15
duot5,DuoT5,1091973,7870707,6531715,pointwise_ig,loo_pairwise,-0.05442081138675565,153,0.0,0.0,0.0,0.1,0.15
duot5,DuoT5,1091973,7870707,6531715,pointwise_ig,loo_pointwise,-0.08112527307573747,153,0.0,0.0,0.0,0.1,0.15
duot5,DuoT5,1091973,7870707,6531715,loo_pairwise,loo_pointwise,0.004419471137737391,153,0.0,0.0,0.0,0.2,0.4
duot5,DuoT5,1092259,4262105,6165130,pairwise_ig,pointwise_ig,-0.3091898577612863,99,0.0,0.0,0.0,0.1,0.2
duot5,DuoT5,1092259,4262105,6165130,pairwise_ig,loo_pairwise,0.3407050092764378,99,1.0,0.3333333333333333,0.2,0.2,0.4
duot5,DuoT5,1092259,4262105,6165130,pairwise_ig,loo_pointwise,0.1523685837971552,99,0.0,0.0,0.0,0.1,0.3
duot5,DuoT5,1092259,4262105,6165130,pointwise_ig,loo_pairwise,-0.17385281385281384,99,0.0,0.0,0.0,0.1,0.1
duot5,DuoT5,1092259,4262105,6165130,pointwise_ig,loo_pointwise,0.09223252937538652,99,0.0,0.0,0.2,0.5,0.4
duot5,DuoT5,1092259,4262105,6165130,loo_pairwise,loo_pointwise,0.2109461966604824,99,0.0,0.0,0.2,0.3,0.4
duot5,DuoT5,1092930,7792755,4654454,pairwise_ig,pointwise_ig,0.4752077127891647,172,0.0,0.0,0.2,0.6,0.5
duot5,DuoT5,1092930,7792755,4654454,pairwise_ig,loo_pairwise,0.10493770385097034,172,0.0,0.0,0.4,0.4,0.4
duot5,DuoT5,1092930,7792755,4654454,pairwise_ig,loo_pointwise,0.110446904087123,172,0.0,0.0,0.4,0.5,0.35
duot5,DuoT5,1092930,7792755,4654454,pointwise_ig,loo_pairwise,0.037891812472436635,172,0.0,0.0,0.4,0.3,0.4
duot5,DuoT5,1092930,7792755,4654454,pointwise_ig,loo_pointwise,0.1489118213586676,172,0.0,0.0,0.2,0.3,0.25
duot5,DuoT5,1092930,7792755,4654454,loo_pairwise,loo_pointwise,0.36694375478680574,172,1.0,0.6666666666666666,0.6,0.5,0.35
duot5,DuoT5,1093757,7722912,6867848,pairwise_ig,pointwise_ig,0.2267687368810964,90,0.0,0.0,0.4,0.3,0.4
duot5,DuoT5,1093757,7722912,6867848,pairwise_ig,loo_pairwise,0.20984483681112892,90,1.0,0.3333333333333333,0.4,0.2,0.25
duot5,DuoT5,1093757,7722912,6867848,pairwise_ig,loo_pointwise,0.15586286372803226,90,0.0,0.0,0.0,0.2,0.4
duot5,DuoT5,1093757,7722912,6867848,pointwise_ig,loo_pairwise,0.10635880972959623,90,0.0,0.3333333333333333,0.2,0.2,0.2
duot5,DuoT5,1093757,7722912,6867848,pointwise_ig,loo_pointwise,0.06562950158455776,90,0.0,0.3333333333333333,0.4,0.2,0.35
duot5,DuoT5,1093757,7722912,6867848,loo_pairwise,loo_pointwise,0.3099065728279211,90,0.0,0.0,0.0,0.1,0.45
duot5,DuoT5,1096118,7532930,5092529,pairwise_ig,pointwise_ig,-0.15619913185024414,96,0.0,0.3333333333333333,0.2,0.1,0.2
duot5,DuoT5,1096118,7532930,5092529,pairwise_ig,loo_pairwise,0.3361231687466088,96,0.0,0.0,0.2,0.4,0.5
duot5,DuoT5,1096118,7532930,5092529,pairwise_ig,loo_pointwise,0.2998507867607162,96,0.0,0.3333333333333333,0.4,0.6,0.5
duot5,DuoT5,1096118,7532930,5092529,pointwise_ig,loo_pairwise,-0.029951166576234402,96,0.0,0.3333333333333333,0.2,0.2,0.3
duot5,DuoT5,1096118,7532930,5092529,pointwise_ig,loo_pointwise,-0.1835594139989148,96,0.0,0.0,0.2,0.2,0.2
duot5,DuoT5,1096118,7532930,5092529,loo_pairwise,loo_pointwise,0.5853092783505154,96,0.0,0.0,0.6,0.5,0.65
duot5,DuoT5,1096360,7510002,5338129,pairwise_ig,pointwise_ig,0.21631497482317444,107,0.0,0.0,0.4,0.4,0.5
duot5,DuoT5,1096360,7510002,5338129,pairwise_ig,loo_pairwise,0.1390309371265111,107,1.0,0.3333333333333333,0.2,0.3,0.25
duot5,DuoT5,1096360,7510002,5338129,pairwise_ig,loo_pointwise,0.2398166108270146,107,1.0,0.3333333333333333,0.4,0.3,0.4
duot5,DuoT5,1096360,7510002,5338129,pointwise_ig,loo_pairwise,-0.04636650404592567,107,0.0,0.0,0.0,0.1,0.15
duot5,DuoT5,1096360,7510002,5338129,pointwise_ig,loo_pointwise,-0.1030290562119164,107,0.0,0.0,0.2,0.2,0.25
duot5,DuoT5,1096360,7510002,5338129,loo_pairwise,loo_pointwise,0.447638080683399,107,1.0,0.3333333333333333,0.2,0.3,0.4
duot5,DuoT5,1096376,7508397,2694895,pairwise_ig,pointwise_ig,-0.13671903544026306,69,0.0,0.3333333333333333,0.2,0.3,0.25
duot5,DuoT5,1096376,7508397,2694895,pairwise_ig,loo_pairwise,0.23522104493971502,69,0.0,0.6666666666666666,0.6,0.5,0.4
duot5,DuoT5,1096376,7508397,2694895,pairwise_ig,loo_pointwise,-0.05721592985020096,69,0.0,0.3333333333333333,0.4,0.4,0.3
duot5,DuoT5,1096376,7508397,2694895,pointwise_ig,loo_pairwise,0.027219583485568143,69,0.0,0.3333333333333333,0.2,0.2,0.35
duot5,DuoT5,1096376,7508397,2694895,pointwise_ig,loo_pointwise,-0.09174278407014982,69,0.0,0.3333333333333333,0.2,0.2,0.25
duot5,DuoT5,1096376,7508397,2694895,loo_pairwise,loo_pointwise,0.27457069784435517,69,1.0,0.6666666666666666,0.4,0.3,0.5
duot5,DuoT5,1096543,7492255,6140011,pairwise_ig,pointwise_ig,0.26257120377655385,124,0.0,0.0,0.2,0.2,0.3
duot5,DuoT5,1096543,7492255,6140011,pairwise_ig,loo_pairwise,-0.0007867820613690007,124,1.0,0.3333333333333333,0.2,0.2,0.2
duot5,DuoT5,1096543,7492255,6140011,pairwise_ig,loo_pointwise,0.11424075531077892,124,1.0,0.3333333333333333,0.2,0.2,0.3
duot5,DuoT5,1096543,7492255,6140011,pointwise_ig,loo_pairwise,-0.005633359559402045,124,0.0,0.0,0.0,0.1,0.2
duot5,DuoT5,1096543,7492255,6140011,pointwise_ig,loo_pointwise,0.1651235247836349,124,0.0,0.0,0.2,0.4,0.25
duot5,DuoT5,1096543,7492255,6140011,loo_pairwise,loo_pointwise,0.6725098347757671,124,1.0,0.3333333333333333,0.2,0.4,0.5
duot5,DuoT5,1096739,7474064,1630632,pairwise_ig,pointwise_ig,0.5557692307692308,79,0.0,0.0,0.4,0.6,0.5
duot5,DuoT5,1096739,7474064,1630632,pairwise_ig,loo_pairwise,0.3879990262901656,79,1.0,0.6666666666666666,0.6,0.6,0.5
duot5,DuoT5,1096739,7474064,1630632,pairwise_ig,loo_pointwise,0.06523855890944498,79,0.0,0.3333333333333333,0.4,0.4,0.35
duot5,DuoT5,1096739,7474064,1630632,pointwise_ig,loo_pairwise,0.33563777994157745,79,0.0,0.0,0.4,0.5,0.35
duot5,DuoT5,1096739,7474064,1630632,pointwise_ig,loo_pointwise,0.03875365141187926,79,0.0,0.0,0.4,0.4,0.3
duot5,DuoT5,1096739,7474064,1630632,loo_pairwise,loo_pointwise,0.5243914313534568,79,0.0,0.3333333333333333,0.8,0.7,0.6
duot5,DuoT5,1097023,7447712,6331572,pairwise_ig,pointwise_ig,-0.22564656465646565,100,0.0,0.0,0.0,0.1,0.15
duot5,DuoT5,1097023,7447712,6331572,pairwise_ig,loo_pairwise,0.09924992499249924,100,0.0,0.6666666666666666,0.4,0.4,0.35
duot5,DuoT5,1097023,7447712,6331572,pairwise_ig,loo_pointwise,-0.07725172517251723,100,0.0,0.0,0.2,0.1,0.15
duot5,DuoT5,1097023,7447712,6331572,pointwise_ig,loo_pairwise,-0.15541554155415543,100,0.0,0.0,0.0,0.0,0.2
duot5,DuoT5,1097023,7447712,6331572,pointwise_ig,loo_pointwise,0.1385178517851785,100,0.0,0.0,0.0,0.3,0.3
duot5,DuoT5,1097023,7447712,6331572,loo_pairwise,loo_pointwise,-0.3354455445544554,100,0.0,0.0,0.2,0.1,0.15
duot5,DuoT5,1097999,7373194,6552194,pairwise_ig,pointwise_ig,0.1846585914700608,239,0.0,0.0,0.2,0.4,0.3
duot5,DuoT5,1097999,7373194,6552194,pairwise_ig,loo_pairwise,0.06718030308357652,239,0.0,0.3333333333333333,0.2,0.1,0.25
duot5,DuoT5,1097999,7373194,6552194,pairwise_ig,loo_pointwise,0.07411307619282022,239,0.0,0.0,0.0,0.2,0.3
duot5,DuoT5,1097999,7373194,6552194,pointwise_ig,loo_pairwise,-0.2290047818290496,239,0.0,0.0,0.0,0.1,0.05
duot5,DuoT5,1097999,7373194,6552194,pointwise_ig,loo_pointwise,-0.04029833690798495,239,0.0,0.0,0.0,0.1,0.15
duot5,DuoT5,1097999,7373194,6552194,loo_pairwise,loo_pointwise,0.48815794100066806,239,0.0,0.6666666666666666,0.4,0.3,0.45
duot5,DuoT5,1099451,7254297,4126787,pairwise_ig,pointwise_ig,-0.1477144187903387,113,0.0,0.0,0.2,0.2,0.3
duot5,DuoT5,1099451,7254297,4126787,pairwise_ig,loo_pairwise,0.04036363031472487,113,1.0,0.3333333333333333,0.4,0.3,0.6
duot5,DuoT5,1099451,7254297,4126787,pairwise_ig,loo_pointwise,-0.19861600904917162,113,1.0,0.3333333333333333,0.2,0.2,0.2
duot5,DuoT5,1099451,7254297,4126787,pointwise_ig,loo_pairwise,0.007568700512342806,113,0.0,0.0,0.0,0.2,0.2
duot5,DuoT5,1099451,7254297,4126787,pointwise_ig,loo_pointwise,0.11089393838578748,113,0.0,0.0,0.0,0.0,0.1
duot5,DuoT5,1099451,7254297,4126787,loo_pairwise,loo_pointwise,0.2743196486792202,113,1.0,0.3333333333333333,0.4,0.5,0.4
duot5,DuoT5,1100010,7201930,1271257,pairwise_ig,pointwise_ig,0.4976169809831926,115,0.0,0.3333333333333333,0.2,0.4,0.55
duot5,DuoT5,1100010,7201930,1271257,pairwise_ig,loo_pairwise,0.06475972540045767,115,0.0,0.3333333333333333,0.2,0.1,0.4
duot5,DuoT5,1100010,7201930,1271257,pairwise_ig,loo_pointwise,-0.33601357216128785,115,0.0,0.0,0.0,0.1,0.1
duot5,DuoT5,1100010,7201930,1271257,pointwise_ig,loo_pairwise,0.16251084983823877,115,0.0,0.0,0.2,0.1,0.35
duot5,DuoT5,1100010,7201930,1271257,pointwise_ig,loo_pointwise,-0.2520397695888898,115,0.0,0.0,0.0,0.2,0.25
duot5,DuoT5,1100010,7201930,1271257,loo_pairwise,loo_pointwise,0.22889607827665115,115,0.0,0.3333333333333333,0.2,0.4,0.4
duot5,DuoT5,1101721,7636772,2394130,pairwise_ig,pointwise_ig,-0.032028782028782024,111,0.0,0.3333333333333333,0.2,0.2,0.15
duot5,DuoT5,1101721,7636772,2394130,pairwise_ig,loo_pairwise,0.0799052299052299,111,0.0,0.0,0.2,0.4,0.4
duot5,DuoT5,1101721,7636772,2394130,pairwise_ig,loo_pointwise,0.2542558792558792,111,0.0,0.3333333333333333,0.2,0.5,0.45
duot5,DuoT5,1101721,7636772,2394130,pointwise_ig,loo_pairwise,-0.02793962793962794,111,0.0,0.0,0.0,0.2,0.1
duot5,DuoT5,1101721,7636772,2394130,pointwise_ig,loo_pointwise,0.036074061074061074,111,1.0,0.3333333333333333,0.2,0.2,0.2
duot5,DuoT5,1101721,7636772,2394130,loo_pairwise,loo_pointwise,0.44956124956124954,111,0.0,0.6666666666666666,0.6,0.7,0.65
duot5,DuoT5,1101871,7497322,4670673,pairwise_ig,pointwise_ig,0.2852890553811886,84,0.0,0.3333333333333333,0.2,0.5,0.55
duot5,DuoT5,1101871,7497322,4670673,pairwise_ig,loo_pairwise,0.05145287030474841,84,0.0,0.3333333333333333,0.4,0.4,0.35
duot5,DuoT5,1101871,7497322,4670673,pairwise_ig,loo_pointwise,0.12868279842057306,84,0.0,0.3333333333333333,0.2,0.3,0.25
duot5,DuoT5,1101871,7497322,4670673,pointwise_ig,loo_pairwise,-0.1561000303735952,84,0.0,0.3333333333333333,0.2,0.2,0.3
duot5,DuoT5,1101871,7497322,4670673,pointwise_ig,loo_pointwise,-0.039607168168472213,84,0.0,0.6666666666666666,0.4,0.2,0.2
duot5,DuoT5,1101871,7497322,4670673,loo_pairwise,loo_pointwise,0.46107117545813514,84,0.0,0.3333333333333333,0.2,0.6,0.55
duot5,DuoT5,133977,7993331,6306512,pairwise_ig,pointwise_ig,0.12497163306275641,134,0.0,0.6666666666666666,0.6,0.4,0.5
duot5,DuoT5,133977,7993331,6306512,pairwise_ig,loo_pairwise,0.2137807204578611,134,0.0,0.3333333333333333,0.4,0.3,0.35
duot5,DuoT5,133977,7993331,6306512,pairwise_ig,loo_pointwise,0.0783176847591616,134,0.0,0.0,0.4,0.3,0.3
duot5,DuoT5,133977,7993331,6306512,pointwise_ig,loo_pairwise,0.026322023965386104,134,0.0,0.0,0.2,0.3,0.3
duot5,DuoT5,133977,7993331,6306512,pointwise_ig,loo_pointwise,0.01842666367411065,134,0.0,0.0,0.4,0.4,0.35
duot5,DuoT5,133977,7993331,6306512,loo_pairwise,loo_pointwise,0.3909649746256188,134,0.0,0.6666666666666666,0.6,0.6,0.6
duot5,DuoT5,134239,7786934,6743982,pairwise_ig,pointwise_ig,-0.41830550401978966,99,0.0,0.0,0.0,0.0,0.05
duot5,DuoT5,134239,7786934,6743982,pairwise_ig,loo_pairwise,0.3348423005565863,99,0.0,0.3333333333333333,0.2,0.5,0.45
duot5,DuoT5,134239,7786934,6743982,pairwise_ig,loo_pointwise,0.182152133580705,99,0.0,0.3333333333333333,0.2,0.1,0.3
duot5,DuoT5,134239,7786934,6743982,pointwise_ig,loo_pairwise,0.018824984539270253,99,0.0,0.0,0.0,0.2,0.3
duot5,DuoT5,134239,7786934,6743982,pointwise_ig,loo_pointwise,0.012529375386518243,99,0.0,0.0,0.0,0.4,0.45
duot5,DuoT5,134239,7786934,6743982,loo_pairwise,loo_pointwise,0.5021273964131107,99,0.0,0.3333333333333333,0.8,0.4,0.6
duot5,DuoT5,153794,7348274,3401219,pairwise_ig,pointwise_ig,-0.10161436604389626,149,0.0,0.3333333333333333,0.2,0.2,0.2
duot5,DuoT5,153794,7348274,3401219,pairwise_ig,loo_pairwise,0.2676800290223109,149,0.0,0.0,0.0,0.3,0.3
duot5,DuoT5,153794,7348274,3401219,pairwise_ig,loo_pointwise,0.1456339561037548,149,0.0,0.3333333333333333,0.4,0.4,0.4
duot5,DuoT5,153794,7348274,3401219,pointwise_ig,loo_pairwise,-0.0768655904226374,149,0.0,0.0,0.0,0.0,0.1
duot5,DuoT5,153794,7348274,3401219,pointwise_ig,loo_pointwise,-0.10543442771630693,149,0.0,0.0,0.0,0.0,0.15
duot5,DuoT5,153794,7348274,3401219,loo_pairwise,loo_pointwise,0.4170397242880464,149,0.0,0.0,0.2,0.3,0.45
duot5,DuoT5,170982,7668448,6762027,pairwise_ig,pointwise_ig,0.11159230484260614,132,0.0,0.0,0.0,0.1,0.1
duot5,DuoT5,170982,7668448,6762027,pairwise_ig,loo_pairwise,0.3092777050189665,132,0.0,0.0,0.4,0.3,0.2
duot5,DuoT5,170982,7668448,6762027,pairwise_ig,loo_pointwise,0.10538838421522229,132,0.0,0.0,0.2,0.3,0.2
duot5,DuoT5,170982,7668448,6762027,pointwise_ig,loo_pairwise,0.19261895196005277,132,0.0,0.0,0.0,0.2,0.35
duot5,DuoT5,170982,7668448,6762027,pointwise_ig,loo_pointwise,0.042159527896771756,132,0.0,0.3333333333333333,0.4,0.3,0.2
duot5,DuoT5,170982,7668448,6762027,loo_pairwise,loo_pointwise,0.429087987143431,132,1.0,0.3333333333333333,0.4,0.4,0.4
duot5,DuoT5,185879,4846315,4968787,pairwise_ig,pointwise_ig,0.06725472547254724,100,0.0,0.0,0.2,0.3,0.4
duot5,DuoT5,185879,4846315,4968787,pairwise_ig,loo_pairwise,0.041872187218721865,100,0.0,0.3333333333333333,0.2,0.4,0.4
duot5,DuoT5,185879,4846315,4968787,pairwise_ig,loo_pointwise,-0.08930093009300928,100,0.0,0.3333333333333333,0.2,0.3,0.35
duot5,DuoT5,185879,4846315,4968787,pointwise_ig,loo_pairwise,-0.03041104110411041,100,0.0,0.0,0.0,0.2,0.3
duot5,DuoT5,185879,4846315,4968787,pointwise_ig,loo_pointwise,-0.09254125412541253,100,0.0,0.0,0.0,0.1,0.2
duot5,DuoT5,185879,4846315,4968787,loo_pairwise,loo_pointwise,0.15996399639963996,100,1.0,0.3333333333333333,0.2,0.3,0.3
duot5,DuoT5,187186,7390692,2643304,pairwise_ig,pointwise_ig,-0.36747331969785957,114,0.0,0.0,0.0,0.0,0.1
duot5,DuoT5,187186,7390692,2643304,pairwise_ig,loo_pairwise,0.5014843765820862,114,0.0,0.3333333333333333,0.2,0.4,0.4
duot5,DuoT5,187186,7390692,2643304,pairwise_ig,loo_pointwise,-0.21200461716044636,114,0.0,0.0,0.0,0.0,0.05
duot5,DuoT5,187186,7390692,2643304,pointwise_ig,loo_pairwise,-0.2677588546201981,114,0.0,0.0,0.0,0.0,0.2
duot5,DuoT5,187186,7390692,2643304,pointwise_ig,loo_pointwise,0.14395415240679615,114,0.0,0.0,0.4,0.4,0.5
duot5,DuoT5,187186,7390692,2643304,loo_pairwise,loo_pointwise,-0.3499362102833074,114,0.0,0.0,0.0,0.0,0.1
duot5,DuoT5,196250,8001619,1544290,pairwise_ig,pointwise_ig,-0.2136276197225878,84,0.0,0.0,0.0,0.2,0.2
duot5,DuoT5,196250,8001619,1544290,pairwise_ig,loo_pairwise,-0.01059026020046573,84,0.0,0.0,0.0,0.3,0.3
duot5,DuoT5,196250,8001619,1544290,pairwise_ig,loo_pointwise,0.0329452262832844,84,0.0,0.0,0.2,0.5,0.5
duot5,DuoT5,196250,8001619,1544290,pointwise_ig,loo_pairwise,0.07727042624278628,84,0.0,0.6666666666666666,0.4,0.2,0.4
duot5,DuoT5,196250,8001619,1544290,pointwise_ig,loo_pointwise,-0.04867874860787689,84,0.0,0.0,0.0,0.2,0.25
duot5,DuoT5,196250,8001619,1544290,loo_pairwise,loo_pointwise,0.36494887111471097,84,1.0,0.3333333333333333,0.4,0.6,0.6
duot5,DuoT5,200062,7881863,707429,pairwise_ig,pointwise_ig,0.16832951788704,112,1.0,0.3333333333333333,0.4,0.2,0.4
duot5,DuoT5,200062,7881863,707429,pairwise_ig,loo_pairwise,0.3340964225919978,112,0.0,0.0,0.0,0.3,0.45
duot5,DuoT5,200062,7881863,707429,pairwise_ig,loo_pointwise,0.16948269381897701,112,0.0,0.0,0.4,0.4,0.4
duot5,DuoT5,200062,7881863,707429,pointwise_ig,loo_pairwise,-0.016024874431954078,112,0.0,0.0,0.0,0.0,0.15
duot5,DuoT5,200062,7881863,707429,pointwise_ig,loo_pointwise,-0.06655106433867497,112,0.0,0.0,0.2,0.1,0.25
duot5,DuoT5,200062,7881863,707429,loo_pairwise,loo_pointwise,0.2203078552636075,112,0.0,0.0,0.2,0.4,0.3
duot5,DuoT5,23285,7373976,1774978,pairwise_ig,pointwise_ig,0.43982527664531157,101,0.0,0.3333333333333333,0.4,0.6,0.55
duot5,DuoT5,23285,7373976,1774978,pairwise_ig,loo_pairwise,0.2872684915550378,101,0.0,0.3333333333333333,0.4,0.4,0.45
duot5,DuoT5,23285,7373976,1774978,pairwise_ig,loo_pointwise,0.19700640652300522,101,0.0,0.0,0.2,0.3,0.45
duot5,DuoT5,23285,7373976,1774978,pointwise_ig,loo_pairwise,-0.019138031450203843,101,0.0,0.3333333333333333,0.2,0.4,0.25
duot5,DuoT5,23285,7373976,1774978,pointwise_ig,loo_pointwise,0.27019219569015723,101,0.0,0.0,0.2,0.3,0.55
duot5,DuoT5,23285,7373976,1774978,loo_pairwise,loo_pointwise,0.36139778683750723,101,0.0,0.0,0.6,0.4,0.4
duot5,DuoT5,244011,1308535,6292537,pairwise_ig,pointwise_ig,-0.05517534899557372,89,0.0,0.0,0.0,0.1,0.3
duot5,DuoT5,244011,1308535,6292537,pairwise_ig,loo_pairwise,0.29559073884916587,89,0.0,0.0,0.2,0.4,0.6
duot5,DuoT5,244011,1308535,6292537,pairwise_ig,loo_pointwise,0.03161389172625128,89,0.0,0.0,0.2,0.2,0.3
duot5,DuoT5,244011,1308535,6292537,pointwise_ig,loo_pairwise,-0.014283282260810354,89,0.0,0.0,0.0,0.2,0.35
duot5,DuoT5,244011,1308535,6292537,pointwise_ig,loo_pointwise,-0.004988083077970719,89,0.0,0.0,0.2,0.1,0.35
duot5,DuoT5,244011,1308535,6292537,loo_pairwise,loo_pointwise,-0.2231188287368063,89,0.0,0.0,0.2,0.2,0.25
duot5,DuoT5,275355,7451398,4199929,pairwise_ig,pointwise_ig,-0.21722700750208399,60,0.0,0.6666666666666666,0.4,0.4,0.35
duot5,DuoT5,275355,7451398,4199929,pairwise_ig,loo_pairwise,-0.06201722700750209,60,0.0,0.0,0.2,0.5,0.35
duot5,DuoT5,275355,7451398,4199929,pairwise_ig,loo_pointwise,0.18155043067518759,60,0.0,0.3333333333333333,0.4,0.5,0.4
duot5,DuoT5,275355,7451398,4199929,pointwise_ig,loo_pairwise,0.2738538482911921,60,0.0,0.0,0.0,0.3,0.6
duot5,DuoT5,275355,7451398,4199929,pointwise_ig,loo_pointwise,0.16621283689913868,60,1.0,0.6666666666666666,0.6,0.4,0.6
duot5,DuoT5,275355,7451398,4199929,loo_pairwise,loo_pointwise,0.11958877465962771,60,0.0,0.0,0.0,0.5,0.4
duot5,DuoT5,276208,3551563,6429186,pairwise_ig,pointwise_ig,0.02402169701666021,88,0.0,0.3333333333333333,0.4,0.4,0.3
duot5,DuoT5,276208,3551563,6429186,pairwise_ig,loo_pairwise,0.14552146807086755,88,0.0,0.3333333333333333,0.6,0.4,0.3
duot5,DuoT5,276208,3551563,6429186,pairwise_ig,loo_pointwise,0.32751576203726535,88,0.0,0.3333333333333333,0.4,0.2,0.35
duot5,DuoT5,276208,3551563,6429186,pointwise_ig,loo_pairwise,0.2073192208798563,88,0.0,0.3333333333333333,0.2,0.2,0.4
duot5,DuoT5,276208,3551563,6429186,pointwise_ig,loo_pointwise,0.23755767672854075,88,0.0,0.6666666666666666,0.6,0.4,0.5
duot5,DuoT5,276208,3551563,6429186,loo_pairwise,loo_pointwise,0.4772286992356734,88,1.0,0.6666666666666666,0.4,0.4,0.65
duot5,DuoT5,276338,7316160,7341352,pairwise_ig,pointwise_ig,-0.02550654320565825,112,0.0,0.0,0.0,0.1,0.25
duot5,DuoT5,276338,7316160,7341352,pairwise_ig,loo_pairwise,0.29491406703796086,112,1.0,0.6666666666666666,0.4,0.4,0.5
duot5,DuoT5,276338,7316160,7341352,pairwise_ig,loo_pointwise,0.03230601018211638,112,0.0,0.3333333333333333,0.2,0.4,0.3
duot5,DuoT5,276338,7316160,7341352,pointwise_ig,loo_pairwise,0.16753510780059452,112,0.0,0.0,0.0,0.1,0.3
duot5,DuoT5,276338,7316160,7341352,pointwise_ig,loo_pointwise,-0.00695322376738306,112,0.0,0.3333333333333333,0.2,0.3,0.2
duot5,DuoT5,276338,7316160,7341352,loo_pairwise,loo_pointwise,-0.3536662452591657,112,0.0,0.0,0.0,0.1,0.15
duot5,DuoT5,277556,3655235,1078076,pairwise_ig,pointwise_ig,0.16406929328179076,146,0.0,0.0,0.2,0.4,0.4
duot5,DuoT5,277556,3655235,1078076,pairwise_ig,loo_pairwise,0.04838383156758216,146,0.0,0.3333333333333333,0.2,0.2,0.35
duot5,DuoT5,277556,3655235,1078076,pairwise_ig,loo_pointwise,-0.015599664523343586,146,0.0,0.3333333333333333,0.2,0.2,0.35
duot5,DuoT5,277556,3655235,1078076,pointwise_ig,loo_pairwise,-0.14719905912294065,146,0.0,0.0,0.0,0.2,0.15
duot5,DuoT5,277556,3655235,1078076,pointwise_ig,loo_pointwise,-0.18209634349724774,146,0.0,0.0,0.2,0.2,0.3
duot5,DuoT5,277556,3655235,1078076,loo_pairwise,loo_pointwise,0.633192908717573,146,1.0,0.6666666666666666,0.4,0.5,0.6
duot5,DuoT5,278542,7602289,4764850,pairwise_ig,pointwise_ig,0.0019969278033794163,125,0.0,0.0,0.0,0.2,0.25
duot5,DuoT5,278542,7602289,4764850,pairwise_ig,loo_pairwise,0.3101505376344086,125,0.0,0.3333333333333333,0.4,0.4,0.45
duot5,DuoT5,278542,7602289,4764850,pairwise_ig,loo_pointwise,0.16662365591397846,125,0.0,0.0,0.0,0.1,0.25
duot5,DuoT5,278542,7602289,4764850,pointwise_ig,loo_pairwise,0.17247311827956988,125,0.0,0.0,0.0,0.2,0.35
duot5,DuoT5,278542,7602289,4764850,pointwise_ig,loo_pointwise,0.035311827956989235,125,0.0,0.0,0.0,0.1,0.3
duot5,DuoT5,278542,7602289,4764850,loo_pairwise,loo_pointwise,0.4312872503840245,125,1.0,0.3333333333333333,0.4,0.5,0.6
duot5,DuoT5,29612,7725919,466404,pairwise_ig,pointwise_ig,0.39308803575704376,67,0.0,0.0,0.2,0.5,0.45
duot5,DuoT5,29612,7725919,466404,pairwise_ig,loo_pairwise,0.1557985473701014,67,1.0,0.3333333333333333,0.2,0.4,0.5
duot5,DuoT5,29612,7725919,466404,pairwise_ig,loo_pointwise,-0.05826482560459734,67,1.0,0.3333333333333333,0.2,0.1,0.45
duot5,DuoT5,29612,7725919,466404,pointwise_ig,loo_pairwise,-0.20907494612499003,67,0.0,0.0,0.2,0.2,0.3
duot5,DuoT5,29612,7725919,466404,pointwise_ig,loo_pointwise,-0.16046771490142872,67,0.0,0.0,0.0,0.1,0.35
duot5,DuoT5,29612,7725919,466404,loo_pairwise,loo_pointwise,0.26083486311756726,67,1.0,0.6666666666666666,0.4,0.3,0.5
duot5,DuoT5,307521,7320544,1625478,pairwise_ig,pointwise_ig,-0.031294147865918914,141,0.0,0.0,0.0,0.1,0.2
duot5,DuoT5,307521,7320544,1625478,pairwise_ig,loo_pairwise,0.17796994734363625,141,0.0,0.0,0.2,0.3,0.35
duot5,DuoT5,307521,7320544,1625478,pairwise_ig,loo_pointwise,0.03468042296331178,141,0.0,0.0,0.2,0.2,0.25
duot5,DuoT5,307521,7320544,1625478,pointwise_ig,loo_pairwise,0.013677811550151974,141,0.0,0.0,0.2,0.3,0.2
duot5,DuoT5,307521,7320544,1625478,pointwise_ig,loo_pointwise,0.06442912795924483,141,0.0,0.0,0.0,0.2,0.35
duot5,DuoT5,307521,7320544,1625478,loo_pairwise,loo_pointwise,0.4848709276938225,141,0.0,0.3333333333333333,0.4,0.6,0.55
duot5,DuoT5,319564,7073381,424015,pairwise_ig,pointwise_ig,0.04528275475923853,95,0.0,0.3333333333333333,0.2,0.1,0.2
duot5,DuoT5,319564,7073381,424015,pairwise_ig,loo_pairwise,0.35000000000000003,95,0.0,0.0,0.0,0.5,0.45
duot5,DuoT5,319564,7073381,424015,pairwise_ig,loo_pointwise,0.19855823068309073,95,0.0,0.0,0.0,0.1,0.4
duot5,DuoT5,319564,7073381,424015,pointwise_ig,loo_pairwise,0.04382698768197089,95,0.0,0.0,0.0,0.2,0.4
duot5,DuoT5,319564,7073381,424015,pointwise_ig,loo_pointwise,0.23185890257558792,95,0.0,0.3333333333333333,0.2,0.3,0.4
duot5,DuoT5,319564,7073381,424015,loo_pairwise,loo_pointwise,0.5122200447928331,95,0.0,0.0,0.2,0.4,0.55
duot5,DuoT5,339981,7691162,8356620,pairwise_ig,pointwise_ig,0.3512923896608828,171,1.0,0.3333333333333333,0.6,0.6,0.4
duot5,DuoT5,339981,7691162,8356620,pairwise_ig,loo_pairwise,-0.11608467132262941,171,0.0,0.0,0.2,0.2,0.2
duot5,DuoT5,339981,7691162,8356620,pairwise_ig,loo_pointwise,-0.10742314061487511,171,0.0,0.3333333333333333,0.2,0.2,0.3
duot5,DuoT5,339981,7691162,8356620,pointwise_ig,loo_pairwise,-0.14045647634818922,171,0.0,0.0,0.0,0.1,0.1
duot5,DuoT5,339981,7691162,8356620,pointwise_ig,loo_pointwise,-0.015379076967384263,171,0.0,0.3333333333333333,0.2,0.1,0.15
duot5,DuoT5,339981,7691162,8356620,loo_pairwise,loo_pointwise,0.6497060023519812,171,1.0,0.3333333333333333,0.2,0.3,0.5
duot5,DuoT5,392393,1824038,5139932,pairwise_ig,pointwise_ig,0.10595405532114394,80,0.0,0.0,0.2,0.3,0.35
duot5,DuoT5,392393,1824038,5139932,pairwise_ig,loo_pairwise,0.2616268166901079,80,1.0,0.3333333333333333,0.6,0.6,0.45
duot5,DuoT5,392393,1824038,5139932,pairwise_ig,loo_pointwise,0.043600562587904367,80,0.0,0.0,0.2,0.3,0.35
duot5,DuoT5,392393,1824038,5139932,pointwise_ig,loo_pairwise,-0.03762306610407877,80,0.0,0.0,0.0,0.1,0.15
duot5,DuoT5,392393,1824038,5139932,pointwise_ig,loo_pointwise,0.06380684481950306,80,0.0,0.0,0.2,0.4,0.4
duot5,DuoT5,392393,1824038,5139932,loo_pairwise,loo_pointwise,0.42224566338490394,80,0.0,0.0,0.0,0.2,0.55
duot5,DuoT5,400692,7430503,5405057,pairwise_ig,pointwise_ig,-0.33111358808006325,108,0.0,0.3333333333333333,0.4,0.3,0.15
duot5,DuoT5,400692,7430503,5405057,pairwise_ig,loo_pairwise,0.15420084407480444,108,0.0,0.3333333333333333,0.4,0.4,0.55
duot5,DuoT5,400692,7430503,5405057,pairwise_ig,loo_pointwise,0.15414368325283184,108,0.0,0.6666666666666666,0.4,0.3,0.45
duot5,DuoT5,400692,7430503,5405057,pointwise_ig,loo_pairwise,-0.29510227023731267,108,0.0,0.0,0.0,0.2,0.15
duot5,DuoT5,400692,7430503,5405057,pointwise_ig,loo_pointwise,-0.13522345117989462,108,1.0,0.3333333333333333,0.2,0.3,0.2
duot5,DuoT5,400692,7430503,5405057,loo_pairwise,loo_pointwise,0.5085026722684272,108,0.0,0.3333333333333333,0.6,0.6,0.55
duot5,DuoT5,404202,7584372,6907196,pairwise_ig,pointwise_ig,-0.12931947794333115,110,0.0,0.0,0.0,0.0,0.1
duot5,DuoT5,404202,7584372,6907196,pairwise_ig,loo_pairwise,0.09814935869981742,110,0.0,0.0,0.4,0.3,0.3
duot5,DuoT5,404202,7584372,6907196,pairwise_ig,loo_pointwise,0.19975655388499428,110,0.0,0.0,0.4,0.4,0.35
duot5,DuoT5,404202,7584372,6907196,pointwise_ig,loo_pairwise,0.02087775849243739,110,0.0,0.0,0.2,0.1,0.2
duot5,DuoT5,404202,7584372,6907196,pointwise_ig,loo_pointwise,-0.049712598336451544,110,0.0,0.0,0.0,0.1,0.15
duot5,DuoT5,404202,7584372,6907196,loo_pairwise,loo_pointwise,0.3821067105470775,110,0.0,0.6666666666666666,0.6,0.6,0.5
duot5,DuoT5,407131,7408112,5697632,pairwise_ig,pointwise_ig,0.30229711378459534,98,0.0,0.0,0.2,0.2,0.5
duot5,DuoT5,407131,7408112,5697632,pairwise_ig,loo_pairwise,0.02001287862848982,98,0.0,0.0,0.0,0.2,0.35
duot5,DuoT5,407131,7408112,5697632,pairwise_ig,loo_pointwise,-0.10665672079515966,98,0.0,0.0,0.2,0.2,0.3
duot5,DuoT5,407131,7408112,5697632,pointwise_ig,loo_pairwise,-0.1937851054198624,98,0.0,0.3333333333333333,0.2,0.1,0.15
duot5,DuoT5,407131,7408112,5697632,pointwise_ig,loo_pointwise,-0.14650396240970615,98,0.0,0.0,0.2,0.2,0.2
duot5,DuoT5,407131,7408112,5697632,loo_pairwise,loo_pointwise,0.4171464274557057,98,0.0,0.0,0.2,0.4,0.6
duot5,DuoT5,408427,7570419,5995438,pairwise_ig,pointwise_ig,-0.27996791500105195,97,0.0,0.0,0.0,0.2,0.3
duot5,DuoT5,408427,7570419,5995438,pairwise_ig,loo_pairwise,0.18728364744620268,97,0.0,0.3333333333333333,0.2,0.5,0.5
duot5,DuoT5,408427,7570419,5995438,pairwise_ig,loo_pointwise,0.03998790237744582,97,0.0,0.3333333333333333,0.4,0.5,0.45
duot5,DuoT5,408427,7570419,5995438,pointwise_ig,loo_pairwise,-0.0663661975538694,97,0.0,0.0,0.0,0.1,0.2
duot5,DuoT5,408427,7570419,5995438,pointwise_ig,loo_pointwise,-0.051033557752998095,97,0.0,0.0,0.0,0.0,0.15
duot5,DuoT5,408427,7570419,5995438,loo_pairwise,loo_pointwise,0.4944261993313829,97,1.0,0.6666666666666666,0.6,0.7,0.6
duot5,DuoT5,420673,3222326,1704945,pairwise_ig,pointwise_ig,-0.17207589503463078,135,0.0,0.3333333333333333,0.2,0.3,0.2
duot5,DuoT5,420673,3222326,1704945,pairwise_ig,loo_pairwise,0.08772314896107697,135,0.0,0.3333333333333333,0.4,0.5,0.35
duot5,DuoT5,420673,3222326,1704945,pairwise_ig,loo_pointwise,0.2532143205540923,135,0.0,0.3333333333333333,0.4,0.5,0.35
duot5,DuoT5,420673,3222326,1704945,pointwise_ig,loo_pairwise,-0.1892059311286704,135,0.0,0.0,0.0,0.1,0.1
duot5,DuoT5,420673,3222326,1704945,pointwise_ig,loo_pointwise,-0.23229441030143402,135,0.0,0.0,0.2,0.3,0.2
duot5,DuoT5,420673,3222326,1704945,loo_pairwise,loo_pointwise,0.5728319188371868,135,1.0,1.0,0.6,0.6,0.65
duot5,DuoT5,422955,7576731,7703181,pairwise_ig,pointwise_ig,0.157155101416414,142,0.0,0.0,0.4,0.5,0.45
duot5,DuoT5,422955,7576731,7703181,pairwise_ig,loo_pairwise,0.17697106609303193,142,0.0,0.3333333333333333,0.2,0.2,0.3
duot5,DuoT5,422955,7576731,7703181,pairwise_ig,loo_pointwise,0.20472096078928564,142,0.0,0.3333333333333333,0.4,0.3,0.45
duot5,DuoT5,422955,7576731,7703181,pointwise_ig,loo_pairwise,-0.08322244132852465,142,0.0,0.0,0.2,0.2,0.3
duot5,DuoT5,422955,7576731,7703181,pointwise_ig,loo_pointwise,0.015920249962803158,142,0.0,0.3333333333333333,0.4,0.3,0.45
duot5,DuoT5,422955,7576731,7703181,loo_pairwise,loo_pointwise,0.6193767275577285,142,1.0,0.6666666666666666,0.4,0.4,0.6
duot5,DuoT5,423608,7443091,500775,pairwise_ig,pointwise_ig,0.272498326934592,88,0.0,0.3333333333333333,0.4,0.5,0.4
duot5,DuoT5,423608,7443091,500775,pairwise_ig,loo_pairwise,0.07775351343735692,88,0.0,0.3333333333333333,0.4,0.3,0.35
duot5,DuoT5,423608,7443091,500775,pairwise_ig,loo_pointwise,-0.025571483920960873,88,0.0,0.0,0.4,0.4,0.25
duot5,DuoT5,423608,7443091,500775,pointwise_ig,loo_pairwise,-0.023000246557007505,88,0.0,0.0,0.0,0.2,0.25
duot5,DuoT5,423608,7443091,500775,pointwise_ig,loo_pointwise,0.03999506885984996,88,0.0,0.3333333333333333,0.2,0.3,0.35
duot5,DuoT5,423608,7443091,500775,loo_pairwise,loo_pointwise,0.5914198161389174,88,0.0,0.3333333333333333,0.8,0.6,0.55
duot5,DuoT5,440802,7576706,4854755,pairwise_ig,pointwise_ig,0.3391304347826087,70,0.0,0.0,0.2,0.2,0.3
duot5,DuoT5,440802,7576706,4854755,pairwise_ig,loo_pairwise,0.23611232613069724,70,0.0,0.6666666666666666,0.6,0.3,0.45
duot5,DuoT5,440802,7576706,4854755,pairwise_ig,loo_pointwise,-0.15524451054150992,70,0.0,0.0,0.0,0.3,0.15
duot5,DuoT5,440802,7576706,4854755,pointwise_ig,loo_pairwise,0.3260082232525588,70,0.0,0.0,0.2,0.4,0.4
duot5,DuoT5,440802,7576706,4854755,pointwise_ig,loo_pointwise,-0.08805878750765463,70,0.0,0.0,0.2,0.2,0.35
duot5,DuoT5,440802,7576706,4854755,loo_pairwise,loo_pointwise,0.29217041378707026,70,0.0,0.0,0.0,0.2,0.4
duot5,DuoT5,45924,5167800,2622356,pairwise_ig,pointwise_ig,0.2756497948016416,85,1.0,0.3333333333333333,0.4,0.4,0.5
duot5,DuoT5,45924,5167800,2622356,pairwise_ig,loo_pairwise,0.3558139534883721,85,0.0,0.3333333333333333,0.2,0.2,0.5
duot5,DuoT5,45924,5167800,2622356,pairwise_ig,loo_pointwise,0.14273988665233536,85,0.0,0.0,0.0,0.1,0.3
duot5,DuoT5,45924,5167800,2622356,pointwise_ig,loo_pairwise,0.12171194059018957,85,0.0,0.0,0.0,0.1,0.4
duot5,DuoT5,45924,5167800,2622356,pointwise_ig,loo_pointwise,0.12206370920461207,85,0.0,0.0,0.0,0.2,0.25
duot5,DuoT5,45924,5167800,2622356,loo_pairwise,loo_pointwise,0.49837795583349614,85,1.0,0.3333333333333333,0.2,0.2,0.35
duot5,DuoT5,489257,7694872,5806505,pairwise_ig,pointwise_ig,-0.03316924519456166,80,0.0,0.0,0.2,0.2,0.25
duot5,DuoT5,489257,7694872,5806505,pairwise_ig,loo_pairwise,0.2325363338021566,80,0.0,0.3333333333333333,0.2,0.4,0.55
duot5,DuoT5,489257,7694872,5806505,pairwise_ig,loo_pointwise,-0.04939052977027661,80,0.0,0.0,0.0,0.2,0.25
duot5,DuoT5,489257,7694872,5806505,pointwise_ig,loo_pairwise,0.09149085794655416,80,0.0,0.3333333333333333,0.2,0.2,0.25
duot5,DuoT5,489257,7694872,5806505,pointwise_ig,loo_pointwise,0.19022503516174405,80,0.0,0.3333333333333333,0.4,0.3,0.35
duot5,DuoT5,489257,7694872,5806505,loo_pairwise,loo_pointwise,0.6628223159868729,80,0.0,0.3333333333333333,0.6,0.6,0.55
duot5,DuoT5,505152,7572869,4733222,pairwise_ig,pointwise_ig,0.14069889341875363,101,1.0,0.3333333333333333,0.2,0.2,0.2
duot5,DuoT5,505152,7572869,4733222,pairwise_ig,loo_pairwise,-0.009120559114735001,101,1.0,0.6666666666666666,0.4,0.3,0.25
duot5,DuoT5,505152,7572869,4733222,pairwise_ig,loo_pointwise,0.023133372160745486,101,0.0,0.3333333333333333,0.4,0.3,0.15
duot5,DuoT5,505152,7572869,4733222,pointwise_ig,loo_pairwise,0.29550378567268487,101,1.0,0.3333333333333333,0.2,0.2,0.25
duot5,DuoT5,505152,7572869,4733222,pointwise_ig,loo_pointwise,0.3157483983692487,101,0.0,0.0,0.4,0.2,0.3
duot5,DuoT5,505152,7572869,4733222,loo_pairwise,loo_pointwise,0.4533022714036109,101,0.0,0.6666666666666666,0.8,0.6,0.45
duot5,DuoT5,508316,7559425,2046910,pairwise_ig,pointwise_ig,-0.15466511357018053,101,0.0,0.0,0.2,0.1,0.1
duot5,DuoT5,508316,7559425,2046910,pairwise_ig,loo_pairwise,0.4264298194525335,101,0.0,0.3333333333333333,0.4,0.4,0.35
duot5,DuoT5,508316,7559425,2046910,pairwise_ig,loo_pointwise,-0.09678509027373325,101,0.0,0.0,0.0,0.0,0.2
duot5,DuoT5,508316,7559425,2046910,pointwise_ig,loo_pairwise,-0.09025043680838672,101,0.0,0.0,0.0,0.0,0.25
duot5,DuoT5,508316,7559425,2046910,pointwise_ig,loo_pointwise,0.23254513686662784,101,0.0,0.0,0.2,0.3,0.45
duot5,DuoT5,508316,7559425,2046910,loo_pairwise,loo_pointwise,-0.3428887594641817,101,0.0,0.0,0.0,0.0,0.25
duot5,DuoT5,521851,7697353,4154854,pairwise_ig,pointwise_ig,0.28690479937057434,124,0.0,0.6666666666666666,0.4,0.2,0.4
duot5,DuoT5,521851,7697353,4154854,pairwise_ig,loo_pairwise,0.19843902439024388,124,1.0,0.3333333333333333,0.4,0.4,0.4
duot5,DuoT5,521851,7697353,4154854,pairwise_ig,loo_pointwise,-0.03469394177812746,124,0.0,0.3333333333333333,0.2,0.1,0.2
duot5,DuoT5,521851,7697353,4154854,pointwise_ig,loo_pairwise,0.0522234461054288,124,0.0,0.3333333333333333,0.2,0.3,0.3
duot5,DuoT5,521851,7697353,4154854,pointwise_ig,loo_pointwise,-0.07403933910306844,124,0.0,0.3333333333333333,0.2,0.3,0.3
duot5,DuoT5,521851,7697353,4154854,loo_pairwise,loo_pointwise,0.5123273013375295,124,0.0,0.6666666666666666,0.6,0.5,0.6
duot5,DuoT5,525868,7633123,4241268,pairwise_ig,pointwise_ig,0.11110661131922649,84,0.0,0.0,0.0,0.0,0.2
duot5,DuoT5,525868,7633123,4241268,pairwise_ig,loo_pairwise,0.22504809152576696,84,0.0,1.0,0.8,0.6,0.45
duot5,DuoT5,525868,7633123,4241268,pairwise_ig,loo_pointwise,0.14048800242988763,84,0.0,0.0,0.0,0.1,0.25
duot5,DuoT5,525868,7633123,4241268,pointwise_ig,loo_pairwise,0.08601802166649793,84,0.0,0.0,0.0,0.1,0.2
duot5,DuoT5,525868,7633123,4241268,pointwise_ig,loo_pointwise,0.20718841753568898,84,0.0,0.0,0.6,0.5,0.5
duot5,DuoT5,525868,7633123,4241268,loo_pairwise,loo_pointwise,0.49547433431203813,84,0.0,0.0,0.0,0.4,0.45
duot5,DuoT5,548099,7538554,1761359,pairwise_ig,pointwise_ig,0.2670212765957447,95,0.0,0.3333333333333333,0.4,0.3,0.4
duot5,DuoT5,548099,7538554,1761359,pairwise_ig,loo_pairwise,0.4379619260918253,95,1.0,0.6666666666666666,0.6,0.4,0.55
duot5,DuoT5,548099,7538554,1761359,pairwise_ig,loo_pointwise,0.19834826427771557,95,1.0,0.3333333333333333,0.2,0.3,0.45
duot5,DuoT5,548099,7538554,1761359,pointwise_ig,loo_pairwise,0.2645296752519597,95,0.0,0.3333333333333333,0.4,0.5,0.4
duot5,DuoT5,548099,7538554,1761359,pointwise_ig,loo_pointwise,0.14473684210526316,95,0.0,0.0,0.0,0.3,0.35
duot5,DuoT5,548099,7538554,1761359,loo_pairwise,loo_pointwise,0.16781914893617023,95,1.0,0.6666666666666666,0.4,0.5,0.35
duot5,DuoT5,556952,7614653,5405206,pairwise_ig,pointwise_ig,-0.34202067839651734,149,0.0,0.0,0.0,0.1,0.1
duot5,DuoT5,556952,7614653,5405206,pairwise_ig,loo_pairwise,0.2792055142390713,149,0.0,0.6666666666666666,0.4,0.5,0.4
duot5,DuoT5,556952,7614653,5405206,pairwise_ig,loo_pointwise,-0.04576455650281153,149,0.0,0.0,0.0,0.1,0.3
duot5,DuoT5,556952,7614653,5405206,pointwise_ig,loo_pairwise,-0.23009976419372394,149,0.0,0.0,0.0,0.0,0.2
duot5,DuoT5,556952,7614653,5405206,pointwise_ig,loo_pointwise,0.12600761835661164,149,1.0,0.3333333333333333,0.4,0.4,0.4
duot5,DuoT5,556952,7614653,5405206,loo_pairwise,loo_pointwise,-0.17990204970070744,149,0.0,0.0,0.0,0.1,0.1
duot5,DuoT5,559009,2587289,2037227,pairwise_ig,pointwise_ig,0.04214046822742475,91,0.0,0.0,0.4,0.5,0.45
duot5,DuoT5,559009,2587289,2037227,pairwise_ig,loo_pairwise,0.389418655117974,91,1.0,0.3333333333333333,0.6,0.6,0.55
duot5,DuoT5,559009,2587289,2037227,pairwise_ig,loo_pointwise,0.04129638477464565,91,1.0,0.6666666666666666,0.4,0.3,0.3
duot5,DuoT5,559009,2587289,2037227,pointwise_ig,loo_pairwise,-0.04558865101426092,91,0.0,0.0,0.0,0.2,0.2
duot5,DuoT5,559009,2587289,2037227,pointwise_ig,loo_pointwise,-0.05875139353400222,91,0.0,0.0,0.0,0.1,0.15
duot5,DuoT5,559009,2587289,2037227,loo_pairwise,loo_pointwise,0.49606026461718494,91,1.0,0.3333333333333333,0.4,0.4,0.55
duot5,DuoT5,559709,7647465,1196170,pairwise_ig,pointwise_ig,0.5467907445137046,186,0.0,0.6666666666666666,0.8,0.7,0.6
duot5,DuoT5,559709,7647465,1196170,pairwise_ig,loo_pairwise,-0.13938523653893672,186,0.0,0.0,0.0,0.0,0.15
duot5,DuoT5,559709,7647465,1196170,pairwise_ig,loo_pointwise,-0.04363766906461403,186,0.0,0.3333333333333333,0.4,0.3,0.5
duot5,DuoT5,559709,7647465,1196170,pointwise_ig,loo_pairwise,-0.10267286434269354,186,0.0,0.0,0.0,0.2,0.2
duot5,DuoT5,559709,7647465,1196170,pointwise_ig,loo_pointwise,-0.011622973672309534,186,0.0,0.3333333333333333,0.2,0.4,0.45
duot5,DuoT5,559709,7647465,1196170,loo_pairwise,loo_pointwise,0.46055042449729355,186,0.0,0.0,0.0,0.3,0.3
duot5,DuoT5,563359,4794763,4408041,pairwise_ig,pointwise_ig,0.3247340425531915,95,0.0,0.0,0.0,0.4,0.55
duot5,DuoT5,563359,4794763,4408041,pairwise_ig,loo_pairwise,0.11655935050391937,95,0.0,0.0,0.0,0.2,0.35
duot5,DuoT5,563359,4794763,4408041,pairwise_ig,loo_pointwise,0.05680291153415454,95,0.0,0.0,0.0,0.3,0.4
duot5,DuoT5,563359,4794763,4408041,pointwise_ig,loo_pairwise,0.08591825307950728,95,0.0,0.0,0.2,0.1,0.3
duot5,DuoT5,563359,4794763,4408041,pointwise_ig,loo_pointwise,0.09217525195968644,95,0.0,0.3333333333333333,0.2,0.3,0.35
duot5,DuoT5,563359,4794763,4408041,loo_pairwise,loo_pointwise,0.546892497200448,95,1.0,0.6666666666666666,0.4,0.6,0.5
duot5,DuoT5,565231,7642015,1432845,pairwise_ig,pointwise_ig,-0.46432907234164106,133,0.0,0.0,0.0,0.1,0.05
duot5,DuoT5,565231,7642015,1432845,pairwise_ig,loo_pairwise,0.3842850001530284,133,0.0,0.3333333333333333,0.2,0.5,0.45
duot5,DuoT5,565231,7642015,1432845,pairwise_ig,loo_pointwise,-0.28126115832321646,133,0.0,0.0,0.0,0.2,0.2
duot5,DuoT5,565231,7642015,1432845,pointwise_ig,loo_pairwise,-0.3548168249660787,133,0.0,0.0,0.2,0.1,0.05
duot5,DuoT5,565231,7642015,1432845,pointwise_ig,loo_pointwise,0.3563420083451505,133,1.0,0.6666666666666666,0.6,0.4,0.25
duot5,DuoT5,565231,7642015,1432845,loo_pairwise,loo_pointwise,-0.8164066883626977,133,0.0,0.0,0.0,0.0,0.0
duot5,DuoT5,569674,7424207,6181881,pairwise_ig,pointwise_ig,0.27339223340867064,156,0.0,0.0,0.2,0.1,0.3
duot5,DuoT5,569674,7424207,6181881,pairwise_ig,loo_pairwise,0.10444761774561728,156,0.0,0.3333333333333333,0.4,0.2,0.2
duot5,DuoT5,569674,7424207,6181881,pairwise_ig,loo_pointwise,0.12999004283162902,156,0.0,0.0,0.0,0.0,0.1
duot5,DuoT5,569674,7424207,6181881,pointwise_ig,loo_pairwise,-0.13598341735034303,156,0.0,0.0,0.0,0.1,0.1
duot5,DuoT5,569674,7424207,6181881,pointwise_ig,loo_pointwise,-0.04312876357256879,156,0.0,0.0,0.0,0.0,0.1
duot5,DuoT5,569674,7424207,6181881,loo_pairwise,loo_pointwise,0.5802504941052958,156,0.0,0.3333333333333333,0.2,0.5,0.6
duot5,DuoT5,583766,7547624,1775988,pairwise_ig,pointwise_ig,-0.6870155163740956,123,0.0,0.0,0.0,0.0,0.0
duot5,DuoT5,583766,7547624,1775988,pairwise_ig,loo_pairwise,0.4661103300615238,123,0.0,0.3333333333333333,0.6,0.5,0.5
duot5,DuoT5,583766,7547624,1775988,pairwise_ig,loo_pointwise,0.2197701564535476,123,0.0,0.6666666666666666,0.6,0.7,0.45
duot5,DuoT5,583766,7547624,1775988,pointwise_ig,loo_pairwise,-0.33407282248390974,123,0.0,0.0,0.0,0.0,0.15
duot5,DuoT5,583766,7547624,1775988,pointwise_ig,loo_pointwise,-0.19425133172537437,123,0.0,0.0,0.0,0.1,0.2
duot5,DuoT5,583766,7547624,1775988,loo_pairwise,loo_pointwise,0.5288529749390567,123,1.0,0.3333333333333333,0.4,0.4,0.6
duot5,DuoT5,585806,7465605,394351,pairwise_ig,pointwise_ig,0.2671611753205681,154,0.0,0.0,0.0,0.3,0.5
duot5,DuoT5,585806,7465605,394351,pairwise_ig,loo_pairwise,0.24523522018778188,154,0.0,0.0,0.2,0.3,0.35
duot5,DuoT5,585806,7465605,394351,pairwise_ig,loo_pointwise,0.176483731322441,154,0.0,0.0,0.0,0.2,0.25
duot5,DuoT5,585806,7465605,394351,pointwise_ig,loo_pairwise,-0.017547664226981115,154,0.0,0.3333333333333333,0.2,0.2,0.25
duot5,DuoT5,585806,7465605,394351,pointwise_ig,loo_pointwise,0.19109555845798734,154,0.0,0.3333333333333333,0.4,0.2,0.25
duot5,DuoT5,585806,7465605,394351,loo_pairwise,loo_pointwise,0.3618374035831341,154,0.0,0.3333333333333333,0.6,0.3,0.55
duot5,DuoT5,595577,7503601,2456303,pairwise_ig,pointwise_ig,0.1928814148662104,156,0.0,0.0,0.0,0.3,0.4
duot5,DuoT5,595577,7503601,2456303,pairwise_ig,loo_pairwise,0.14098086010968688,156,0.0,0.0,0.2,0.2,0.45
duot5,DuoT5,595577,7503601,2456303,pairwise_ig,loo_pointwise,-0.06848635235732009,156,0.0,0.0,0.2,0.2,0.4
duot5,DuoT5,595577,7503601,2456303,pointwise_ig,loo_pairwise,0.02111867996396453,156,0.0,0.0,0.0,0.1,0.25
duot5,DuoT5,595577,7503601,2456303,pointwise_ig,loo_pointwise,0.06568254018428664,156,0.0,0.0,0.0,0.4,0.25
duot5,DuoT5,595577,7503601,2456303,loo_pairwise,loo_pointwise,0.4151096078772265,156,0.0,0.0,0.4,0.6,0.55
duot5,DuoT5,605648,7714395,8223136,pairwise_ig,pointwise_ig,-0.09108496863742852,106,1.0,0.3333333333333333,0.2,0.3,0.4
duot5,DuoT5,605648,7714395,8223136,pairwise_ig,loo_pairwise,0.13849409275260094,106,0.0,0.0,0.0,0.2,0.35
duot5,DuoT5,605648,7714395,8223136,pairwise_ig,loo_pointwise,0.0004887019170214374,106,0.0,0.0,0.0,0.2,0.3
duot5,DuoT5,605648,7714395,8223136,pointwise_ig,loo_pairwise,-0.044985767186437264,106,0.0,0.0,0.2,0.2,0.15
duot5,DuoT5,605648,7714395,8223136,pointwise_ig,loo_pointwise,0.06448346222636471,106,0.0,0.0,0.0,0.3,0.35
duot5,DuoT5,605648,7714395,8223136,loo_pairwise,loo_pointwise,0.4341335617301056,106,0.0,0.3333333333333333,0.4,0.5,0.4
duot5,DuoT5,610056,7428853,3300809,pairwise_ig,pointwise_ig,-0.09823628219484884,95,0.0,0.3333333333333333,0.4,0.3,0.5
duot5,DuoT5,610056,7428853,3300809,pairwise_ig,loo_pairwise,-0.009588465845464725,95,0.0,0.0,0.4,0.3,0.3
duot5,DuoT5,610056,7428853,3300809,pairwise_ig,loo_pointwise,-0.029857222844344906,95,0.0,0.0,0.0,0.2,0.45
duot5,DuoT5,610056,7428853,3300809,pointwise_ig,loo_pairwise,0.011744120940649496,95,0.0,0.0,0.2,0.2,0.3
duot5,DuoT5,610056,7428853,3300809,pointwise_ig,loo_pointwise,-0.11265397536394176,95,0.0,0.0,0.0,0.2,0.35
duot5,DuoT5,610056,7428853,3300809,loo_pairwise,loo_pointwise,0.5486702127659575,95,0.0,0.0,0.0,0.2,0.6
duot5,DuoT5,633375,7640682,7585558,pairwise_ig,pointwise_ig,0.2747306268638822,117,0.0,0.3333333333333333,0.2,0.5,0.5
duot5,DuoT5,633375,7640682,7585558,pairwise_ig,loo_pairwise,0.3843306508414632,117,0.0,0.3333333333333333,0.4,0.3,0.45
duot5,DuoT5,633375,7640682,7585558,pairwise_ig,loo_pointwise,0.13188418828395448,117,0.0,0.3333333333333333,0.4,0.3,0.45
duot5,DuoT5,633375,7640682,7585558,pointwise_ig,loo_pairwise,0.2342759519848941,117,0.0,0.0,0.0,0.1,0.3
duot5,DuoT5,633375,7640682,7585558,pointwise_ig,loo_pointwise,0.0299494972200992,117,0.0,0.0,0.0,0.2,0.35
duot5,DuoT5,633375,7640682,7585558,loo_pairwise,loo_pointwise,0.5676242713063286,117,1.0,0.3333333333333333,0.6,0.6,0.75
duot5,DuoT5,635044,7601266,1492567,pairwise_ig,pointwise_ig,0.4839677688246736,60,0.0,0.3333333333333333,0.6,0.6,0.5
duot5,DuoT5,635044,7601266,1492567,pairwise_ig,loo_pairwise,0.40444567935537656,60,0.0,0.0,0.0,0.1,0.5
duot5,DuoT5,635044,7601266,1492567,pairwise_ig,loo_pointwise,-0.0726868574604057,60,0.0,0.0,0.0,0.0,0.35
duot5,DuoT5,635044,7601266,1492567,pointwise_ig,loo_pairwise,0.12820227841066964,60,0.0,0.0,0.0,0.2,0.35
duot5,DuoT5,635044,7601266,1492567,pointwise_ig,loo_pointwise,-0.19533203667685473,60,0.0,0.0,0.0,0.0,0.15
duot5,DuoT5,635044,7601266,1492567,loo_pairwise,loo_pointwise,-0.3641011392053349,60,0.0,0.0,0.2,0.2,0.15
duot5,DuoT5,635647,7493198,253151,pairwise_ig,pointwise_ig,0.030614924981122157,143,0.0,0.0,0.2,0.2,0.15
duot5,DuoT5,635647,7493198,253151,pairwise_ig,loo_pairwise,-0.017088545257559342,143,0.0,0.0,0.2,0.3,0.35
duot5,DuoT5,635647,7493198,253151,pairwise_ig,loo_pointwise,0.07317623690863126,143,0.0,0.0,0.2,0.4,0.3
duot5,DuoT5,635647,7493198,253151,pointwise_ig,loo_pairwise,-0.30351045667947074,143,0.0,0.0,0.0,0.2,0.25
duot5,DuoT5,635647,7493198,253151,pointwise_ig,loo_pointwise,-0.09327292425883975,143,0.0,0.0,0.0,0.1,0.1
duot5,DuoT5,635647,7493198,253151,loo_pairwise,loo_pointwise,0.5054909878853541,143,0.0,0.3333333333333333,0.6,0.5,0.65
duot5,DuoT5,637459,7595500,8645185,pairwise_ig,pointwise_ig,0.05373202005189309,106,0.0,0.3333333333333333,0.2,0.2,0.25
duot5,DuoT5,637459,7595500,8645185,pairwise_ig,loo_pairwise,0.15929163412852357,106,0.0,0.0,0.0,0.3,0.3
duot5,DuoT5,637459,7595500,8645185,pairwise_ig,loo_pointwise,0.007461521021739678,106,0.0,0.0,0.0,0.1,0.3
duot5,DuoT5,637459,7595500,8645185,pointwise_ig,loo_pairwise,-0.14883240547144622,106,0.0,0.0,0.0,0.1,0.15
duot5,DuoT5,637459,7595500,8645185,pointwise_ig,loo_pointwise,0.2796332216540293,106,0.0,0.0,0.4,0.3,0.4
duot5,DuoT5,637459,7595500,8645185,loo_pairwise,loo_pointwise,-0.27913948157291485,106,0.0,0.0,0.0,0.1,0.2
duot5,DuoT5,645604,7484648,786866,pairwise_ig,pointwise_ig,-0.6279753158977374,82,0.0,0.0,0.0,0.0,0.05
duot5,DuoT5,645604,7484648,786866,pairwise_ig,loo_pairwise,0.2444357375300661,82,0.0,0.0,0.2,0.3,0.4
duot5,DuoT5,645604,7484648,786866,pairwise_ig,loo_pointwise,0.11761952960895072,82,0.0,0.0,0.2,0.4,0.3
duot5,DuoT5,645604,7484648,786866,pointwise_ig,loo_pairwise,-0.18152828114626526,82,0.0,0.0,0.0,0.0,0.15
duot5,DuoT5,645604,7484648,786866,pointwise_ig,loo_pointwise,-0.13607818809111788,82,0.0,0.0,0.2,0.1,0.1
duot5,DuoT5,645604,7484648,786866,loo_pairwise,loo_pointwise,0.44909175999390516,82,1.0,0.3333333333333333,0.4,0.5,0.55
duot5,DuoT5,648119,7447392,2205560,pairwise_ig,pointwise_ig,0.40726726104084593,105,0.0,0.0,0.0,0.3,0.5
duot5,DuoT5,648119,7447392,2205560,pairwise_ig,loo_pairwise,0.19264980302716153,105,0.0,0.3333333333333333,0.2,0.3,0.25
duot5,DuoT5,648119,7447392,2205560,pairwise_ig,loo_pointwise,0.016680489321998757,105,0.0,0.0,0.4,0.5,0.55
duot5,DuoT5,648119,7447392,2205560,pointwise_ig,loo_pairwise,0.2944536595479991,105,0.0,0.0,0.0,0.2,0.2
duot5,DuoT5,648119,7447392,2205560,pointwise_ig,loo_pointwise,0.17482894464026538,105,0.0,0.0,0.0,0.3,0.45
duot5,DuoT5,648119,7447392,2205560,loo_pairwise,loo_pointwise,0.500943396226415,105,0.0,0.3333333333333333,0.4,0.6,0.5
duot5,DuoT5,655046,7430773,2338385,pairwise_ig,pointwise_ig,0.11566778292130404,143,1.0,0.3333333333333333,0.2,0.2,0.4
duot5,DuoT5,655046,7430773,2338385,pairwise_ig,loo_pairwise,0.1381693423946945,143,0.0,0.6666666666666666,0.6,0.3,0.4
duot5,DuoT5,655046,7430773,2338385,pairwise_ig,loo_pointwise,0.06748826291079811,143,0.0,0.6666666666666666,0.4,0.3,0.35
duot5,DuoT5,655046,7430773,2338385,pointwise_ig,loo_pairwise,-0.25340621819495057,143,0.0,0.0,0.0,0.0,0.05
duot5,DuoT5,655046,7430773,2338385,pointwise_ig,loo_pointwise,-0.25505187300961946,143,0.0,0.0,0.0,0.1,0.1
duot5,DuoT5,655046,7430773,2338385,loo_pairwise,loo_pointwise,0.547252043730917,143,1.0,0.6666666666666666,0.4,0.6,0.55
duot5,DuoT5,669979,7429319,1047036,pairwise_ig,pointwise_ig,-0.19902286495993746,85,0.0,0.0,0.0,0.1,0.1
duot5,DuoT5,669979,7429319,1047036,pairwise_ig,loo_pairwise,0.360875512995896,85,0.0,0.3333333333333333,0.4,0.3,0.45
duot5,DuoT5,669979,7429319,1047036,pairwise_ig,loo_pointwise,-0.010084033613445377,85,0.0,0.3333333333333333,0.2,0.1,0.2
duot5,DuoT5,669979,7429319,1047036,pointwise_ig,loo_pairwise,-0.27686144225131915,85,0.0,0.0,0.0,0.0,0.2
duot5,DuoT5,669979,7429319,1047036,pointwise_ig,loo_pointwise,-0.004260308774672659,85,0.0,0.0,0.4,0.2,0.3
duot5,DuoT5,669979,7429319,1047036,loo_pairwise,loo_pointwise,0.038245065468047686,85,0.0,0.3333333333333333,0.2,0.1,0.35
duot5,DuoT5,679878,5786828,524416,pairwise_ig,pointwise_ig,-0.21356534616808587,74,0.0,0.0,0.2,0.1,0.2
duot5,DuoT5,679878,5786828,524416,pairwise_ig,loo_pairwise,0.39379489078119206,74,1.0,0.3333333333333333,0.4,0.5,0.5
duot5,DuoT5,679878,5786828,524416,pairwise_ig,loo_pointwise,0.2677674935209181,74,0.0,0.3333333333333333,0.2,0.4,0.5
duot5,DuoT5,679878,5786828,524416,pointwise_ig,loo_pairwise,-0.08531654942613846,74,0.0,0.0,0.0,0.0,0.2
duot5,DuoT5,679878,5786828,524416,pointwise_ig,loo_pointwise,-0.20177711958533873,74,0.0,0.0,0.0,0.2,0.25
duot5,DuoT5,679878,5786828,524416,loo_pairwise,loo_pointwise,0.6627027027027026,74,0.0,0.6666666666666666,0.6,0.5,0.6
duot5,DuoT5,681944,7704858,3725006,pairwise_ig,pointwise_ig,-0.2623154654624249,114,0.0,0.0,0.0,0.1,0.2
duot5,DuoT5,681944,7704858,3725006,pairwise_ig,loo_pairwise,0.18767137158016242,114,0.0,0.3333333333333333,0.2,0.4,0.35
duot5,DuoT5,681944,7704858,3725006,pairwise_ig,loo_pointwise,-0.08205990158157997,114,0.0,0.0,0.0,0.0,0.15
duot5,DuoT5,681944,7704858,3725006,pointwise_ig,loo_pairwise,-0.03557238614041838,114,0.0,0.0,0.0,0.2,0.15
duot5,DuoT5,681944,7704858,3725006,pointwise_ig,loo_pointwise,-0.0609586683137239,114,1.0,0.3333333333333333,0.4,0.4,0.25
duot5,DuoT5,681944,7704858,3725006,loo_pairwise,loo_pointwise,0.5570928089751119,114,0.0,0.3333333333333333,0.4,0.4,0.55
duot5,DuoT5,687375,7506064,1745252,pairwise_ig,pointwise_ig,-0.4512466100953547,70,0.0,0.0,0.0,0.1,0.15
duot5,DuoT5,687375,7506064,1745252,pairwise_ig,loo_pairwise,0.44445805266380894,70,1.0,0.6666666666666666,0.4,0.3,0.55
duot5,DuoT5,687375,7506064,1745252,pairwise_ig,loo_pointwise,-0.00995538448079783,70,1.0,0.3333333333333333,0.2,0.2,0.4
duot5,DuoT5,687375,7506064,1745252,pointwise_ig,loo_pairwise,-0.32884262094304956,70,0.0,0.0,0.2,0.2,0.2
duot5,DuoT5,687375,7506064,1745252,pointwise_ig,loo_pointwise,0.06874289213542122,70,0.0,0.3333333333333333,0.4,0.4,0.45
duot5,DuoT5,687375,7506064,1745252,loo_pairwise,loo_pointwise,0.1730557256582976,70,1.0,0.6666666666666666,0.6,0.5,0.5
duot5,DuoT5,689223,7468368,899432,pairwise_ig,pointwise_ig,0.22255244755244755,65,0.0,0.0,0.4,0.4,0.6
duot5,DuoT5,689223,7468368,899432,pairwise_ig,loo_pairwise,0.10904720279720279,65,0.0,0.3333333333333333,0.4,0.3,0.4
duot5,DuoT5,689223,7468368,899432,pairwise_ig,loo_pointwise,0.009833916083916084,65,0.0,0.3333333333333333,0.4,0.2,0.15
duot5,DuoT5,689223,7468368,899432,pointwise_ig,loo_pairwise,-0.03505244755244755,65,0.0,0.0,0.2,0.2,0.35
duot5,DuoT5,689223,7468368,899432,pointwise_ig,loo_pointwise,-0.26490384615384616,65,0.0,0.0,0.2,0.2,0.2
duot5,DuoT5,689223,7468368,899432,loo_pairwise,loo_pointwise,0.3359702797202797,65,0.0,0.0,0.6,0.5,0.5
duot5,DuoT5,692494,7457652,2553698,pairwise_ig,pointwise_ig,0.08595213475400501,117,0.0,0.0,0.2,0.3,0.3
duot5,DuoT5,692494,7457652,2553698,pairwise_ig,loo_pairwise,0.1379684994530114,117,0.0,0.0,0.0,0.0,0.25
duot5,DuoT5,692494,7457652,2553698,pairwise_ig,loo_pointwise,-0.03252708717349278,117,0.0,0.0,0.2,0.2,0.2
duot5,DuoT5,692494,7457652,2553698,pointwise_ig,loo_pairwise,-0.12239805781594207,117,0.0,0.0,0.0,0.1,0.1
duot5,DuoT5,692494,7457652,2553698,pointwise_ig,loo_pointwise,0.05060018882345007,117,0.0,0.0,0.4,0.6,0.5
duot5,DuoT5,692494,7457652,2553698,loo_pairwise,loo_pointwise,0.5064439748834839,117,0.0,0.3333333333333333,0.2,0.3,0.35
duot5,DuoT5,709560,1050990,7212673,pairwise_ig,pointwise_ig,-0.41625656167979,127,0.0,0.3333333333333333,0.2,0.1,0.1
duot5,DuoT5,709560,1050990,7212673,pairwise_ig,loo_pairwise,0.04665237157855268,127,0.0,0.3333333333333333,0.2,0.3,0.25
duot5,DuoT5,709560,1050990,7212673,pairwise_ig,loo_pointwise,-0.006749156355455567,127,0.0,0.3333333333333333,0.2,0.2,0.2
duot5,DuoT5,709560,1050990,7212673,pointwise_ig,loo_pairwise,-0.008284120734908135,127,1.0,0.3333333333333333,0.2,0.1,0.15
duot5,DuoT5,709560,1050990,7212673,pointwise_ig,loo_pointwise,0.0769767060367454,127,0.0,0.3333333333333333,0.2,0.3,0.25
duot5,DuoT5,709560,1050990,7212673,loo_pairwise,loo_pointwise,0.6151340457442819,127,0.0,0.0,0.2,0.4,0.5
duot5,DuoT5,722413,7531801,1787321,pairwise_ig,pointwise_ig,0.3504899614580447,106,0.0,0.3333333333333333,0.2,0.4,0.45
duot5,DuoT5,722413,7531801,1787321,pairwise_ig,loo_pairwise,0.18751542937753482,106,0.0,0.3333333333333333,0.4,0.3,0.25
duot5,DuoT5,722413,7531801,1787321,pairwise_ig,loo_pointwise,0.061641937677910166,106,0.0,0.0,0.2,0.1,0.3
duot5,DuoT5,722413,7531801,1787321,pointwise_ig,loo_pairwise,-0.10530266770788725,106,0.0,0.0,0.2,0.2,0.2
duot5,DuoT5,722413,7531801,1787321,pointwise_ig,loo_pointwise,-0.00989999244275386,106,0.0,0.0,0.0,0.2,0.25
duot5,DuoT5,722413,7531801,1787321,loo_pairwise,loo_pointwise,0.4898858855832935,106,0.0,0.0,0.2,0.3,0.4
duot5,DuoT5,725047,7696627,7696621,pairwise_ig,pointwise_ig,-0.39408766564729875,109,0.0,0.3333333333333333,0.4,0.2,0.15
duot5,DuoT5,725047,7696627,7696621,pairwise_ig,loo_pairwise,0.14628857381150961,109,0.0,0.3333333333333333,0.2,0.2,0.3
duot5,DuoT5,725047,7696627,7696621,pairwise_ig,loo_pointwise,0.0,109,0.0,0.6666666666666666,0.4,0.3,0.25
duot5,DuoT5,725047,7696627,7696621,pointwise_ig,loo_pairwise,-0.26448892595681583,109,0.0,0.0,0.4,0.2,0.1
duot5,DuoT5,725047,7696627,7696621,pointwise_ig,loo_pointwise,-0.11893244370308592,109,0.0,0.3333333333333333,0.2,0.1,0.15
duot5,DuoT5,725047,7696627,7696621,loo_pairwise,loo_pointwise,0.3145862292651284,109,0.0,0.6666666666666666,0.4,0.3,0.45
duot5,DuoT5,727837,7457249,4500567,pairwise_ig,pointwise_ig,0.2684560592480777,86,0.0,0.0,0.0,0.3,0.5
duot5,DuoT5,727837,7457249,4500567,pairwise_ig,loo_pairwise,0.2138308410774093,86,0.0,0.3333333333333333,0.2,0.4,0.4
duot5,DuoT5,727837,7457249,4500567,pairwise_ig,loo_pointwise,0.07712627954148779,86,0.0,0.0,0.0,0.1,0.4
duot5,DuoT5,727837,7457249,4500567,pointwise_ig,loo_pairwise,-0.07805085145525732,86,0.0,0.0,0.0,0.2,0.2
duot5,DuoT5,727837,7457249,4500567,pointwise_ig,loo_pointwise,0.06154063870937308,86,0.0,0.0,0.2,0.3,0.3
duot5,DuoT5,727837,7457249,4500567,loo_pairwise,loo_pointwise,0.0022548233407236186,86,0.0,0.3333333333333333,0.2,0.2,0.4
duot5,DuoT5,738484,7635187,4716094,pairwise_ig,pointwise_ig,-0.1287197820905686,89,1.0,0.6666666666666666,0.4,0.2,0.2
duot5,DuoT5,738484,7635187,4716094,pairwise_ig,loo_pairwise,0.25000000000000006,89,0.0,0.3333333333333333,0.4,0.3,0.4
duot5,DuoT5,738484,7635187,4716094,pairwise_ig,loo_pointwise,-0.16302349336057204,89,0.0,0.3333333333333333,0.2,0.3,0.2
duot5,DuoT5,738484,7635187,4716094,pointwise_ig,loo_pairwise,-0.17759618658495063,89,0.0,0.0,0.4,0.3,0.15
duot5,DuoT5,738484,7635187,4716094,pointwise_ig,loo_pointwise,0.034916581545795036,89,0.0,0.3333333333333333,0.2,0.4,0.3
duot5,DuoT5,738484,7635187,4716094,loo_pairwise,loo_pointwise,-0.012938372488934289,89,1.0,0.3333333333333333,0.4,0.3,0.25
duot5,DuoT5,743708,7652351,7881370,pairwise_ig,pointwise_ig,-0.18218583016184214,116,0.0,0.0,0.0,0.1,0.15
duot5,DuoT5,743708,7652351,7881370,pairwise_ig,loo_pairwise,-0.08468073655479952,116,0.0,0.0,0.0,0.1,0.3
duot5,DuoT5,743708,7652351,7881370,pairwise_ig,loo_pointwise,0.006366047745358091,116,0.0,0.0,0.0,0.2,0.25
duot5,DuoT5,743708,7652351,7881370,pointwise_ig,loo_pairwise,-0.0479068158228578,116,0.0,0.0,0.0,0.0,0.05
duot5,DuoT5,743708,7652351,7881370,pointwise_ig,loo_pointwise,0.01869065467266367,116,0.0,0.0,0.2,0.1,0.15
duot5,DuoT5,743708,7652351,7881370,loo_pairwise,loo_pointwise,-0.10274862568715643,116,0.0,0.3333333333333333,0.2,0.2,0.2
duot5,DuoT5,747937,7504079,445307,pairwise_ig,pointwise_ig,-0.4423972346545253,123,0.0,0.0,0.0,0.1,0.05
duot5,DuoT5,747937,7504079,445307,pairwise_ig,loo_pairwise,0.26900852562200933,123,1.0,0.6666666666666666,0.6,0.6,0.4
duot5,DuoT5,747937,7504079,445307,pairwise_ig,loo_pointwise,0.09752228141001665,123,1.0,0.3333333333333333,0.4,0.7,0.65
duot5,DuoT5,747937,7504079,445307,pointwise_ig,loo_pairwise,-0.27625079000657804,123,0.0,0.0,0.0,0.0,0.1
duot5,DuoT5,747937,7504079,445307,pointwise_ig,loo_pointwise,-0.15466071635861783,123,0.0,0.0,0.0,0.0,0.1
duot5,DuoT5,747937,7504079,445307,loo_pairwise,loo_pointwise,0.29377281345526307,123,1.0,0.6666666666666666,0.6,0.7,0.55
duot5,DuoT5,763878,11461,7729518,pairwise_ig,pointwise_ig,-0.3383121732636296,103,0.0,0.0,0.0,0.1,0.05
duot5,DuoT5,763878,11461,7729518,pairwise_ig,loo_pairwise,0.07894390018890304,103,0.0,0.3333333333333333,0.4,0.2,0.35
duot5,DuoT5,763878,11461,7729518,pairwise_ig,loo_pointwise,-0.0008896015463691078,103,0.0,0.3333333333333333,0.4,0.2,0.3
duot5,DuoT5,763878,11461,7729518,pointwise_ig,loo_pairwise,-0.005700039537846505,103,0.0,0.0,0.0,0.1,0.3
duot5,DuoT5,763878,11461,7729518,pointwise_ig,loo_pointwise,-0.07658261213372577,103,0.0,0.0,0.0,0.1,0.15
duot5,DuoT5,763878,11461,7729518,loo_pairwise,loo_pointwise,0.36684531915828317,103,1.0,0.3333333333333333,0.4,0.3,0.55
duot5,DuoT5,766272,7801947,1135255,pairwise_ig,pointwise_ig,-0.25028967655559775,138,0.0,0.0,0.2,0.2,0.15
duot5,DuoT5,766272,7801947,1135255,pairwise_ig,loo_pairwise,0.3727015663655697,138,0.0,0.3333333333333333,0.6,0.6,0.55
duot5,DuoT5,766272,7801947,1135255,pairwise_ig,loo_pointwise,0.30422259945201025,138,0.0,0.3333333333333333,0.4,0.7,0.6
duot5,DuoT5,766272,7801947,1135255,pointwise_ig,loo_pairwise,-0.18628093399605922,138,0.0,0.3333333333333333,0.2,0.2,0.15
duot5,DuoT5,766272,7801947,1135255,pointwise_ig,loo_pointwise,-0.20375625871882624,138,0.0,0.3333333333333333,0.4,0.2,0.1
duot5,DuoT5,766272,7801947,1135255,loo_pairwise,loo_pointwise,0.5489612752831691,138,1.0,0.6666666666666666,0.6,0.7,0.6
duot5,DuoT5,768411,7920597,7920605,pairwise_ig,pointwise_ig,-0.17775638652350978,74,0.0,0.0,0.2,0.2,0.3
duot5,DuoT5,768411,7920597,7920605,pairwise_ig,loo_pairwise,0.2828137726767863,74,1.0,0.6666666666666666,0.4,0.3,0.4
duot5,DuoT5,768411,7920597,7920605,pairwise_ig,loo_pointwise,0.21113661606812287,74,0.0,0.6666666666666666,0.6,0.4,0.35
duot5,DuoT5,768411,7920597,7920605,pointwise_ig,loo_pairwise,-0.22105886708626432,74,0.0,0.0,0.0,0.0,0.25
duot5,DuoT5,768411,7920597,7920605,pointwise_ig,loo_pointwise,-0.04924102184376156,74,0.0,0.0,0.0,0.3,0.3
duot5,DuoT5,768411,7920597,7920605,loo_pairwise,loo_pointwise,-0.016008885597926688,74,0.0,0.3333333333333333,0.4,0.3,0.3
duot5,DuoT5,771239,7720846,2407263,pairwise_ig,pointwise_ig,-0.22314864487075836,147,1.0,0.3333333333333333,0.2,0.1,0.15
duot5,DuoT5,771239,7720846,2407263,pairwise_ig,loo_pairwise,0.12307988726775419,147,1.0,0.3333333333333333,0.2,0.3,0.25
duot5,DuoT5,771239,7720846,2407263,pairwise_ig,loo_pointwise,-0.1433142675804124,147,0.0,0.3333333333333333,0.4,0.3,0.4
duot5,DuoT5,771239,7720846,2407263,pointwise_ig,loo_pairwise,0.08429984359534262,147,1.0,0.3333333333333333,0.4,0.3,0.2
duot5,DuoT5,771239,7720846,2407263,pointwise_ig,loo_pointwise,0.028209506683087894,147,0.0,0.3333333333333333,0.4,0.2,0.25
duot5,DuoT5,771239,7720846,2407263,loo_pairwise,loo_pointwise,0.2068546041148781,147,0.0,0.6666666666666666,0.6,0.6,0.4
duot5,DuoT5,790536,7749943,8722439,pairwise_ig,pointwise_ig,-0.035668099555683994,94,1.0,0.3333333333333333,0.4,0.5,0.3
duot5,DuoT5,790536,7749943,8722439,pairwise_ig,loo_pairwise,-0.002550301629158689,94,1.0,0.3333333333333333,0.2,0.2,0.3
duot5,DuoT5,790536,7749943,8722439,pairwise_ig,loo_pointwise,0.2810894772965358,94,0.0,0.3333333333333333,0.2,0.3,0.5
duot5,DuoT5,790536,7749943,8722439,pointwise_ig,loo_pairwise,0.12934291803634002,94,1.0,0.3333333333333333,0.2,0.3,0.35
duot5,DuoT5,790536,7749943,8722439,pointwise_ig,loo_pointwise,-0.14055557562402918,94,0.0,0.0,0.0,0.1,0.2
duot5,DuoT5,790536,7749943,8722439,loo_pairwise,loo_pointwise,0.13172705270382545,94,0.0,0.0,0.4,0.4,0.45
duot5,DuoT5,792688,7826565,7826560,pairwise_ig,pointwise_ig,-0.08679653679653682,55,0.0,0.0,0.2,0.3,0.35
duot5,DuoT5,792688,7826565,7826560,pairwise_ig,loo_pairwise,-0.1254689754689755,55,0.0,0.0,0.2,0.3,0.35
duot5,DuoT5,792688,7826565,7826560,pairwise_ig,loo_pointwise,0.03297258297258297,55,0.0,0.0,0.2,0.3,0.35
duot5,DuoT5,792688,7826565,7826560,pointwise_ig,loo_pairwise,-0.14184704184704186,55,0.0,0.0,0.0,0.4,0.25
duot5,DuoT5,792688,7826565,7826560,pointwise_ig,loo_pointwise,0.24444444444444452,55,0.0,0.0,0.4,0.4,0.5
duot5,DuoT5,792688,7826565,7826560,loo_pairwise,loo_pointwise,0.2185425685425686,55,0.0,0.3333333333333333,0.2,0.6,0.45
duot5,DuoT5,806574,2113439,1978608,pairwise_ig,pointwise_ig,-0.14029955207166853,95,0.0,0.3333333333333333,0.2,0.2,0.25
duot5,DuoT5,806574,2113439,1978608,pairwise_ig,loo_pairwise,0.5125279955207167,95,0.0,0.3333333333333333,0.4,0.7,0.65
duot5,DuoT5,806574,2113439,1978608,pairwise_ig,loo_pointwise,0.047004479283314665,95,0.0,0.0,0.0,0.3,0.4
duot5,DuoT5,806574,2113439,1978608,pointwise_ig,loo_pairwise,0.009686450167973124,95,1.0,0.3333333333333333,0.4,0.3,0.35
duot5,DuoT5,806574,2113439,1978608,pointwise_ig,loo_pointwise,0.05011198208286674,95,0.0,0.3333333333333333,0.2,0.2,0.15
duot5,DuoT5,806574,2113439,1978608,loo_pairwise,loo_pointwise,0.25860862262038076,95,0.0,0.3333333333333333,0.6,0.4,0.5
duot5,DuoT5,81993,7297000,6584364,pairwise_ig,pointwise_ig,-0.31426097711812,99,0.0,0.3333333333333333,0.2,0.2,0.1
duot5,DuoT5,81993,7297000,6584364,pairwise_ig,loo_pairwise,0.39858998144712426,99,1.0,0.6666666666666666,0.8,0.7,0.55
duot5,DuoT5,81993,7297000,6584364,pairwise_ig,loo_pointwise,0.2582560296846011,99,1.0,0.3333333333333333,0.6,0.3,0.35
duot5,DuoT5,81993,7297000,6584364,pointwise_ig,loo_pairwise,-0.1213234384662956,99,0.0,0.3333333333333333,0.4,0.3,0.25
duot5,DuoT5,81993,7297000,6584364,pointwise_ig,loo_pointwise,-0.05244279529993816,99,0.0,0.0,0.0,0.0,0.2
duot5,DuoT5,81993,7297000,6584364,loo_pairwise,loo_pointwise,0.1644155844155844,99,1.0,0.6666666666666666,0.6,0.3,0.3
duot5,DuoT5,839137,7803834,4498483,pairwise_ig,pointwise_ig,0.02382935722186565,130,1.0,0.3333333333333333,0.2,0.4,0.35
duot5,DuoT5,839137,7803834,4498483,pairwise_ig,loo_pairwise,0.016963224951863334,130,0.0,0.0,0.2,0.1,0.35
duot5,DuoT5,839137,7803834,4498483,pairwise_ig,loo_pointwise,0.04237938521623946,130,0.0,0.0,0.0,0.1,0.2
duot5,DuoT5,839137,7803834,4498483,pointwise_ig,loo_pairwise,0.03761078261344549,130,0.0,0.0,0.0,0.2,0.2
duot5,DuoT5,839137,7803834,4498483,pointwise_ig,loo_pointwise,0.17336028076308563,130,0.0,0.0,0.2,0.1,0.2
duot5,DuoT5,839137,7803834,4498483,loo_pairwise,loo_pointwise,-0.11476054568545248,130,0.0,0.3333333333333333,0.2,0.1,0.2
duot5,DuoT5,85053,7368239,7487012,pairwise_ig,pointwise_ig,0.2841971262883506,162,0.0,0.0,0.2,0.2,0.15
duot5,DuoT5,85053,7368239,7487012,pairwise_ig,loo_pairwise,0.28855807756848034,162,0.0,0.0,0.0,0.2,0.35
duot5,DuoT5,85053,7368239,7487012,pairwise_ig,loo_pointwise,0.08449660650247473,162,0.0,0.0,0.2,0.3,0.4
duot5,DuoT5,85053,7368239,7487012,pointwise_ig,loo_pairwise,0.04877350009385219,162,0.0,0.0,0.0,0.0,0.05
duot5,DuoT5,85053,7368239,7487012,pointwise_ig,loo_pointwise,0.16045619219799,162,0.0,0.0,0.0,0.0,0.05
duot5,DuoT5,85053,7368239,7487012,loo_pairwise,loo_pointwise,0.3799545840089985,162,0.0,0.6666666666666666,0.6,0.5,0.55
duot5,DuoT5,865660,7948042,7108365,pairwise_ig,pointwise_ig,-0.5452160947312285,82,1.0,0.3333333333333333,0.2,0.1,0.05
duot5,DuoT5,865660,7948042,7108365,pairwise_ig,loo_pairwise,-0.0597403162786648,82,0.0,0.3333333333333333,0.2,0.2,0.2
duot5,DuoT5,865660,7948042,7108365,pairwise_ig,loo_pointwise,0.21814085610735626,82,0.0,0.3333333333333333,0.2,0.2,0.25
duot5,DuoT5,865660,7948042,7108365,pointwise_ig,loo_pairwise,-0.16367910667058477,82,0.0,0.0,0.0,0.1,0.25
duot5,DuoT5,865660,7948042,7108365,pointwise_ig,loo_pointwise,-0.25934632840304306,82,0.0,0.0,0.0,0.1,0.2
duot5,DuoT5,865660,7948042,7108365,loo_pairwise,loo_pointwise,0.4023573970679466,82,0.0,0.6666666666666666,0.8,0.6,0.65
duot5,DuoT5,8854,7304912,464640,pairwise_ig,pointwise_ig,-0.21754195171916688,78,0.0,0.0,0.2,0.1,0.3
duot5,DuoT5,8854,7304912,464640,pairwise_ig,loo_pairwise,0.08734303671012532,78,0.0,0.3333333333333333,0.2,0.4,0.35
duot5,DuoT5,8854,7304912,464640,pairwise_ig,loo_pointwise,-0.20540219274396487,78,0.0,0.3333333333333333,0.6,0.3,0.25
duot5,DuoT5,8854,7304912,464640,pointwise_ig,loo_pairwise,0.25563044550386316,78,0.0,0.0,0.2,0.1,0.25
duot5,DuoT5,8854,7304912,464640,pointwise_ig,loo_pointwise,-0.15307477332793787,78,0.0,0.0,0.2,0.1,0.15
duot5,DuoT5,8854,7304912,464640,loo_pairwise,loo_pointwise,0.07583555684821507,78,0.0,0.3333333333333333,0.2,0.3,0.3
duot5,DuoT5,895932,1130834,702003,pairwise_ig,pointwise_ig,-0.14060816238562668,107,0.0,0.0,0.2,0.3,0.3
duot5,DuoT5,895932,1130834,702003,pairwise_ig,loo_pairwise,0.2500734732263563,107,0.0,0.3333333333333333,0.2,0.3,0.4
duot5,DuoT5,895932,1130834,702003,pairwise_ig,loo_pointwise,-0.062197535218166504,107,0.0,0.3333333333333333,0.2,0.1,0.2
duot5,DuoT5,895932,1130834,702003,pointwise_ig,loo_pairwise,-0.07507984090597387,107,0.0,0.0,0.0,0.1,0.25
duot5,DuoT5,895932,1130834,702003,pointwise_ig,loo_pointwise,0.14174454828660438,107,0.0,0.0,0.2,0.2,0.4
duot5,DuoT5,895932,1130834,702003,loo_pairwise,loo_pointwise,0.2779932992417563,107,1.0,0.6666666666666666,0.4,0.3,0.25
duot5,DuoT5,912234,7875077,5272729,pairwise_ig,pointwise_ig,0.32394675570003956,103,0.0,0.0,0.2,0.3,0.4
duot5,DuoT5,912234,7875077,5272729,pairwise_ig,loo_pairwise,0.2201379431533629,103,1.0,0.6666666666666666,0.6,0.3,0.35
duot5,DuoT5,912234,7875077,5272729,pairwise_ig,loo_pointwise,0.2986095857312305,103,0.0,0.6666666666666666,0.6,0.4,0.4
duot5,DuoT5,912234,7875077,5272729,pointwise_ig,loo_pairwise,0.10268857356235998,103,0.0,0.0,0.4,0.2,0.3
duot5,DuoT5,912234,7875077,5272729,pointwise_ig,loo_pointwise,0.14001889030444142,103,0.0,0.3333333333333333,0.4,0.3,0.4
duot5,DuoT5,912234,7875077,5272729,loo_pairwise,loo_pointwise,0.7737886043140184,103,0.0,0.3333333333333333,0.8,0.7,0.75
duot5,DuoT5,929046,491288,6013912,pairwise_ig,pointwise_ig,-0.0596657633242999,81,0.0,0.0,0.2,0.1,0.15
duot5,DuoT5,929046,491288,6013912,pairwise_ig,loo_pairwise,0.14103432700993676,81,0.0,0.3333333333333333,0.2,0.2,0.3
duot5,DuoT5,929046,491288,6013912,pairwise_ig,loo_pointwise,-0.04762872628726287,81,0.0,0.3333333333333333,0.2,0.1,0.25
duot5,DuoT5,929046,491288,6013912,pointwise_ig,loo_pairwise,-0.20024841915085814,81,0.0,0.0,0.0,0.2,0.15
duot5,DuoT5,929046,491288,6013912,pointwise_ig,loo_pointwise,-0.0774390243902439,81,0.0,0.0,0.2,0.2,0.25
duot5,DuoT5,929046,491288,6013912,loo_pairwise,loo_pointwise,0.5988482384823849,81,1.0,0.3333333333333333,0.4,0.4,0.65
duot5,DuoT5,930721,7805222,2727834,pairwise_ig,pointwise_ig,0.09742151256877765,92,0.0,0.0,0.0,0.3,0.15
duot5,DuoT5,930721,7805222,2727834,pairwise_ig,loo_pairwise,0.22622258526886857,92,1.0,0.3333333333333333,0.2,0.3,0.35
duot5,DuoT5,930721,7805222,2727834,pairwise_ig,loo_pointwise,-0.0244439991985574,92,0.0,0.0,0.2,0.2,0.15
duot5,DuoT5,930721,7805222,2727834,pointwise_ig,loo_pairwise,0.31439668326063835,92,0.0,0.0,0.0,0.1,0.2
duot5,DuoT5,930721,7805222,2727834,pointwise_ig,loo_pointwise,-0.10953562566465792,92,0.0,0.0,0.2,0.3,0.35
duot5,DuoT5,930721,7805222,2727834,loo_pairwise,loo_pointwise,-0.3702048302328807,92,0.0,0.0,0.0,0.0,0.0
duot5,DuoT5,938140,7943868,3496238,pairwise_ig,pointwise_ig,0.42011644374508256,124,0.0,0.3333333333333333,0.2,0.4,0.45
duot5,DuoT5,938140,7943868,3496238,pairwise_ig,loo_pairwise,0.09377183320220299,124,0.0,0.6666666666666666,0.4,0.4,0.4
duot5,DuoT5,938140,7943868,3496238,pairwise_ig,loo_pointwise,0.05002045633359559,124,0.0,0.3333333333333333,0.2,0.3,0.5
duot5,DuoT5,938140,7943868,3496238,pointwise_ig,loo_pairwise,0.10663729346970888,124,0.0,0.3333333333333333,0.4,0.3,0.4
duot5,DuoT5,938140,7943868,3496238,pointwise_ig,loo_pointwise,0.14637293469708887,124,1.0,0.3333333333333333,0.4,0.3,0.3
duot5,DuoT5,938140,7943868,3496238,loo_pairwise,loo_pointwise,0.5462218725413059,124,0.0,0.6666666666666666,0.6,0.7,0.6
duot5,DuoT5,942651,7761568,3601715,pairwise_ig,pointwise_ig,-0.4960106382978723,95,0.0,0.0,0.0,0.0,0.0
duot5,DuoT5,942651,7761568,3601715,pairwise_ig,loo_pairwise,0.14692049272116461,95,0.0,0.3333333333333333,0.4,0.3,0.35
duot5,DuoT5,942651,7761568,3601715,pairwise_ig,loo_pointwise,0.02788353863381859,95,0.0,0.0,0.0,0.1,0.3
duot5,DuoT5,942651,7761568,3601715,pointwise_ig,loo_pairwise,-0.07235442329227325,95,0.0,0.0,0.2,0.1,0.2
duot5,DuoT5,942651,7761568,3601715,pointwise_ig,loo_pointwise,0.043631019036954086,95,0.0,0.0,0.4,0.3,0.35
duot5,DuoT5,942651,7761568,3601715,loo_pairwise,loo_pointwise,0.24622060470324747,95,0.0,0.3333333333333333,0.4,0.4,0.35
duot5,DuoT5,948532,2884991,7654359,pairwise_ig,pointwise_ig,0.04184092241547782,85,0.0,0.6666666666666666,0.6,0.3,0.45
duot5,DuoT5,948532,2884991,7654359,pairwise_ig,loo_pairwise,0.319484072698847,85,0.0,0.3333333333333333,0.2,0.4,0.65
duot5,DuoT5,948532,2884991,7654359,pairwise_ig,loo_pointwise,0.2558139534883721,85,0.0,0.0,0.2,0.3,0.5
duot5,DuoT5,948532,2884991,7654359,pointwise_ig,loo_pairwise,0.16261481336720737,85,0.0,0.3333333333333333,0.2,0.3,0.55
duot5,DuoT5,948532,2884991,7654359,pointwise_ig,loo_pointwise,-0.06368966191127615,85,0.0,0.0,0.2,0.2,0.45
duot5,DuoT5,948532,2884991,7654359,loo_pairwise,loo_pointwise,0.42601133476646474,85,0.0,0.0,0.4,0.6,0.65
duot5,DuoT5,986972,7735236,7735233,pairwise_ig,pointwise_ig,-0.18724710404099718,131,0.0,0.0,0.0,0.0,0.15
duot5,DuoT5,986972,7735236,7735233,pairwise_ig,loo_pairwise,0.08799978647306893,131,0.0,0.0,0.2,0.6,0.45
duot5,DuoT5,986972,7735236,7735233,pairwise_ig,loo_pointwise,0.007879143757006353,131,0.0,0.3333333333333333,0.4,0.3,0.35
duot5,DuoT5,986972,7735236,7735233,pointwise_ig,loo_pairwise,-0.14850264239577216,131,0.0,0.0,0.0,0.1,0.2
duot5,DuoT5,986972,7735236,7735233,pointwise_ig,loo_pointwise,-0.050403032082421396,131,0.0,0.0,0.0,0.0,0.15
duot5,DuoT5,986972,7735236,7735233,loo_pairwise,loo_pointwise,0.35711845406501896,131,0.0,0.0,0.4,0.5,0.45
duot5,DuoT5,988119,7289721,1118353,pairwise_ig,pointwise_ig,0.6156474394381757,115,0.0,0.0,0.6,0.8,0.65
duot5,DuoT5,988119,7289721,1118353,pairwise_ig,loo_pairwise,0.0606091690996607,115,0.0,0.0,0.0,0.3,0.4
duot5,DuoT5,988119,7289721,1118353,pairwise_ig,loo_pointwise,0.19487887635129805,115,0.0,0.0,0.2,0.4,0.35
duot5,DuoT5,988119,7289721,1118353,pointwise_ig,loo_pairwise,0.19632289118598598,115,0.0,0.0,0.4,0.3,0.5
duot5,DuoT5,988119,7289721,1118353,pointwise_ig,loo_pointwise,0.29195928351613665,115,0.0,0.6666666666666666,0.6,0.5,0.45
duot5,DuoT5,988119,7289721,1118353,loo_pairwise,loo_pointwise,0.5875404403061627,115,1.0,0.3333333333333333,0.6,0.6,0.65
duot5,DuoT5,988124,7289647,803059,pairwise_ig,pointwise_ig,0.08428363080769496,120,0.0,0.3333333333333333,0.2,0.1,0.35
duot5,DuoT5,988124,7289647,803059,pairwise_ig,loo_pairwise,0.04332245294812139,120,0.0,0.3333333333333333,0.4,0.2,0.25
duot5,DuoT5,988124,7289647,803059,pairwise_ig,loo_pointwise,-0.10448642266824083,120,0.0,0.0,0.2,0.2,0.35
duot5,DuoT5,988124,7289647,803059,pointwise_ig,loo_pairwise,-0.007229668726994929,120,0.0,0.3333333333333333,0.2,0.2,0.15
duot5,DuoT5,988124,7289647,803059,pointwise_ig,loo_pointwise,0.14612125842072365,120,0.0,0.0,0.0,0.5,0.5
duot5,DuoT5,988124,7289647,803059,loo_pairwise,loo_pointwise,0.4476491423015487,120,1.0,0.6666666666666666,0.4,0.3,0.35
duot5,DuoT5,989108,7777611,6619101,pairwise_ig,pointwise_ig,-0.12046190184585774,70,0.0,0.0,0.2,0.3,0.35
duot5,DuoT5,989108,7777611,6619101,pairwise_ig,loo_pairwise,-0.049392004199107685,70,0.0,0.0,0.0,0.1,0.2
duot5,DuoT5,989108,7777611,6619101,pairwise_ig,loo_pointwise,0.15010060362173036,70,0.0,0.0,0.0,0.3,0.45
duot5,DuoT5,989108,7777611,6619101,pointwise_ig,loo_pairwise,0.10506517365059925,70,0.0,0.0,0.2,0.4,0.35
duot5,DuoT5,989108,7777611,6619101,pointwise_ig,loo_pointwise,0.07920566879538096,70,1.0,0.6666666666666666,0.4,0.6,0.4
duot5,DuoT5,989108,7777611,6619101,loo_pairwise,loo_pointwise,0.4606596098329105,70,0.0,0.0,0.6,0.7,0.65
duot5,DuoT5,991342,7282434,7282431,pairwise_ig,pointwise_ig,0.22760969745541976,92,0.0,0.0,0.0,0.1,0.15
duot5,DuoT5,991342,7282434,7282431,pairwise_ig,loo_pairwise,0.20290368817718046,92,1.0,0.6666666666666666,0.4,0.4,0.45
duot5,DuoT5,991342,7282434,7282431,pairwise_ig,loo_pointwise,0.24032489249880554,92,1.0,0.6666666666666666,0.6,0.4,0.45
duot5,DuoT5,991342,7282434,7282431,pointwise_ig,loo_pairwise,0.05650170306551793,92,0.0,0.0,0.0,0.0,0.25
duot5,DuoT5,991342,7282434,7282431,pointwise_ig,loo_pointwise,-0.034384969868840834,92,0.0,0.0,0.0,0.1,0.35
duot5,DuoT5,991342,7282434,7282431,loo_pairwise,loo_pointwise,0.6157699243253241,92,1.0,0.6666666666666666,0.6,0.5,0.65
duot5,DuoT5,992433,7279737,5596847,pairwise_ig,pointwise_ig,0.0994618410700236,124,0.0,0.0,0.4,0.2,0.35
duot5,DuoT5,992433,7279737,5596847,pairwise_ig,loo_pairwise,0.09047993705743508,124,0.0,0.0,0.0,0.0,0.3
duot5,DuoT5,992433,7279737,5596847,pairwise_ig,loo_pointwise,0.05325264083821044,124,0.0,0.0,0.2,0.2,0.35
duot5,DuoT5,992433,7279737,5596847,pointwise_ig,loo_pairwise,-0.11289378442171519,124,0.0,0.0,0.0,0.0,0.15
duot5,DuoT5,992433,7279737,5596847,pointwise_ig,loo_pointwise,0.08632586361279548,124,0.0,0.0,0.4,0.3,0.5
duot5,DuoT5,992433,7279737,5596847,loo_pairwise,loo_pointwise,0.3805765233309563,124,0.0,0.0,0.2,0.2,0.4
duot5,DuoT5,995125,7026693,8547279,pairwise_ig,pointwise_ig,-0.27144322575554336,115,0.0,0.0,0.0,0.2,0.2
duot5,DuoT5,995125,7026693,8547279,pairwise_ig,loo_pairwise,0.22767300560246193,115,1.0,0.6666666666666666,0.4,0.2,0.35
duot5,DuoT5,995125,7026693,8547279,pairwise_ig,loo_pointwise,0.013232857255582734,115,0.0,0.0,0.2,0.2,0.2
duot5,DuoT5,995125,7026693,8547279,pointwise_ig,loo_pairwise,-0.1631736763197349,115,0.0,0.0,0.0,0.1,0.2
duot5,DuoT5,995125,7026693,8547279,pointwise_ig,loo_pointwise,0.11916673242326206,115,0.0,0.0,0.2,0.2,0.3
duot5,DuoT5,995125,7026693,8547279,loo_pairwise,loo_pointwise,-0.41316973092401166,115,0.0,0.0,0.0,0.0,0.1
duot5,DuoT5,99556,7684278,5424501,pairwise_ig,pointwise_ig,0.5197761703980037,168,0.0,0.3333333333333333,0.6,0.7,0.7
duot5,DuoT5,99556,7684278,5424501,pairwise_ig,loo_pairwise,0.11814831874712114,168,1.0,0.3333333333333333,0.4,0.4,0.35
duot5,DuoT5,99556,7684278,5424501,pairwise_ig,loo_pointwise,0.12432868835448295,168,1.0,0.3333333333333333,0.4,0.2,0.3
duot5,DuoT5,99556,7684278,5424501,pointwise_ig,loo_pairwise,0.09786850643598688,168,0.0,0.6666666666666666,0.4,0.3,0.25
duot5,DuoT5,99556,7684278,5424501,pointwise_ig,loo_pointwise,0.09697258062066907,168,0.0,0.6666666666666666,0.4,0.2,0.25
duot5,DuoT5,99556,7684278,5424501,loo_pairwise,loo_pointwise,0.5435637600538569,168,1.0,0.6666666666666666,0.8,0.6,0.45
duot5,DuoT5,998609,7267718,18621,pairwise_ig,pointwise_ig,-0.10919214234535468,159,1.0,0.3333333333333333,0.2,0.2,0.3
duot5,DuoT5,998609,7267718,18621,pairwise_ig,loo_pairwise,0.17297587771674233,159,1.0,0.3333333333333333,0.2,0.2,0.45
duot5,DuoT5,998609,7267718,18621,pairwise_ig,loo_pointwise,0.04645330785765465,159,1.0,0.3333333333333333,0.4,0.3,0.3
duot5,DuoT5,998609,7267718,18621,pointwise_ig,loo_pairwise,-0.03851206114162886,159,1.0,0.3333333333333333,0.2,0.1,0.25
duot5,DuoT5,998609,7267718,18621,pointwise_ig,loo_pointwise,0.04135419154525914,159,1.0,0.3333333333333333,0.2,0.1,0.15
duot5,DuoT5,998609,7267718,18621,loo_pairwise,loo_pointwise,0.33086338667303566,159,1.0,0.6666666666666666,0.6,0.5,0.5
duot5,DuoT5,998675,7267527,1376492,pairwise_ig,pointwise_ig,0.47969996999699965,100,1.0,1.0,0.6,0.6,0.6
duot5,DuoT5,998675,7267527,1376492,pairwise_ig,loo_pairwise,0.3556435643564356,100,0.0,0.3333333333333333,0.2,0.5,0.5
duot5,DuoT5,998675,7267527,1376492,pairwise_ig,loo_pointwise,0.012601260126012601,100,0.0,0.0,0.0,0.2,0.3
duot5,DuoT5,998675,7267527,1376492,pointwise_ig,loo_pairwise,0.15018301830183017,100,0.0,0.3333333333333333,0.4,0.5,0.4
duot5,DuoT5,998675,7267527,1376492,pointwise_ig,loo_pointwise,-0.04078007800780077,100,0.0,0.0,0.2,0.2,0.3
duot5,DuoT5,998675,7267527,1376492,loo_pairwise,loo_pointwise,0.3014101410141014,100,0.0,0.3333333333333333,0.2,0.3,0.45
duot5,DuoT5,998965,7266627,2828602,pairwise_ig,pointwise_ig,-0.0434849298259069,118,1.0,0.3333333333333333,0.4,0.2,0.35
duot5,DuoT5,998965,7266627,2828602,pairwise_ig,loo_pairwise,0.12758428012665304,118,0.0,0.3333333333333333,0.2,0.2,0.2
duot5,DuoT5,998965,7266627,2828602,pairwise_ig,loo_pointwise,0.06628101044850797,118,1.0,0.3333333333333333,0.2,0.2,0.15
duot5,DuoT5,998965,7266627,2828602,pointwise_ig,loo_pairwise,-0.1092875220492369,118,0.0,0.3333333333333333,0.2,0.2,0.2
duot5,DuoT5,998965,7266627,2828602,pointwise_ig,loo_pointwise,-0.10683334611549966,118,1.0,0.3333333333333333,0.2,0.2,0.25
duot5,DuoT5,998965,7266627,2828602,loo_pairwise,loo_pointwise,0.17970630233840604,118,0.0,0.6666666666666666,0.4,0.4,0.3
