experiment,model_label,qid,pid_i,pid_j,method_a,method_b,spearman_full,n_aligned,top1_overlap,top3_overlap,top5_overlap,top10_overlap,top20_overlap
cross_encoder,Cross-encoder,1001108,7870036,302808,pairwise_ig,pointwise_ig,1.0,179,1.0,1.0,1.0,1.0,1.0
cross_encoder,Cross-encoder,1001108,7870036,302808,pairwise_ig,loo_pairwise,0.2985751051409202,179,0.0,0.0,0.0,0.1,0.3
cross_encoder,Cross-encoder,1001108,7870036,302808,pairwise_ig,loo_pointwise,0.2985751051409202,179,0.0,0.0,0.0,0.1,0.3
cross_encoder,Cross-encoder,1001108,7870036,302808,pointwise_ig,loo_pairwise,0.2985751051409202,179,0.0,0.0,0.0,0.1,0.3
cross_encoder,Cross-encoder,1001108,7870036,302808,pointwise_ig,loo_pointwise,0.2985751051409202,179,0.0,0.0,0.0,0.1,0.3
cross_encoder,Cross-encoder,1001108,7870036,302808,loo_pairwise,loo_pointwise,1.0,179,1.0,1.0,1.0,1.0,1.0
cross_encoder,Cross-encoder,1009183,7249212,6234872,pairwise_ig,pointwise_ig,1.0,146,1.0,1.0,1.0,1.0,1.0
cross_encoder,Cross-encoder,1009183,7249212,6234872,pairwise_ig,loo_pairwise,0.11271051642196794,146,0.0,0.3333333333333333,0.4,0.3,0.35
cross_encoder,Cross-encoder,1009183,7249212,6234872,pairwise_ig,loo_pointwise,0.11271051642196794,146,0.0,0.3333333333333333,0.4,0.3,0.35
cross_encoder,Cross-encoder,1009183,7249212,6234872,pointwise_ig,loo_pairwise,0.11271051642196794,146,0.0,0.3333333333333333,0.4,0.3,0.35
cross_encoder,Cross-encoder,1009183,7249212,6234872,pointwise_ig,loo_pointwise,0.11271051642196794,146,0.0,0.3333333333333333,0.4,0.3,0.35
cross_encoder,Cross-encoder,1009183,7249212,6234872,loo_pairwise,loo_pointwise,1.0,146,1.0,1.0,1.0,1.0,1.0
cross_encoder,Cross-encoder,1009742,7248275,1693626,pairwise_ig,pointwise_ig,1.0,113,1.0,1.0,1.0,1.0,1.0
cross_encoder,Cross-encoder,1009742,7248275,1693626,pairwise_ig,loo_pairwise,0.3365410206933263,113,0.0,0.3333333333333333,0.6,0.4,0.25
cross_encoder,Cross-encoder,1009742,7248275,1693626,pairwise_ig,loo_pointwise,0.3365410206933263,113,0.0,0.3333333333333333,0.6,0.4,0.25
cross_encoder,Cross-encoder,1009742,7248275,1693626,pointwise_ig,loo_pairwise,0.3365410206933263,113,0.0,0.3333333333333333,0.6,0.4,0.25
cross_encoder,Cross-encoder,1009742,7248275,1693626,pointwise_ig,loo_pointwise,0.3365410206933263,113,0.0,0.3333333333333333,0.6,0.4,0.25
cross_encoder,Cross-encoder,1009742,7248275,1693626,loo_pairwise,loo_pointwise,1.0,113,1.0,1.0,1.0,1.0,1.0
cross_encoder,Cross-encoder,1010700,7908507,1929965,pairwise_ig,pointwise_ig,1.0,111,1.0,1.0,1.0,1.0,1.0
cross_encoder,Cross-encoder,1010700,7908507,1929965,pairwise_ig,loo_pairwise,0.1247104247104247,111,1.0,1.0,0.6,0.5,0.45
cross_encoder,Cross-encoder,1010700,7908507,1929965,pairwise_ig,loo_pointwise,0.1247104247104247,111,1.0,1.0,0.6,0.5,0.45
cross_encoder,Cross-encoder,1010700,7908507,1929965,pointwise_ig,loo_pairwise,0.1247104247104247,111,1.0,1.0,0.6,0.5,0.45
cross_encoder,Cross-encoder,1010700,7908507,1929965,pointwise_ig,loo_pointwise,0.1247104247104247,111,1.0,1.0,0.6,0.5,0.45
cross_encoder,Cross-encoder,1010700,7908507,1929965,loo_pairwise,loo_pointwise,1.0,111,1.0,1.0,1.0,1.0,1.0
cross_encoder,Cross-encoder,1012865,7242969,4597623,pairwise_ig,pointwise_ig,1.0,112,1.0,1.0,1.0,1.0,1.0
cross_encoder,Cross-encoder,1012865,7242969,4597623,pairwise_ig,loo_pairwise,0.40391908975979773,112,0.0,0.3333333333333333,0.4,0.5,0.65
cross_encoder,Cross-encoder,1012865,7242969,4597623,pairwise_ig,loo_pointwise,0.40391908975979773,112,0.0,0.3333333333333333,0.4,0.5,0.65
cross_encoder,Cross-encoder,1012865,7242969,4597623,pointwise_ig,loo_pairwise,0.40391908975979773,112,0.0,0.3333333333333333,0.4,0.5,0.65
cross_encoder,Cross-encoder,1012865,7242969,4597623,pointwise_ig,loo_pointwise,0.40391908975979773,112,0.0,0.3333333333333333,0.4,0.5,0.65
cross_encoder,Cross-encoder,1012865,7242969,4597623,loo_pairwise,loo_pointwise,1.0,112,1.0,1.0,1.0,1.0,1.0
cross_encoder,Cross-encoder,1020244,7233356,7263764,pairwise_ig,pointwise_ig,0.9999999999999999,78,1.0,1.0,1.0,1.0,1.0
cross_encoder,Cross-encoder,1020244,7233356,7263764,pairwise_ig,loo_pairwise,0.1229277052061862,78,0.0,0.0,0.0,0.2,0.45
cross_encoder,Cross-encoder,1020244,7233356,7263764,pairwise_ig,loo_pointwise,0.1229277052061862,78,0.0,0.0,0.0,0.2,0.45
cross_encoder,Cross-encoder,1020244,7233356,7263764,pointwise_ig,loo_pairwise,0.1229277052061862,78,0.0,0.0,0.0,0.2,0.45
cross_encoder,Cross-encoder,1020244,7233356,7263764,pointwise_ig,loo_pointwise,0.1229277052061862,78,0.0,0.0,0.0,0.2,0.45
cross_encoder,Cross-encoder,1020244,7233356,7263764,loo_pairwise,loo_pointwise,0.9999999999999999,78,1.0,1.0,1.0,1.0,1.0
cross_encoder,Cross-encoder,1022762,6046885,4016587,pairwise_ig,pointwise_ig,1.0,137,1.0,1.0,1.0,1.0,1.0
cross_encoder,Cross-encoder,1022762,6046885,4016587,pairwise_ig,loo_pairwise,0.5150605783411428,137,1.0,1.0,0.6,0.4,0.5
cross_encoder,Cross-encoder,1022762,6046885,4016587,pairwise_ig,loo_pointwise,0.5150605783411428,137,1.0,1.0,0.6,0.4,0.5
cross_encoder,Cross-encoder,1022762,6046885,4016587,pointwise_ig,loo_pairwise,0.5150605783411428,137,1.0,1.0,0.6,0.4,0.5
cross_encoder,Cross-encoder,1022762,6046885,4016587,pointwise_ig,loo_pointwise,0.5150605783411428,137,1.0,1.0,0.6,0.4,0.5
cross_encoder,Cross-encoder,1022762,6046885,4016587,loo_pairwise,loo_pointwise,1.0,137,1.0,1.0,1.0,1.0,1.0
cross_encoder,Cross-encoder,1022769,7229482,4831112,pairwise_ig,pointwise_ig,1.0,219,1.0,1.0,1.0,1.0,1.0
cross_encoder,Cross-encoder,1022769,7229482,4831112,pairwise_ig,loo_pairwise,0.18241062255379734,219,0.0,0.3333333333333333,0.4,0.3,0.3
cross_encoder,Cross-encoder,1022769,7229482,4831112,pairwise_ig,loo_pointwise,0.18241062255379734,219,0.0,0.3333333333333333,0.4,0.3,0.3
cross_encoder,Cross-encoder,1022769,7229482,4831112,pointwise_ig,loo_pairwise,0.18241062255379734,219,0.0,0.3333333333333333,0.4,0.3,0.3
cross_encoder,Cross-encoder,1022769,7229482,4831112,pointwise_ig,loo_pointwise,0.18241062255379734,219,0.0,0.3333333333333333,0.4,0.3,0.3
cross_encoder,Cross-encoder,1022769,7229482,4831112,loo_pairwise,loo_pointwise,1.0,219,1.0,1.0,1.0,1.0,1.0
cross_encoder,Cross-encoder,1024904,7226370,3154741,pairwise_ig,pointwise_ig,1.0,106,1.0,1.0,1.0,1.0,1.0
cross_encoder,Cross-encoder,1024904,7226370,3154741,pairwise_ig,loo_pairwise,0.262513540066,106,1.0,0.6666666666666666,0.4,0.4,0.4
cross_encoder,Cross-encoder,1024904,7226370,3154741,pairwise_ig,loo_pointwise,0.262513540066,106,1.0,0.6666666666666666,0.4,0.4,0.4
cross_encoder,Cross-encoder,1024904,7226370,3154741,pointwise_ig,loo_pairwise,0.262513540066,106,1.0,0.6666666666666666,0.4,0.4,0.4
cross_encoder,Cross-encoder,1024904,7226370,3154741,pointwise_ig,loo_pointwise,0.262513540066,106,1.0,0.6666666666666666,0.4,0.4,0.4
cross_encoder,Cross-encoder,1024904,7226370,3154741,loo_pairwise,loo_pointwise,1.0,106,1.0,1.0,1.0,1.0,1.0
cross_encoder,Cross-encoder,102627,7875009,7554353,pairwise_ig,pointwise_ig,1.0,135,1.0,1.0,1.0,1.0,1.0
cross_encoder,Cross-encoder,102627,7875009,7554353,pairwise_ig,loo_pairwise,0.45252170519949275,135,1.0,0.6666666666666666,0.6,0.3,0.35
cross_encoder,Cross-encoder,102627,7875009,7554353,pairwise_ig,loo_pointwise,0.45252170519949275,135,1.0,0.6666666666666666,0.6,0.3,0.35
cross_encoder,Cross-encoder,102627,7875009,7554353,pointwise_ig,loo_pairwise,0.45252170519949275,135,1.0,0.6666666666666666,0.6,0.3,0.35
cross_encoder,Cross-encoder,102627,7875009,7554353,pointwise_ig,loo_pointwise,0.45252170519949275,135,1.0,0.6666666666666666,0.6,0.3,0.35
cross_encoder,Cross-encoder,102627,7875009,7554353,loo_pairwise,loo_pointwise,1.0,135,1.0,1.0,1.0,1.0,1.0
cross_encoder,Cross-encoder,1029772,7218572,7221946,pairwise_ig,pointwise_ig,1.0,192,1.0,1.0,1.0,1.0,1.0
cross_encoder,Cross-encoder,1029772,7218572,7221946,pairwise_ig,loo_pairwise,0.3162486775357405,192,0.0,1.0,0.6,0.3,0.45
cross_encoder,Cross-encoder,1029772,7218572,7221946,pairwise_ig,loo_pointwise,0.3162486775357405,192,0.0,1.0,0.6,0.3,0.45
cross_encoder,Cross-encoder,1029772,7218572,7221946,pointwise_ig,loo_pairwise,0.3162486775357405,192,0.0,1.0,0.6,0.3,0.45
cross_encoder,Cross-encoder,1029772,7218572,7221946,pointwise_ig,loo_pointwise,0.3162486775357405,192,0.0,1.0,0.6,0.3,0.45
cross_encoder,Cross-encoder,1029772,7218572,7221946,loo_pairwise,loo_pointwise,1.0,192,1.0,1.0,1.0,1.0,1.0
cross_encoder,Cross-encoder,1034587,7210738,6658774,pairwise_ig,pointwise_ig,1.0,178,1.0,1.0,1.0,1.0,1.0
cross_encoder,Cross-encoder,1034587,7210738,6658774,pairwise_ig,loo_pairwise,0.33170058589531765,178,0.0,0.3333333333333333,0.4,0.5,0.35
cross_encoder,Cross-encoder,1034587,7210738,6658774,pairwise_ig,loo_pointwise,0.33170058589531765,178,0.0,0.3333333333333333,0.4,0.5,0.35
cross_encoder,Cross-encoder,1034587,7210738,6658774,pointwise_ig,loo_pairwise,0.33170058589531765,178,0.0,0.3333333333333333,0.4,0.5,0.35
cross_encoder,Cross-encoder,1034587,7210738,6658774,pointwise_ig,loo_pointwise,0.33170058589531765,178,0.0,0.3333333333333333,0.4,0.5,0.35
cross_encoder,Cross-encoder,1034587,7210738,6658774,loo_pairwise,loo_pointwise,1.0,178,1.0,1.0,1.0,1.0,1.0
cross_encoder,Cross-encoder,1037250,7206078,7148279,pairwise_ig,pointwise_ig,1.0,111,1.0,1.0,1.0,1.0,1.0
cross_encoder,Cross-encoder,1037250,7206078,7148279,pairwise_ig,loo_pairwise,0.21917339417339418,111,0.0,0.0,0.2,0.5,0.35
cross_encoder,Cross-encoder,1037250,7206078,7148279,pairwise_ig,loo_pointwise,0.21917339417339418,111,0.0,0.0,0.2,0.5,0.35
cross_encoder,Cross-encoder,1037250,7206078,7148279,pointwise_ig,loo_pairwise,0.21917339417339418,111,0.0,0.0,0.2,0.5,0.35
cross_encoder,Cross-encoder,1037250,7206078,7148279,pointwise_ig,loo_pointwise,0.21917339417339418,111,0.0,0.0,0.2,0.5,0.35
cross_encoder,Cross-encoder,1037250,7206078,7148279,loo_pairwise,loo_pointwise,1.0,111,1.0,1.0,1.0,1.0,1.0
cross_encoder,Cross-encoder,1041951,7198934,525176,pairwise_ig,pointwise_ig,1.0,130,1.0,1.0,1.0,1.0,1.0
cross_encoder,Cross-encoder,1041951,7198934,525176,pairwise_ig,loo_pairwise,0.39728249737126003,130,0.0,0.3333333333333333,0.4,0.6,0.35
cross_encoder,Cross-encoder,1041951,7198934,525176,pairwise_ig,loo_pointwise,0.39728249737126003,130,0.0,0.3333333333333333,0.4,0.6,0.35
cross_encoder,Cross-encoder,1041951,7198934,525176,pointwise_ig,loo_pairwise,0.39728249737126003,130,0.0,0.3333333333333333,0.4,0.6,0.35
cross_encoder,Cross-encoder,1041951,7198934,525176,pointwise_ig,loo_pointwise,0.39728249737126003,130,0.0,0.3333333333333333,0.4,0.6,0.35
cross_encoder,Cross-encoder,1041951,7198934,525176,loo_pairwise,loo_pointwise,1.0,130,1.0,1.0,1.0,1.0,1.0
cross_encoder,Cross-encoder,1042978,7197542,7253051,pairwise_ig,pointwise_ig,1.0,115,1.0,1.0,1.0,1.0,1.0
cross_encoder,Cross-encoder,1042978,7197542,7253051,pairwise_ig,loo_pairwise,0.5614534837844236,115,1.0,1.0,0.6,0.7,0.45
cross_encoder,Cross-encoder,1042978,7197542,7253051,pairwise_ig,loo_pointwise,0.5614534837844236,115,1.0,1.0,0.6,0.7,0.45
cross_encoder,Cross-encoder,1042978,7197542,7253051,pointwise_ig,loo_pairwise,0.5614534837844236,115,1.0,1.0,0.6,0.7,0.45
cross_encoder,Cross-encoder,1042978,7197542,7253051,pointwise_ig,loo_pointwise,0.5614534837844236,115,1.0,1.0,0.6,0.7,0.45
cross_encoder,Cross-encoder,1042978,7197542,7253051,loo_pairwise,loo_pointwise,1.0,115,1.0,1.0,1.0,1.0,1.0
cross_encoder,Cross-encoder,1043064,7197436,3946686,pairwise_ig,pointwise_ig,1.0,90,1.0,1.0,1.0,1.0,1.0
cross_encoder,Cross-encoder,1043064,7197436,3946686,pairwise_ig,loo_pairwise,0.26333292175988804,90,0.0,0.6666666666666666,0.4,0.2,0.3
cross_encoder,Cross-encoder,1043064,7197436,3946686,pairwise_ig,loo_pointwise,0.26333292175988804,90,0.0,0.6666666666666666,0.4,0.2,0.3
cross_encoder,Cross-encoder,1043064,7197436,3946686,pointwise_ig,loo_pairwise,0.26333292175988804,90,0.0,0.6666666666666666,0.4,0.2,0.3
cross_encoder,Cross-encoder,1043064,7197436,3946686,pointwise_ig,loo_pointwise,0.26333292175988804,90,0.0,0.6666666666666666,0.4,0.2,0.3
cross_encoder,Cross-encoder,1043064,7197436,3946686,loo_pairwise,loo_pointwise,1.0,90,1.0,1.0,1.0,1.0,1.0
cross_encoder,Cross-encoder,1043568,7197007,6271703,pairwise_ig,pointwise_ig,1.0,118,1.0,1.0,1.0,1.0,1.0
cross_encoder,Cross-encoder,1043568,7197007,6271703,pairwise_ig,loo_pairwise,0.06528765352294764,118,1.0,0.6666666666666666,0.6,0.4,0.35
cross_encoder,Cross-encoder,1043568,7197007,6271703,pairwise_ig,loo_pointwise,0.06528765352294764,118,1.0,0.6666666666666666,0.6,0.4,0.35
cross_encoder,Cross-encoder,1043568,7197007,6271703,pointwise_ig,loo_pairwise,0.06528765352294764,118,1.0,0.6666666666666666,0.6,0.4,0.35
cross_encoder,Cross-encoder,1043568,7197007,6271703,pointwise_ig,loo_pointwise,0.06528765352294764,118,1.0,0.6666666666666666,0.6,0.4,0.35
cross_encoder,Cross-encoder,1043568,7197007,6271703,loo_pairwise,loo_pointwise,1.0,118,1.0,1.0,1.0,1.0,1.0
cross_encoder,Cross-encoder,1047162,7190154,6838924,pairwise_ig,pointwise_ig,0.9999999999999998,143,1.0,1.0,1.0,1.0,1.0
cross_encoder,Cross-encoder,1047162,7190154,6838924,pairwise_ig,loo_pairwise,0.23573492235464064,143,1.0,0.3333333333333333,0.4,0.2,0.3
cross_encoder,Cross-encoder,1047162,7190154,6838924,pairwise_ig,loo_pointwise,0.23573492235464064,143,1.0,0.3333333333333333,0.4,0.2,0.3
cross_encoder,Cross-encoder,1047162,7190154,6838924,pointwise_ig,loo_pairwise,0.23573492235464064,143,1.0,0.3333333333333333,0.4,0.2,0.3
cross_encoder,Cross-encoder,1047162,7190154,6838924,pointwise_ig,loo_pointwise,0.23573492235464064,143,1.0,0.3333333333333333,0.4,0.2,0.3
cross_encoder,Cross-encoder,1047162,7190154,6838924,loo_pairwise,loo_pointwise,0.9999999999999998,143,1.0,1.0,1.0,1.0,1.0
cross_encoder,Cross-encoder,1047642,7189248,7189250,pairwise_ig,pointwise_ig,1.0,104,1.0,1.0,1.0,1.0,1.0
cross_encoder,Cross-encoder,1047642,7189248,7189250,pairwise_ig,loo_pairwise,0.7081582955276857,104,1.0,0.6666666666666666,1.0,0.8,0.55
cross_encoder,Cross-encoder,1047642,7189248,7189250,pairwise_ig,loo_pointwise,0.7081582955276857,104,1.0,0.6666666666666666,1.0,0.8,0.55
cross_encoder,Cross-encoder,1047642,7189248,7189250,pointwise_ig,loo_pairwise,0.7081582955276857,104,1.0,0.6666666666666666,1.0,0.8,0.55
cross_encoder,Cross-encoder,1047642,7189248,7189250,pointwise_ig,loo_pointwise,0.7081582955276857,104,1.0,0.6666666666666666,1.0,0.8,0.55
cross_encoder,Cross-encoder,1047642,7189248,7189250,loo_pairwise,loo_pointwise,1.0,104,1.0,1.0,1.0,1.0,1.0
cross_encoder,Cross-encoder,1051223,7183716,8205792,pairwise_ig,pointwise_ig,1.0,85,1.0,1.0,1.0,1.0,1.0
cross_encoder,Cross-encoder,1051223,7183716,8205792,pairwise_ig,loo_pairwise,0.7046511627906977,85,0.0,0.6666666666666666,0.6,0.7,0.65
cross_encoder,Cross-encoder,1051223,7183716,8205792,pairwise_ig,loo_pointwise,0.7046511627906977,85,0.0,0.6666666666666666,0.6,0.7,0.65
cross_encoder,Cross-encoder,1051223,7183716,8205792,pointwise_ig,loo_pairwise,0.7046511627906977,85,0.0,0.6666666666666666,0.6,0.7,0.65
cross_encoder,Cross-encoder,1051223,7183716,8205792,pointwise_ig,loo_pointwise,0.7046511627906977,85,0.0,0.6666666666666666,0.6,0.7,0.65
cross_encoder,Cross-encoder,1051223,7183716,8205792,loo_pairwise,loo_pointwise,1.0,85,1.0,1.0,1.0,1.0,1.0
cross_encoder,Cross-encoder,1057139,7173406,7694290,pairwise_ig,pointwise_ig,1.0,130,1.0,1.0,1.0,1.0,1.0
cross_encoder,Cross-encoder,1057139,7173406,7694290,pairwise_ig,loo_pairwise,0.6456431195291482,130,1.0,1.0,0.8,0.6,0.55
cross_encoder,Cross-encoder,1057139,7173406,7694290,pairwise_ig,loo_pointwise,0.6456431195291482,130,1.0,1.0,0.8,0.6,0.55
cross_encoder,Cross-encoder,1057139,7173406,7694290,pointwise_ig,loo_pairwise,0.6456431195291482,130,1.0,1.0,0.8,0.6,0.55
cross_encoder,Cross-encoder,1057139,7173406,7694290,pointwise_ig,loo_pointwise,0.6456431195291482,130,1.0,1.0,0.8,0.6,0.55
cross_encoder,Cross-encoder,1057139,7173406,7694290,loo_pairwise,loo_pointwise,1.0,130,1.0,1.0,1.0,1.0,1.0
cross_encoder,Cross-encoder,1057270,7847045,4618128,pairwise_ig,pointwise_ig,0.9999999999999998,125,1.0,1.0,1.0,1.0,1.0
cross_encoder,Cross-encoder,1057270,7847045,4618128,pairwise_ig,loo_pairwise,0.29464208909370193,125,1.0,0.3333333333333333,0.2,0.5,0.5
cross_encoder,Cross-encoder,1057270,7847045,4618128,pairwise_ig,loo_pointwise,0.29464208909370193,125,1.0,0.3333333333333333,0.2,0.5,0.5
cross_encoder,Cross-encoder,1057270,7847045,4618128,pointwise_ig,loo_pairwise,0.29464208909370193,125,1.0,0.3333333333333333,0.2,0.5,0.5
cross_encoder,Cross-encoder,1057270,7847045,4618128,pointwise_ig,loo_pointwise,0.29464208909370193,125,1.0,0.3333333333333333,0.2,0.5,0.5
cross_encoder,Cross-encoder,1057270,7847045,4618128,loo_pairwise,loo_pointwise,0.9999999999999998,125,1.0,1.0,1.0,1.0,1.0
cross_encoder,Cross-encoder,1060391,7168612,5987972,pairwise_ig,pointwise_ig,1.0,133,1.0,1.0,1.0,1.0,1.0
cross_encoder,Cross-encoder,1060391,7168612,5987972,pairwise_ig,loo_pairwise,0.5564674916599505,133,1.0,0.3333333333333333,0.2,0.3,0.5
cross_encoder,Cross-encoder,1060391,7168612,5987972,pairwise_ig,loo_pointwise,0.5564674916599505,133,1.0,0.3333333333333333,0.2,0.3,0.5
cross_encoder,Cross-encoder,1060391,7168612,5987972,pointwise_ig,loo_pairwise,0.5564674916599505,133,1.0,0.3333333333333333,0.2,0.3,0.5
cross_encoder,Cross-encoder,1060391,7168612,5987972,pointwise_ig,loo_pointwise,0.5564674916599505,133,1.0,0.3333333333333333,0.2,0.3,0.5
cross_encoder,Cross-encoder,1060391,7168612,5987972,loo_pairwise,loo_pointwise,1.0,133,1.0,1.0,1.0,1.0,1.0
cross_encoder,Cross-encoder,1064529,7163878,941976,pairwise_ig,pointwise_ig,1.0,174,1.0,1.0,1.0,1.0,1.0
cross_encoder,Cross-encoder,1064529,7163878,941976,pairwise_ig,loo_pairwise,0.3236299439050087,174,1.0,0.6666666666666666,0.4,0.4,0.35
cross_encoder,Cross-encoder,1064529,7163878,941976,pairwise_ig,loo_pointwise,0.3236299439050087,174,1.0,0.6666666666666666,0.4,0.4,0.35
cross_encoder,Cross-encoder,1064529,7163878,941976,pointwise_ig,loo_pairwise,0.3236299439050087,174,1.0,0.6666666666666666,0.4,0.4,0.35
cross_encoder,Cross-encoder,1064529,7163878,941976,pointwise_ig,loo_pointwise,0.3236299439050087,174,1.0,0.6666666666666666,0.4,0.4,0.35
cross_encoder,Cross-encoder,1064529,7163878,941976,loo_pairwise,loo_pointwise,1.0,174,1.0,1.0,1.0,1.0,1.0
cross_encoder,Cross-encoder,1064808,7163603,2837490,pairwise_ig,pointwise_ig,0.9999999999999999,93,1.0,1.0,1.0,1.0,1.0
cross_encoder,Cross-encoder,1064808,7163603,2837490,pairwise_ig,loo_pairwise,0.721867446510101,93,1.0,0.6666666666666666,0.6,0.7,0.75
cross_encoder,Cross-encoder,1064808,7163603,2837490,pairwise_ig,loo_pointwise,0.721867446510101,93,1.0,0.6666666666666666,0.6,0.7,0.75
cross_encoder,Cross-encoder,1064808,7163603,2837490,pointwise_ig,loo_pairwise,0.721867446510101,93,1.0,0.6666666666666666,0.6,0.7,0.75
cross_encoder,Cross-encoder,1064808,7163603,2837490,pointwise_ig,loo_pointwise,0.721867446510101,93,1.0,0.6666666666666666,0.6,0.7,0.75
cross_encoder,Cross-encoder,1064808,7163603,2837490,loo_pairwise,loo_pointwise,0.9999999999999999,93,1.0,1.0,1.0,1.0,1.0
cross_encoder,Cross-encoder,1068290,7160260,7899060,pairwise_ig,pointwise_ig,1.0,188,1.0,1.0,1.0,1.0,1.0
cross_encoder,Cross-encoder,1068290,7160260,7899060,pairwise_ig,loo_pairwise,0.3944866147619589,188,0.0,0.6666666666666666,0.4,0.4,0.3
cross_encoder,Cross-encoder,1068290,7160260,7899060,pairwise_ig,loo_pointwise,0.3944866147619589,188,0.0,0.6666666666666666,0.4,0.4,0.3
cross_encoder,Cross-encoder,1068290,7160260,7899060,pointwise_ig,loo_pairwise,0.3944866147619589,188,0.0,0.6666666666666666,0.4,0.4,0.3
cross_encoder,Cross-encoder,1068290,7160260,7899060,pointwise_ig,loo_pointwise,0.3944866147619589,188,0.0,0.6666666666666666,0.4,0.4,0.3
cross_encoder,Cross-encoder,1068290,7160260,7899060,loo_pairwise,loo_pointwise,1.0,188,1.0,1.0,1.0,1.0,1.0
cross_encoder,Cross-encoder,1070452,7158303,538157,pairwise_ig,pointwise_ig,1.0,96,1.0,1.0,1.0,1.0,1.0
cross_encoder,Cross-encoder,1070452,7158303,538157,pairwise_ig,loo_pairwise,0.49312262615301145,96,1.0,0.3333333333333333,0.4,0.5,0.6
cross_encoder,Cross-encoder,1070452,7158303,538157,pairwise_ig,loo_pointwise,0.49312262615301145,96,1.0,0.3333333333333333,0.4,0.5,0.6
cross_encoder,Cross-encoder,1070452,7158303,538157,pointwise_ig,loo_pairwise,0.49312262615301145,96,1.0,0.3333333333333333,0.4,0.5,0.6
cross_encoder,Cross-encoder,1070452,7158303,538157,pointwise_ig,loo_pointwise,0.49312262615301145,96,1.0,0.3333333333333333,0.4,0.5,0.6
cross_encoder,Cross-encoder,1070452,7158303,538157,loo_pairwise,loo_pointwise,1.0,96,1.0,1.0,1.0,1.0,1.0
cross_encoder,Cross-encoder,1070546,7158204,1754033,pairwise_ig,pointwise_ig,0.9999999999999999,105,1.0,1.0,1.0,1.0,1.0
cross_encoder,Cross-encoder,1070546,7158204,1754033,pairwise_ig,loo_pairwise,0.21663902135600246,105,0.0,0.0,0.2,0.4,0.4
cross_encoder,Cross-encoder,1070546,7158204,1754033,pairwise_ig,loo_pointwise,0.21663902135600246,105,0.0,0.0,0.2,0.4,0.4
cross_encoder,Cross-encoder,1070546,7158204,1754033,pointwise_ig,loo_pairwise,0.21663902135600246,105,0.0,0.0,0.2,0.4,0.4
cross_encoder,Cross-encoder,1070546,7158204,1754033,pointwise_ig,loo_pointwise,0.21663902135600246,105,0.0,0.0,0.2,0.4,0.4
cross_encoder,Cross-encoder,1070546,7158204,1754033,loo_pairwise,loo_pointwise,0.9999999999999999,105,1.0,1.0,1.0,1.0,1.0
cross_encoder,Cross-encoder,1071198,7157715,5732479,pairwise_ig,pointwise_ig,0.9999999999999999,105,1.0,1.0,1.0,1.0,1.0
cross_encoder,Cross-encoder,1071198,7157715,5732479,pairwise_ig,loo_pairwise,0.5774828944640266,105,0.0,0.3333333333333333,0.8,0.7,0.75
cross_encoder,Cross-encoder,1071198,7157715,5732479,pairwise_ig,loo_pointwise,0.5774828944640266,105,0.0,0.3333333333333333,0.8,0.7,0.75
cross_encoder,Cross-encoder,1071198,7157715,5732479,pointwise_ig,loo_pairwise,0.5774828944640266,105,0.0,0.3333333333333333,0.8,0.7,0.75
cross_encoder,Cross-encoder,1071198,7157715,5732479,pointwise_ig,loo_pointwise,0.5774828944640266,105,0.0,0.3333333333333333,0.8,0.7,0.75
cross_encoder,Cross-encoder,1071198,7157715,5732479,loo_pairwise,loo_pointwise,0.9999999999999999,105,1.0,1.0,1.0,1.0,1.0
cross_encoder,Cross-encoder,1072479,7156499,7980160,pairwise_ig,pointwise_ig,1.0,187,1.0,1.0,1.0,1.0,1.0
cross_encoder,Cross-encoder,1072479,7156499,7980160,pairwise_ig,loo_pairwise,0.3856011363177579,187,0.0,0.3333333333333333,0.6,0.5,0.4
cross_encoder,Cross-encoder,1072479,7156499,7980160,pairwise_ig,loo_pointwise,0.3856011363177579,187,0.0,0.3333333333333333,0.6,0.5,0.4
cross_encoder,Cross-encoder,1072479,7156499,7980160,pointwise_ig,loo_pairwise,0.3856011363177579,187,0.0,0.3333333333333333,0.6,0.5,0.4
cross_encoder,Cross-encoder,1072479,7156499,7980160,pointwise_ig,loo_pointwise,0.3856011363177579,187,0.0,0.3333333333333333,0.6,0.5,0.4
cross_encoder,Cross-encoder,1072479,7156499,7980160,loo_pairwise,loo_pointwise,1.0,187,1.0,1.0,1.0,1.0,1.0
cross_encoder,Cross-encoder,1074995,7154432,8834239,pairwise_ig,pointwise_ig,0.9999999999999999,81,1.0,1.0,1.0,1.0,1.0
cross_encoder,Cross-encoder,1074995,7154432,8834239,pairwise_ig,loo_pairwise,0.6011969286359531,81,0.0,0.6666666666666666,0.6,0.5,0.55
cross_encoder,Cross-encoder,1074995,7154432,8834239,pairwise_ig,loo_pointwise,0.6011969286359531,81,0.0,0.6666666666666666,0.6,0.5,0.55
cross_encoder,Cross-encoder,1074995,7154432,8834239,pointwise_ig,loo_pairwise,0.6011969286359531,81,0.0,0.6666666666666666,0.6,0.5,0.55
cross_encoder,Cross-encoder,1074995,7154432,8834239,pointwise_ig,loo_pointwise,0.6011969286359531,81,0.0,0.6666666666666666,0.6,0.5,0.55
cross_encoder,Cross-encoder,1074995,7154432,8834239,loo_pairwise,loo_pointwise,0.9999999999999999,81,1.0,1.0,1.0,1.0,1.0
cross_encoder,Cross-encoder,1079340,7150401,3624155,pairwise_ig,pointwise_ig,1.0,146,1.0,1.0,1.0,1.0,1.0
cross_encoder,Cross-encoder,1079340,7150401,3624155,pairwise_ig,loo_pairwise,0.0837554105250981,146,0.0,0.3333333333333333,0.4,0.5,0.45
cross_encoder,Cross-encoder,1079340,7150401,3624155,pairwise_ig,loo_pointwise,0.0837554105250981,146,0.0,0.3333333333333333,0.4,0.5,0.45
cross_encoder,Cross-encoder,1079340,7150401,3624155,pointwise_ig,loo_pairwise,0.0837554105250981,146,0.0,0.3333333333333333,0.4,0.5,0.45
cross_encoder,Cross-encoder,1079340,7150401,3624155,pointwise_ig,loo_pointwise,0.0837554105250981,146,0.0,0.3333333333333333,0.4,0.5,0.45
cross_encoder,Cross-encoder,1079340,7150401,3624155,loo_pairwise,loo_pointwise,1.0,146,1.0,1.0,1.0,1.0,1.0
cross_encoder,Cross-encoder,1082701,7143620,7143617,pairwise_ig,pointwise_ig,1.0,222,1.0,1.0,1.0,1.0,1.0
cross_encoder,Cross-encoder,1082701,7143620,7143617,pairwise_ig,loo_pairwise,0.3983430501499613,222,1.0,0.3333333333333333,0.4,0.5,0.5
cross_encoder,Cross-encoder,1082701,7143620,7143617,pairwise_ig,loo_pointwise,0.3983430501499613,222,1.0,0.3333333333333333,0.4,0.5,0.5
cross_encoder,Cross-encoder,1082701,7143620,7143617,pointwise_ig,loo_pairwise,0.3983430501499613,222,1.0,0.3333333333333333,0.4,0.5,0.5
cross_encoder,Cross-encoder,1082701,7143620,7143617,pointwise_ig,loo_pointwise,0.3983430501499613,222,1.0,0.3333333333333333,0.4,0.5,0.5
cross_encoder,Cross-encoder,1082701,7143620,7143617,loo_pairwise,loo_pointwise,1.0,222,1.0,1.0,1.0,1.0,1.0
cross_encoder,Cross-encoder,1083933,7132959,7033784,pairwise_ig,pointwise_ig,1.0,120,1.0,1.0,1.0,1.0,1.0
cross_encoder,Cross-encoder,1083933,7132959,7033784,pairwise_ig,loo_pairwise,0.44203764150288205,120,1.0,0.3333333333333333,0.6,0.6,0.5
cross_encoder,Cross-encoder,1083933,7132959,7033784,pairwise_ig,loo_pointwise,0.44203764150288205,120,1.0,0.3333333333333333,0.6,0.6,0.5
cross_encoder,Cross-encoder,1083933,7132959,7033784,pointwise_ig,loo_pairwise,0.44203764150288205,120,1.0,0.3333333333333333,0.6,0.6,0.5
cross_encoder,Cross-encoder,1083933,7132959,7033784,pointwise_ig,loo_pointwise,0.44203764150288205,120,1.0,0.3333333333333333,0.6,0.6,0.5
cross_encoder,Cross-encoder,1083933,7132959,7033784,loo_pairwise,loo_pointwise,1.0,120,1.0,1.0,1.0,1.0,1.0
cross_encoder,Cross-encoder,1086266,7111812,8375988,pairwise_ig,pointwise_ig,1.0,174,1.0,1.0,1.0,1.0,1.0
cross_encoder,Cross-encoder,1086266,7111812,8375988,pairwise_ig,loo_pairwise,0.24521768843076394,174,0.0,0.3333333333333333,0.6,0.5,0.55
cross_encoder,Cross-encoder,1086266,7111812,8375988,pairwise_ig,loo_pointwise,0.24521768843076394,174,0.0,0.3333333333333333,0.6,0.5,0.55
cross_encoder,Cross-encoder,1086266,7111812,8375988,pointwise_ig,loo_pairwise,0.24521768843076394,174,0.0,0.3333333333333333,0.6,0.5,0.55
cross_encoder,Cross-encoder,1086266,7111812,8375988,pointwise_ig,loo_pointwise,0.24521768843076394,174,0.0,0.3333333333333333,0.6,0.5,0.55
cross_encoder,Cross-encoder,1086266,7111812,8375988,loo_pairwise,loo_pointwise,1.0,174,1.0,1.0,1.0,1.0,1.0
cross_encoder,Cross-encoder,1087317,7102878,3341268,pairwise_ig,pointwise_ig,1.0,123,1.0,1.0,1.0,1.0,1.0
cross_encoder,Cross-encoder,1087317,7102878,3341268,pairwise_ig,loo_pairwise,0.3778488604558177,123,0.0,0.3333333333333333,0.4,0.5,0.45
cross_encoder,Cross-encoder,1087317,7102878,3341268,pairwise_ig,loo_pointwise,0.3778488604558177,123,0.0,0.3333333333333333,0.4,0.5,0.45
cross_encoder,Cross-encoder,1087317,7102878,3341268,pointwise_ig,loo_pairwise,0.3778488604558177,123,0.0,0.3333333333333333,0.4,0.5,0.45
cross_encoder,Cross-encoder,1087317,7102878,3341268,pointwise_ig,loo_pointwise,0.3778488604558177,123,0.0,0.3333333333333333,0.4,0.5,0.45
cross_encoder,Cross-encoder,1087317,7102878,3341268,loo_pairwise,loo_pointwise,1.0,123,1.0,1.0,1.0,1.0,1.0
cross_encoder,Cross-encoder,1087484,7101742,6820605,pairwise_ig,pointwise_ig,1.0,190,1.0,1.0,1.0,1.0,1.0
cross_encoder,Cross-encoder,1087484,7101742,6820605,pairwise_ig,loo_pairwise,0.06126922891871914,190,1.0,0.3333333333333333,0.4,0.4,0.4
cross_encoder,Cross-encoder,1087484,7101742,6820605,pairwise_ig,loo_pointwise,0.06126922891871914,190,1.0,0.3333333333333333,0.4,0.4,0.4
cross_encoder,Cross-encoder,1087484,7101742,6820605,pointwise_ig,loo_pairwise,0.06126922891871914,190,1.0,0.3333333333333333,0.4,0.4,0.4
cross_encoder,Cross-encoder,1087484,7101742,6820605,pointwise_ig,loo_pointwise,0.06126922891871914,190,1.0,0.3333333333333333,0.4,0.4,0.4
cross_encoder,Cross-encoder,1087484,7101742,6820605,loo_pairwise,loo_pointwise,1.0,190,1.0,1.0,1.0,1.0,1.0
cross_encoder,Cross-encoder,1087870,7098048,7257777,pairwise_ig,pointwise_ig,1.0,144,1.0,1.0,1.0,1.0,1.0
cross_encoder,Cross-encoder,1087870,7098048,7257777,pairwise_ig,loo_pairwise,0.22154167671409053,144,0.0,0.6666666666666666,0.6,0.4,0.5
cross_encoder,Cross-encoder,1087870,7098048,7257777,pairwise_ig,loo_pointwise,0.22154167671409053,144,0.0,0.6666666666666666,0.6,0.4,0.5
cross_encoder,Cross-encoder,1087870,7098048,7257777,pointwise_ig,loo_pairwise,0.22154167671409053,144,0.0,0.6666666666666666,0.6,0.4,0.5
cross_encoder,Cross-encoder,1087870,7098048,7257777,pointwise_ig,loo_pointwise,0.22154167671409053,144,0.0,0.6666666666666666,0.6,0.4,0.5
cross_encoder,Cross-encoder,1087870,7098048,7257777,loo_pairwise,loo_pointwise,1.0,144,1.0,1.0,1.0,1.0,1.0
cross_encoder,Cross-encoder,1087904,7097707,3734181,pairwise_ig,pointwise_ig,1.0,228,1.0,1.0,1.0,1.0,1.0
cross_encoder,Cross-encoder,1087904,7097707,3734181,pairwise_ig,loo_pairwise,0.3280941036391452,228,1.0,0.3333333333333333,0.2,0.4,0.35
cross_encoder,Cross-encoder,1087904,7097707,3734181,pairwise_ig,loo_pointwise,0.3280941036391452,228,1.0,0.3333333333333333,0.2,0.4,0.35
cross_encoder,Cross-encoder,1087904,7097707,3734181,pointwise_ig,loo_pairwise,0.3280941036391452,228,1.0,0.3333333333333333,0.2,0.4,0.35
cross_encoder,Cross-encoder,1087904,7097707,3734181,pointwise_ig,loo_pointwise,0.3280941036391452,228,1.0,0.3333333333333333,0.2,0.4,0.35
cross_encoder,Cross-encoder,1087904,7097707,3734181,loo_pairwise,loo_pointwise,1.0,228,1.0,1.0,1.0,1.0,1.0
cross_encoder,Cross-encoder,1091973,7870707,4015499,pairwise_ig,pointwise_ig,1.0,148,1.0,1.0,1.0,1.0,1.0
cross_encoder,Cross-encoder,1091973,7870707,4015499,pairwise_ig,loo_pairwise,0.4186431329288472,148,0.0,0.3333333333333333,0.4,0.6,0.6
cross_encoder,Cross-encoder,1091973,7870707,4015499,pairwise_ig,loo_pointwise,0.4186431329288472,148,0.0,0.3333333333333333,0.4,0.6,0.6
cross_encoder,Cross-encoder,1091973,7870707,4015499,pointwise_ig,loo_pairwise,0.4186431329288472,148,0.0,0.3333333333333333,0.4,0.6,0.6
cross_encoder,Cross-encoder,1091973,7870707,4015499,pointwise_ig,loo_pointwise,0.4186431329288472,148,0.0,0.3333333333333333,0.4,0.6,0.6
cross_encoder,Cross-encoder,1091973,7870707,4015499,loo_pairwise,loo_pointwise,1.0,148,1.0,1.0,1.0,1.0,1.0
cross_encoder,Cross-encoder,1092259,4262105,1560082,pairwise_ig,pointwise_ig,1.0,198,1.0,1.0,1.0,1.0,1.0
cross_encoder,Cross-encoder,1092259,4262105,1560082,pairwise_ig,loo_pairwise,0.2931833448120467,198,1.0,0.6666666666666666,0.4,0.4,0.25
cross_encoder,Cross-encoder,1092259,4262105,1560082,pairwise_ig,loo_pointwise,0.2931833448120467,198,1.0,0.6666666666666666,0.4,0.4,0.25
cross_encoder,Cross-encoder,1092259,4262105,1560082,pointwise_ig,loo_pairwise,0.2931833448120467,198,1.0,0.6666666666666666,0.4,0.4,0.25
cross_encoder,Cross-encoder,1092259,4262105,1560082,pointwise_ig,loo_pointwise,0.2931833448120467,198,1.0,0.6666666666666666,0.4,0.4,0.25
cross_encoder,Cross-encoder,1092259,4262105,1560082,loo_pairwise,loo_pointwise,1.0,198,1.0,1.0,1.0,1.0,1.0
cross_encoder,Cross-encoder,1092930,7792755,3081078,pairwise_ig,pointwise_ig,1.0,70,1.0,1.0,1.0,1.0,1.0
cross_encoder,Cross-encoder,1092930,7792755,3081078,pairwise_ig,loo_pairwise,0.4252471349838159,70,1.0,0.6666666666666666,0.6,0.7,0.6
cross_encoder,Cross-encoder,1092930,7792755,3081078,pairwise_ig,loo_pointwise,0.4252471349838159,70,1.0,0.6666666666666666,0.6,0.7,0.6
cross_encoder,Cross-encoder,1092930,7792755,3081078,pointwise_ig,loo_pairwise,0.4252471349838159,70,1.0,0.6666666666666666,0.6,0.7,0.6
cross_encoder,Cross-encoder,1092930,7792755,3081078,pointwise_ig,loo_pointwise,0.4252471349838159,70,1.0,0.6666666666666666,0.6,0.7,0.6
cross_encoder,Cross-encoder,1092930,7792755,3081078,loo_pairwise,loo_pointwise,1.0,70,1.0,1.0,1.0,1.0,1.0
cross_encoder,Cross-encoder,1093757,7722912,6969571,pairwise_ig,pointwise_ig,1.0,96,1.0,1.0,1.0,1.0,1.0
cross_encoder,Cross-encoder,1093757,7722912,6969571,pairwise_ig,loo_pairwise,-0.00937330439500814,96,0.0,0.3333333333333333,0.2,0.1,0.15
cross_encoder,Cross-encoder,1093757,7722912,6969571,pairwise_ig,loo_pointwise,-0.00937330439500814,96,0.0,0.3333333333333333,0.2,0.1,0.15
cross_encoder,Cross-encoder,1093757,7722912,6969571,pointwise_ig,loo_pairwise,-0.00937330439500814,96,0.0,0.3333333333333333,0.2,0.1,0.15
cross_encoder,Cross-encoder,1093757,7722912,6969571,pointwise_ig,loo_pointwise,-0.00937330439500814,96,0.0,0.3333333333333333,0.2,0.1,0.15
cross_encoder,Cross-encoder,1093757,7722912,6969571,loo_pairwise,loo_pointwise,1.0,96,1.0,1.0,1.0,1.0,1.0
cross_encoder,Cross-encoder,1096118,7532930,6441964,pairwise_ig,pointwise_ig,1.0,146,1.0,1.0,1.0,1.0,1.0
cross_encoder,Cross-encoder,1096118,7532930,6441964,pairwise_ig,loo_pairwise,0.350790972978705,146,0.0,0.3333333333333333,0.4,0.3,0.35
cross_encoder,Cross-encoder,1096118,7532930,6441964,pairwise_ig,loo_pointwise,0.350790972978705,146,0.0,0.3333333333333333,0.4,0.3,0.35
cross_encoder,Cross-encoder,1096118,7532930,6441964,pointwise_ig,loo_pairwise,0.350790972978705,146,0.0,0.3333333333333333,0.4,0.3,0.35
cross_encoder,Cross-encoder,1096118,7532930,6441964,pointwise_ig,loo_pointwise,0.350790972978705,146,0.0,0.3333333333333333,0.4,0.3,0.35
cross_encoder,Cross-encoder,1096118,7532930,6441964,loo_pairwise,loo_pointwise,1.0,146,1.0,1.0,1.0,1.0,1.0
cross_encoder,Cross-encoder,1096360,7510002,5086496,pairwise_ig,pointwise_ig,1.0,171,1.0,1.0,1.0,1.0,1.0
cross_encoder,Cross-encoder,1096360,7510002,5086496,pairwise_ig,loo_pairwise,0.4591787265701875,171,0.0,0.3333333333333333,0.6,0.4,0.45
cross_encoder,Cross-encoder,1096360,7510002,5086496,pairwise_ig,loo_pointwise,0.4591787265701875,171,0.0,0.3333333333333333,0.6,0.4,0.45
cross_encoder,Cross-encoder,1096360,7510002,5086496,pointwise_ig,loo_pairwise,0.4591787265701875,171,0.0,0.3333333333333333,0.6,0.4,0.45
cross_encoder,Cross-encoder,1096360,7510002,5086496,pointwise_ig,loo_pointwise,0.4591787265701875,171,0.0,0.3333333333333333,0.6,0.4,0.45
cross_encoder,Cross-encoder,1096360,7510002,5086496,loo_pairwise,loo_pointwise,1.0,171,1.0,1.0,1.0,1.0,1.0
cross_encoder,Cross-encoder,1096376,7508397,5292364,pairwise_ig,pointwise_ig,1.0,128,1.0,1.0,1.0,1.0,1.0
cross_encoder,Cross-encoder,1096376,7508397,5292364,pairwise_ig,loo_pairwise,0.2704232283464567,128,0.0,0.6666666666666666,0.6,0.5,0.45
cross_encoder,Cross-encoder,1096376,7508397,5292364,pairwise_ig,loo_pointwise,0.2704232283464567,128,0.0,0.6666666666666666,0.6,0.5,0.45
cross_encoder,Cross-encoder,1096376,7508397,5292364,pointwise_ig,loo_pairwise,0.2704232283464567,128,0.0,0.6666666666666666,0.6,0.5,0.45
cross_encoder,Cross-encoder,1096376,7508397,5292364,pointwise_ig,loo_pointwise,0.2704232283464567,128,0.0,0.6666666666666666,0.6,0.5,0.45
cross_encoder,Cross-encoder,1096376,7508397,5292364,loo_pairwise,loo_pointwise,1.0,128,1.0,1.0,1.0,1.0,1.0
cross_encoder,Cross-encoder,1096543,7492255,2043689,pairwise_ig,pointwise_ig,1.0,135,1.0,1.0,1.0,1.0,1.0
cross_encoder,Cross-encoder,1096543,7492255,2043689,pairwise_ig,loo_pairwise,0.2760023412350015,135,0.0,0.0,0.4,0.5,0.6
cross_encoder,Cross-encoder,1096543,7492255,2043689,pairwise_ig,loo_pointwise,0.2760023412350015,135,0.0,0.0,0.4,0.5,0.6
cross_encoder,Cross-encoder,1096543,7492255,2043689,pointwise_ig,loo_pairwise,0.2760023412350015,135,0.0,0.0,0.4,0.5,0.6
cross_encoder,Cross-encoder,1096543,7492255,2043689,pointwise_ig,loo_pointwise,0.2760023412350015,135,0.0,0.0,0.4,0.5,0.6
cross_encoder,Cross-encoder,1096543,7492255,2043689,loo_pairwise,loo_pointwise,1.0,135,1.0,1.0,1.0,1.0,1.0
cross_encoder,Cross-encoder,1096739,7474064,6601182,pairwise_ig,pointwise_ig,1.0,86,1.0,1.0,1.0,1.0,1.0
cross_encoder,Cross-encoder,1096739,7474064,6601182,pairwise_ig,loo_pairwise,0.5043539789612717,86,0.0,0.3333333333333333,0.2,0.4,0.6
cross_encoder,Cross-encoder,1096739,7474064,6601182,pairwise_ig,loo_pointwise,0.5043539789612717,86,0.0,0.3333333333333333,0.2,0.4,0.6
cross_encoder,Cross-encoder,1096739,7474064,6601182,pointwise_ig,loo_pairwise,0.5043539789612717,86,0.0,0.3333333333333333,0.2,0.4,0.6
cross_encoder,Cross-encoder,1096739,7474064,6601182,pointwise_ig,loo_pointwise,0.5043539789612717,86,0.0,0.3333333333333333,0.2,0.4,0.6
cross_encoder,Cross-encoder,1096739,7474064,6601182,loo_pairwise,loo_pointwise,1.0,86,1.0,1.0,1.0,1.0,1.0
cross_encoder,Cross-encoder,1097023,7447712,3721467,pairwise_ig,pointwise_ig,1.0,148,1.0,1.0,1.0,1.0,1.0
cross_encoder,Cross-encoder,1097023,7447712,3721467,pairwise_ig,loo_pairwise,0.4833325312711698,148,1.0,0.6666666666666666,0.4,0.6,0.5
cross_encoder,Cross-encoder,1097023,7447712,3721467,pairwise_ig,loo_pointwise,0.4833325312711698,148,1.0,0.6666666666666666,0.4,0.6,0.5
cross_encoder,Cross-encoder,1097023,7447712,3721467,pointwise_ig,loo_pairwise,0.4833325312711698,148,1.0,0.6666666666666666,0.4,0.6,0.5
cross_encoder,Cross-encoder,1097023,7447712,3721467,pointwise_ig,loo_pointwise,0.4833325312711698,148,1.0,0.6666666666666666,0.4,0.6,0.5
cross_encoder,Cross-encoder,1097023,7447712,3721467,loo_pairwise,loo_pointwise,1.0,148,1.0,1.0,1.0,1.0,1.0
cross_encoder,Cross-encoder,1097999,7373194,6467664,pairwise_ig,pointwise_ig,1.0,227,1.0,1.0,1.0,1.0,1.0
cross_encoder,Cross-encoder,1097999,7373194,6467664,pairwise_ig,loo_pairwise,0.5844360228081803,227,1.0,0.3333333333333333,0.2,0.3,0.4
cross_encoder,Cross-encoder,1097999,7373194,6467664,pairwise_ig,loo_pointwise,0.5844360228081803,227,1.0,0.3333333333333333,0.2,0.3,0.4
cross_encoder,Cross-encoder,1097999,7373194,6467664,pointwise_ig,loo_pairwise,0.5844360228081803,227,1.0,0.3333333333333333,0.2,0.3,0.4
cross_encoder,Cross-encoder,1097999,7373194,6467664,pointwise_ig,loo_pointwise,0.5844360228081803,227,1.0,0.3333333333333333,0.2,0.3,0.4
cross_encoder,Cross-encoder,1097999,7373194,6467664,loo_pairwise,loo_pointwise,1.0,227,1.0,1.0,1.0,1.0,1.0
cross_encoder,Cross-encoder,1099451,7254297,6039688,pairwise_ig,pointwise_ig,1.0,165,1.0,1.0,1.0,1.0,1.0
cross_encoder,Cross-encoder,1099451,7254297,6039688,pairwise_ig,loo_pairwise,0.37784575107525453,165,0.0,0.3333333333333333,0.4,0.3,0.4
cross_encoder,Cross-encoder,1099451,7254297,6039688,pairwise_ig,loo_pointwise,0.37784575107525453,165,0.0,0.3333333333333333,0.4,0.3,0.4
cross_encoder,Cross-encoder,1099451,7254297,6039688,pointwise_ig,loo_pairwise,0.37784575107525453,165,0.0,0.3333333333333333,0.4,0.3,0.4
cross_encoder,Cross-encoder,1099451,7254297,6039688,pointwise_ig,loo_pointwise,0.37784575107525453,165,0.0,0.3333333333333333,0.4,0.3,0.4
cross_encoder,Cross-encoder,1099451,7254297,6039688,loo_pairwise,loo_pointwise,1.0,165,1.0,1.0,1.0,1.0,1.0
cross_encoder,Cross-encoder,1100010,7201930,7201924,pairwise_ig,pointwise_ig,0.9999999999999999,110,1.0,1.0,1.0,1.0,1.0
cross_encoder,Cross-encoder,1100010,7201930,7201924,pairwise_ig,loo_pairwise,0.1280210986633005,110,0.0,0.0,0.4,0.5,0.35
cross_encoder,Cross-encoder,1100010,7201930,7201924,pairwise_ig,loo_pointwise,0.1280210986633005,110,0.0,0.0,0.4,0.5,0.35
cross_encoder,Cross-encoder,1100010,7201930,7201924,pointwise_ig,loo_pairwise,0.1280210986633005,110,0.0,0.0,0.4,0.5,0.35
cross_encoder,Cross-encoder,1100010,7201930,7201924,pointwise_ig,loo_pointwise,0.1280210986633005,110,0.0,0.0,0.4,0.5,0.35
cross_encoder,Cross-encoder,1100010,7201930,7201924,loo_pairwise,loo_pointwise,0.9999999999999999,110,1.0,1.0,1.0,1.0,1.0
cross_encoder,Cross-encoder,1101721,7636772,6371442,pairwise_ig,pointwise_ig,0.9999999999999998,270,1.0,1.0,1.0,1.0,1.0
cross_encoder,Cross-encoder,1101721,7636772,6371442,pairwise_ig,loo_pairwise,0.24283491162049164,270,0.0,0.6666666666666666,0.6,0.4,0.4
cross_encoder,Cross-encoder,1101721,7636772,6371442,pairwise_ig,loo_pointwise,0.24283491162049164,270,0.0,0.6666666666666666,0.6,0.4,0.4
cross_encoder,Cross-encoder,1101721,7636772,6371442,pointwise_ig,loo_pairwise,0.24283491162049164,270,0.0,0.6666666666666666,0.6,0.4,0.4
cross_encoder,Cross-encoder,1101721,7636772,6371442,pointwise_ig,loo_pointwise,0.24283491162049164,270,0.0,0.6666666666666666,0.6,0.4,0.4
cross_encoder,Cross-encoder,1101721,7636772,6371442,loo_pairwise,loo_pointwise,0.9999999999999998,270,1.0,1.0,1.0,1.0,1.0
cross_encoder,Cross-encoder,1101871,7497322,5114,pairwise_ig,pointwise_ig,1.0,130,1.0,1.0,1.0,1.0,1.0
cross_encoder,Cross-encoder,1101871,7497322,5114,pairwise_ig,loo_pairwise,0.4445042264676563,130,0.0,0.0,0.2,0.5,0.55
cross_encoder,Cross-encoder,1101871,7497322,5114,pairwise_ig,loo_pointwise,0.4445042264676563,130,0.0,0.0,0.2,0.5,0.55
cross_encoder,Cross-encoder,1101871,7497322,5114,pointwise_ig,loo_pairwise,0.4445042264676563,130,0.0,0.0,0.2,0.5,0.55
cross_encoder,Cross-encoder,1101871,7497322,5114,pointwise_ig,loo_pointwise,0.4445042264676563,130,0.0,0.0,0.2,0.5,0.55
cross_encoder,Cross-encoder,1101871,7497322,5114,loo_pairwise,loo_pointwise,1.0,130,1.0,1.0,1.0,1.0,1.0
cross_encoder,Cross-encoder,133977,7993331,2049480,pairwise_ig,pointwise_ig,0.9999999999999999,172,1.0,1.0,1.0,1.0,1.0
cross_encoder,Cross-encoder,133977,7993331,2049480,pairwise_ig,loo_pairwise,0.3989689238555455,172,0.0,0.6666666666666666,0.8,0.9,0.85
cross_encoder,Cross-encoder,133977,7993331,2049480,pairwise_ig,loo_pointwise,0.3989689238555455,172,0.0,0.6666666666666666,0.8,0.9,0.85
cross_encoder,Cross-encoder,133977,7993331,2049480,pointwise_ig,loo_pairwise,0.3989689238555455,172,0.0,0.6666666666666666,0.8,0.9,0.85
cross_encoder,Cross-encoder,133977,7993331,2049480,pointwise_ig,loo_pointwise,0.3989689238555455,172,0.0,0.6666666666666666,0.8,0.9,0.85
cross_encoder,Cross-encoder,133977,7993331,2049480,loo_pairwise,loo_pointwise,0.9999999999999999,172,1.0,1.0,1.0,1.0,1.0
cross_encoder,Cross-encoder,134239,7786934,8087080,pairwise_ig,pointwise_ig,1.0,116,1.0,1.0,1.0,1.0,1.0
cross_encoder,Cross-encoder,134239,7786934,8087080,pairwise_ig,loo_pairwise,0.3996078883635106,116,0.0,1.0,0.6,0.6,0.5
cross_encoder,Cross-encoder,134239,7786934,8087080,pairwise_ig,loo_pointwise,0.3996078883635106,116,0.0,1.0,0.6,0.6,0.5
cross_encoder,Cross-encoder,134239,7786934,8087080,pointwise_ig,loo_pairwise,0.3996078883635106,116,0.0,1.0,0.6,0.6,0.5
cross_encoder,Cross-encoder,134239,7786934,8087080,pointwise_ig,loo_pointwise,0.3996078883635106,116,0.0,1.0,0.6,0.6,0.5
cross_encoder,Cross-encoder,134239,7786934,8087080,loo_pairwise,loo_pointwise,1.0,116,1.0,1.0,1.0,1.0,1.0
cross_encoder,Cross-encoder,153794,7348274,6623835,pairwise_ig,pointwise_ig,0.9999999999999998,139,1.0,1.0,1.0,1.0,1.0
cross_encoder,Cross-encoder,153794,7348274,6623835,pairwise_ig,loo_pairwise,0.4055989990616202,139,0.0,0.0,0.4,0.7,0.5
cross_encoder,Cross-encoder,153794,7348274,6623835,pairwise_ig,loo_pointwise,0.4055989990616202,139,0.0,0.0,0.4,0.7,0.5
cross_encoder,Cross-encoder,153794,7348274,6623835,pointwise_ig,loo_pairwise,0.4055989990616202,139,0.0,0.0,0.4,0.7,0.5
cross_encoder,Cross-encoder,153794,7348274,6623835,pointwise_ig,loo_pointwise,0.4055989990616202,139,0.0,0.0,0.4,0.7,0.5
cross_encoder,Cross-encoder,153794,7348274,6623835,loo_pairwise,loo_pointwise,0.9999999999999998,139,1.0,1.0,1.0,1.0,1.0
cross_encoder,Cross-encoder,170982,7668448,2676856,pairwise_ig,pointwise_ig,1.0,190,1.0,1.0,1.0,1.0,1.0
cross_encoder,Cross-encoder,170982,7668448,2676856,pairwise_ig,loo_pairwise,0.24332471667825764,190,0.0,0.0,0.4,0.5,0.4
cross_encoder,Cross-encoder,170982,7668448,2676856,pairwise_ig,loo_pointwise,0.24332471667825764,190,0.0,0.0,0.4,0.5,0.4
cross_encoder,Cross-encoder,170982,7668448,2676856,pointwise_ig,loo_pairwise,0.24332471667825764,190,0.0,0.0,0.4,0.5,0.4
cross_encoder,Cross-encoder,170982,7668448,2676856,pointwise_ig,loo_pointwise,0.24332471667825764,190,0.0,0.0,0.4,0.5,0.4
cross_encoder,Cross-encoder,170982,7668448,2676856,loo_pairwise,loo_pointwise,1.0,190,1.0,1.0,1.0,1.0,1.0
cross_encoder,Cross-encoder,185879,4846315,6835241,pairwise_ig,pointwise_ig,0.9999999999999998,132,1.0,1.0,1.0,1.0,1.0
cross_encoder,Cross-encoder,185879,4846315,6835241,pairwise_ig,loo_pairwise,0.16681189441334074,132,0.0,1.0,0.6,0.4,0.45
cross_encoder,Cross-encoder,185879,4846315,6835241,pairwise_ig,loo_pointwise,0.16681189441334074,132,0.0,1.0,0.6,0.4,0.45
cross_encoder,Cross-encoder,185879,4846315,6835241,pointwise_ig,loo_pairwise,0.16681189441334074,132,0.0,1.0,0.6,0.4,0.45
cross_encoder,Cross-encoder,185879,4846315,6835241,pointwise_ig,loo_pointwise,0.16681189441334074,132,0.0,1.0,0.6,0.4,0.45
cross_encoder,Cross-encoder,185879,4846315,6835241,loo_pairwise,loo_pointwise,0.9999999999999998,132,1.0,1.0,1.0,1.0,1.0
cross_encoder,Cross-encoder,187186,7390692,1138663,pairwise_ig,pointwise_ig,1.0,122,1.0,1.0,1.0,1.0,1.0
cross_encoder,Cross-encoder,187186,7390692,1138663,pairwise_ig,loo_pairwise,0.15949653196572613,122,0.0,0.3333333333333333,0.6,0.4,0.35
cross_encoder,Cross-encoder,187186,7390692,1138663,pairwise_ig,loo_pointwise,0.15949653196572613,122,0.0,0.3333333333333333,0.6,0.4,0.35
cross_encoder,Cross-encoder,187186,7390692,1138663,pointwise_ig,loo_pairwise,0.15949653196572613,122,0.0,0.3333333333333333,0.6,0.4,0.35
cross_encoder,Cross-encoder,187186,7390692,1138663,pointwise_ig,loo_pointwise,0.15949653196572613,122,0.0,0.3333333333333333,0.6,0.4,0.35
cross_encoder,Cross-encoder,187186,7390692,1138663,loo_pairwise,loo_pointwise,1.0,122,1.0,1.0,1.0,1.0,1.0
cross_encoder,Cross-encoder,196250,8001619,3199126,pairwise_ig,pointwise_ig,1.0,79,1.0,1.0,1.0,1.0,1.0
cross_encoder,Cross-encoder,196250,8001619,3199126,pairwise_ig,loo_pairwise,0.4680866601752678,79,0.0,0.6666666666666666,0.4,0.7,0.55
cross_encoder,Cross-encoder,196250,8001619,3199126,pairwise_ig,loo_pointwise,0.4680866601752678,79,0.0,0.6666666666666666,0.4,0.7,0.55
cross_encoder,Cross-encoder,196250,8001619,3199126,pointwise_ig,loo_pairwise,0.4680866601752678,79,0.0,0.6666666666666666,0.4,0.7,0.55
cross_encoder,Cross-encoder,196250,8001619,3199126,pointwise_ig,loo_pointwise,0.4680866601752678,79,0.0,0.6666666666666666,0.4,0.7,0.55
cross_encoder,Cross-encoder,196250,8001619,3199126,loo_pairwise,loo_pointwise,1.0,79,1.0,1.0,1.0,1.0,1.0
cross_encoder,Cross-encoder,200062,7881863,1026265,pairwise_ig,pointwise_ig,0.9999999999999998,124,1.0,1.0,1.0,1.0,1.0
cross_encoder,Cross-encoder,200062,7881863,1026265,pairwise_ig,loo_pairwise,0.5872918961447677,124,1.0,0.3333333333333333,0.4,0.5,0.55
cross_encoder,Cross-encoder,200062,7881863,1026265,pairwise_ig,loo_pointwise,0.5872918961447677,124,1.0,0.3333333333333333,0.4,0.5,0.55
cross_encoder,Cross-encoder,200062,7881863,1026265,pointwise_ig,loo_pairwise,0.5872918961447677,124,1.0,0.3333333333333333,0.4,0.5,0.55
cross_encoder,Cross-encoder,200062,7881863,1026265,pointwise_ig,loo_pointwise,0.5872918961447677,124,1.0,0.3333333333333333,0.4,0.5,0.55
cross_encoder,Cross-encoder,200062,7881863,1026265,loo_pairwise,loo_pointwise,0.9999999999999998,124,1.0,1.0,1.0,1.0,1.0
cross_encoder,Cross-encoder,23285,7373976,6595113,pairwise_ig,pointwise_ig,0.9999999999999998,121,1.0,1.0,1.0,1.0,1.0
cross_encoder,Cross-encoder,23285,7373976,6595113,pairwise_ig,loo_pairwise,0.39472971142121654,121,0.0,0.3333333333333333,0.6,0.7,0.6
cross_encoder,Cross-encoder,23285,7373976,6595113,pairwise_ig,loo_pointwise,0.39472971142121654,121,0.0,0.3333333333333333,0.6,0.7,0.6
cross_encoder,Cross-encoder,23285,7373976,6595113,pointwise_ig,loo_pairwise,0.39472971142121654,121,0.0,0.3333333333333333,0.6,0.7,0.6
cross_encoder,Cross-encoder,23285,7373976,6595113,pointwise_ig,loo_pointwise,0.39472971142121654,121,0.0,0.3333333333333333,0.6,0.7,0.6
cross_encoder,Cross-encoder,23285,7373976,6595113,loo_pairwise,loo_pointwise,0.9999999999999998,121,1.0,1.0,1.0,1.0,1.0
cross_encoder,Cross-encoder,244011,1308535,2259786,pairwise_ig,pointwise_ig,0.9999999999999999,93,1.0,1.0,1.0,1.0,1.0
cross_encoder,Cross-encoder,244011,1308535,2259786,pairwise_ig,loo_pairwise,0.5882247620184416,93,0.0,0.0,0.2,0.5,0.65
cross_encoder,Cross-encoder,244011,1308535,2259786,pairwise_ig,loo_pointwise,0.5882247620184416,93,0.0,0.0,0.2,0.5,0.65
cross_encoder,Cross-encoder,244011,1308535,2259786,pointwise_ig,loo_pairwise,0.5882247620184416,93,0.0,0.0,0.2,0.5,0.65
cross_encoder,Cross-encoder,244011,1308535,2259786,pointwise_ig,loo_pointwise,0.5882247620184416,93,0.0,0.0,0.2,0.5,0.65
cross_encoder,Cross-encoder,244011,1308535,2259786,loo_pairwise,loo_pointwise,0.9999999999999999,93,1.0,1.0,1.0,1.0,1.0
cross_encoder,Cross-encoder,275355,7451398,1572376,pairwise_ig,pointwise_ig,1.0,104,1.0,1.0,1.0,1.0,1.0
cross_encoder,Cross-encoder,275355,7451398,1572376,pairwise_ig,loo_pairwise,0.4389736477115118,104,0.0,0.0,0.2,0.3,0.6
cross_encoder,Cross-encoder,275355,7451398,1572376,pairwise_ig,loo_pointwise,0.4389736477115118,104,0.0,0.0,0.2,0.3,0.6
cross_encoder,Cross-encoder,275355,7451398,1572376,pointwise_ig,loo_pairwise,0.4389736477115118,104,0.0,0.0,0.2,0.3,0.6
cross_encoder,Cross-encoder,275355,7451398,1572376,pointwise_ig,loo_pointwise,0.4389736477115118,104,0.0,0.0,0.2,0.3,0.6
cross_encoder,Cross-encoder,275355,7451398,1572376,loo_pairwise,loo_pointwise,1.0,104,1.0,1.0,1.0,1.0,1.0
cross_encoder,Cross-encoder,276208,3551563,7402589,pairwise_ig,pointwise_ig,1.0,182,1.0,1.0,1.0,1.0,1.0
cross_encoder,Cross-encoder,276208,3551563,7402589,pairwise_ig,loo_pairwise,0.4206369665114344,182,0.0,0.3333333333333333,0.4,0.5,0.55
cross_encoder,Cross-encoder,276208,3551563,7402589,pairwise_ig,loo_pointwise,0.4206369665114344,182,0.0,0.3333333333333333,0.4,0.5,0.55
cross_encoder,Cross-encoder,276208,3551563,7402589,pointwise_ig,loo_pairwise,0.4206369665114344,182,0.0,0.3333333333333333,0.4,0.5,0.55
cross_encoder,Cross-encoder,276208,3551563,7402589,pointwise_ig,loo_pointwise,0.4206369665114344,182,0.0,0.3333333333333333,0.4,0.5,0.55
cross_encoder,Cross-encoder,276208,3551563,7402589,loo_pairwise,loo_pointwise,1.0,182,1.0,1.0,1.0,1.0,1.0
cross_encoder,Cross-encoder,276338,7316160,5868653,pairwise_ig,pointwise_ig,1.0,119,1.0,1.0,1.0,1.0,1.0
cross_encoder,Cross-encoder,276338,7316160,5868653,pairwise_ig,loo_pairwise,0.39273607748184025,119,1.0,0.3333333333333333,0.4,0.4,0.6
cross_encoder,Cross-encoder,276338,7316160,5868653,pairwise_ig,loo_pointwise,0.39273607748184025,119,1.0,0.3333333333333333,0.4,0.4,0.6
cross_encoder,Cross-encoder,276338,7316160,5868653,pointwise_ig,loo_pairwise,0.39273607748184025,119,1.0,0.3333333333333333,0.4,0.4,0.6
cross_encoder,Cross-encoder,276338,7316160,5868653,pointwise_ig,loo_pointwise,0.39273607748184025,119,1.0,0.3333333333333333,0.4,0.4,0.6
cross_encoder,Cross-encoder,276338,7316160,5868653,loo_pairwise,loo_pointwise,1.0,119,1.0,1.0,1.0,1.0,1.0
cross_encoder,Cross-encoder,277556,3655235,2923334,pairwise_ig,pointwise_ig,1.0,141,1.0,1.0,1.0,1.0,1.0
cross_encoder,Cross-encoder,277556,3655235,2923334,pairwise_ig,loo_pairwise,0.28846697204503613,141,1.0,0.3333333333333333,0.6,0.6,0.4
cross_encoder,Cross-encoder,277556,3655235,2923334,pairwise_ig,loo_pointwise,0.28846697204503613,141,1.0,0.3333333333333333,0.6,0.6,0.4
cross_encoder,Cross-encoder,277556,3655235,2923334,pointwise_ig,loo_pairwise,0.28846697204503613,141,1.0,0.3333333333333333,0.6,0.6,0.4
cross_encoder,Cross-encoder,277556,3655235,2923334,pointwise_ig,loo_pointwise,0.28846697204503613,141,1.0,0.3333333333333333,0.6,0.6,0.4
cross_encoder,Cross-encoder,277556,3655235,2923334,loo_pairwise,loo_pointwise,1.0,141,1.0,1.0,1.0,1.0,1.0
cross_encoder,Cross-encoder,278542,7602289,341529,pairwise_ig,pointwise_ig,0.9999999999999998,121,1.0,1.0,1.0,1.0,1.0
cross_encoder,Cross-encoder,278542,7602289,341529,pairwise_ig,loo_pairwise,0.21511312830239798,121,1.0,0.3333333333333333,0.4,0.4,0.3
cross_encoder,Cross-encoder,278542,7602289,341529,pairwise_ig,loo_pointwise,0.21511312830239798,121,1.0,0.3333333333333333,0.4,0.4,0.3
cross_encoder,Cross-encoder,278542,7602289,341529,pointwise_ig,loo_pairwise,0.21511312830239798,121,1.0,0.3333333333333333,0.4,0.4,0.3
cross_encoder,Cross-encoder,278542,7602289,341529,pointwise_ig,loo_pointwise,0.21511312830239798,121,1.0,0.3333333333333333,0.4,0.4,0.3
cross_encoder,Cross-encoder,278542,7602289,341529,loo_pairwise,loo_pointwise,0.9999999999999998,121,1.0,1.0,1.0,1.0,1.0
cross_encoder,Cross-encoder,29612,7725919,4489534,pairwise_ig,pointwise_ig,0.9999999999999999,151,1.0,1.0,1.0,1.0,1.0
cross_encoder,Cross-encoder,29612,7725919,4489534,pairwise_ig,loo_pairwise,0.26642384105960265,151,1.0,0.6666666666666666,0.8,0.6,0.45
cross_encoder,Cross-encoder,29612,7725919,4489534,pairwise_ig,loo_pointwise,0.26642384105960265,151,1.0,0.6666666666666666,0.8,0.6,0.45
cross_encoder,Cross-encoder,29612,7725919,4489534,pointwise_ig,loo_pairwise,0.26642384105960265,151,1.0,0.6666666666666666,0.8,0.6,0.45
cross_encoder,Cross-encoder,29612,7725919,4489534,pointwise_ig,loo_pointwise,0.26642384105960265,151,1.0,0.6666666666666666,0.8,0.6,0.45
cross_encoder,Cross-encoder,29612,7725919,4489534,loo_pairwise,loo_pointwise,0.9999999999999999,151,1.0,1.0,1.0,1.0,1.0
cross_encoder,Cross-encoder,307521,7320544,8758900,pairwise_ig,pointwise_ig,1.0,148,1.0,1.0,1.0,1.0,1.0
cross_encoder,Cross-encoder,307521,7320544,8758900,pairwise_ig,loo_pairwise,0.30181352424880714,148,1.0,0.6666666666666666,0.4,0.4,0.4
cross_encoder,Cross-encoder,307521,7320544,8758900,pairwise_ig,loo_pointwise,0.30181352424880714,148,1.0,0.6666666666666666,0.4,0.4,0.4
cross_encoder,Cross-encoder,307521,7320544,8758900,pointwise_ig,loo_pairwise,0.30181352424880714,148,1.0,0.6666666666666666,0.4,0.4,0.4
cross_encoder,Cross-encoder,307521,7320544,8758900,pointwise_ig,loo_pointwise,0.30181352424880714,148,1.0,0.6666666666666666,0.4,0.4,0.4
cross_encoder,Cross-encoder,307521,7320544,8758900,loo_pairwise,loo_pointwise,1.0,148,1.0,1.0,1.0,1.0,1.0
cross_encoder,Cross-encoder,319564,7073381,6092663,pairwise_ig,pointwise_ig,1.0,217,1.0,1.0,1.0,1.0,1.0
cross_encoder,Cross-encoder,319564,7073381,6092663,pairwise_ig,loo_pairwise,0.35239246137440877,217,0.0,0.3333333333333333,0.4,0.6,0.5
cross_encoder,Cross-encoder,319564,7073381,6092663,pairwise_ig,loo_pointwise,0.35239246137440877,217,0.0,0.3333333333333333,0.4,0.6,0.5
cross_encoder,Cross-encoder,319564,7073381,6092663,pointwise_ig,loo_pairwise,0.35239246137440877,217,0.0,0.3333333333333333,0.4,0.6,0.5
cross_encoder,Cross-encoder,319564,7073381,6092663,pointwise_ig,loo_pointwise,0.35239246137440877,217,0.0,0.3333333333333333,0.4,0.6,0.5
cross_encoder,Cross-encoder,319564,7073381,6092663,loo_pairwise,loo_pointwise,1.0,217,1.0,1.0,1.0,1.0,1.0
cross_encoder,Cross-encoder,339981,7691162,320795,pairwise_ig,pointwise_ig,0.9999999999999998,132,1.0,1.0,1.0,1.0,1.0
cross_encoder,Cross-encoder,339981,7691162,320795,pairwise_ig,loo_pairwise,0.3500127835202162,132,0.0,0.0,0.0,0.2,0.4
cross_encoder,Cross-encoder,339981,7691162,320795,pairwise_ig,loo_pointwise,0.3500127835202162,132,0.0,0.0,0.0,0.2,0.4
cross_encoder,Cross-encoder,339981,7691162,320795,pointwise_ig,loo_pairwise,0.3500127835202162,132,0.0,0.0,0.0,0.2,0.4
cross_encoder,Cross-encoder,339981,7691162,320795,pointwise_ig,loo_pointwise,0.3500127835202162,132,0.0,0.0,0.0,0.2,0.4
cross_encoder,Cross-encoder,339981,7691162,320795,loo_pairwise,loo_pointwise,0.9999999999999998,132,1.0,1.0,1.0,1.0,1.0
cross_encoder,Cross-encoder,392393,1824038,3456790,pairwise_ig,pointwise_ig,1.0,133,1.0,1.0,1.0,1.0,1.0
cross_encoder,Cross-encoder,392393,1824038,3456790,pairwise_ig,loo_pairwise,0.5184399261382765,133,0.0,0.3333333333333333,0.6,0.6,0.55
cross_encoder,Cross-encoder,392393,1824038,3456790,pairwise_ig,loo_pointwise,0.5184399261382765,133,0.0,0.3333333333333333,0.6,0.6,0.55
cross_encoder,Cross-encoder,392393,1824038,3456790,pointwise_ig,loo_pairwise,0.5184399261382765,133,0.0,0.3333333333333333,0.6,0.6,0.55
cross_encoder,Cross-encoder,392393,1824038,3456790,pointwise_ig,loo_pointwise,0.5184399261382765,133,0.0,0.3333333333333333,0.6,0.6,0.55
cross_encoder,Cross-encoder,392393,1824038,3456790,loo_pairwise,loo_pointwise,1.0,133,1.0,1.0,1.0,1.0,1.0
cross_encoder,Cross-encoder,400692,7430503,5087232,pairwise_ig,pointwise_ig,1.0,96,1.0,1.0,1.0,1.0,1.0
cross_encoder,Cross-encoder,400692,7430503,5087232,pairwise_ig,loo_pairwise,0.2950759631036354,96,0.0,0.0,0.4,0.4,0.6
cross_encoder,Cross-encoder,400692,7430503,5087232,pairwise_ig,loo_pointwise,0.2950759631036354,96,0.0,0.0,0.4,0.4,0.6
cross_encoder,Cross-encoder,400692,7430503,5087232,pointwise_ig,loo_pairwise,0.2950759631036354,96,0.0,0.0,0.4,0.4,0.6
cross_encoder,Cross-encoder,400692,7430503,5087232,pointwise_ig,loo_pointwise,0.2950759631036354,96,0.0,0.0,0.4,0.4,0.6
cross_encoder,Cross-encoder,400692,7430503,5087232,loo_pairwise,loo_pointwise,1.0,96,1.0,1.0,1.0,1.0,1.0
cross_encoder,Cross-encoder,404202,7584372,1197799,pairwise_ig,pointwise_ig,0.9999999999999999,101,1.0,1.0,1.0,1.0,1.0
cross_encoder,Cross-encoder,404202,7584372,1197799,pairwise_ig,loo_pairwise,0.3341059988351776,101,0.0,0.6666666666666666,0.4,0.4,0.4
cross_encoder,Cross-encoder,404202,7584372,1197799,pairwise_ig,loo_pointwise,0.3341059988351776,101,0.0,0.6666666666666666,0.4,0.4,0.4
cross_encoder,Cross-encoder,404202,7584372,1197799,pointwise_ig,loo_pairwise,0.3341059988351776,101,0.0,0.6666666666666666,0.4,0.4,0.4
cross_encoder,Cross-encoder,404202,7584372,1197799,pointwise_ig,loo_pointwise,0.3341059988351776,101,0.0,0.6666666666666666,0.4,0.4,0.4
cross_encoder,Cross-encoder,404202,7584372,1197799,loo_pairwise,loo_pointwise,0.9999999999999999,101,1.0,1.0,1.0,1.0,1.0
cross_encoder,Cross-encoder,407131,7408112,8477133,pairwise_ig,pointwise_ig,1.0,129,1.0,1.0,1.0,1.0,1.0
cross_encoder,Cross-encoder,407131,7408112,8477133,pairwise_ig,loo_pairwise,0.2654796511627907,129,0.0,0.6666666666666666,0.6,0.3,0.5
cross_encoder,Cross-encoder,407131,7408112,8477133,pairwise_ig,loo_pointwise,0.2654796511627907,129,0.0,0.6666666666666666,0.6,0.3,0.5
cross_encoder,Cross-encoder,407131,7408112,8477133,pointwise_ig,loo_pairwise,0.2654796511627907,129,0.0,0.6666666666666666,0.6,0.3,0.5
cross_encoder,Cross-encoder,407131,7408112,8477133,pointwise_ig,loo_pointwise,0.2654796511627907,129,0.0,0.6666666666666666,0.6,0.3,0.5
cross_encoder,Cross-encoder,407131,7408112,8477133,loo_pairwise,loo_pointwise,1.0,129,1.0,1.0,1.0,1.0,1.0
cross_encoder,Cross-encoder,408427,7570419,3770544,pairwise_ig,pointwise_ig,1.0,182,1.0,1.0,1.0,1.0,1.0
cross_encoder,Cross-encoder,408427,7570419,3770544,pairwise_ig,loo_pairwise,0.2796519665462696,182,0.0,0.3333333333333333,0.4,0.4,0.5
cross_encoder,Cross-encoder,408427,7570419,3770544,pairwise_ig,loo_pointwise,0.2796519665462696,182,0.0,0.3333333333333333,0.4,0.4,0.5
cross_encoder,Cross-encoder,408427,7570419,3770544,pointwise_ig,loo_pairwise,0.2796519665462696,182,0.0,0.3333333333333333,0.4,0.4,0.5
cross_encoder,Cross-encoder,408427,7570419,3770544,pointwise_ig,loo_pointwise,0.2796519665462696,182,0.0,0.3333333333333333,0.4,0.4,0.5
cross_encoder,Cross-encoder,408427,7570419,3770544,loo_pairwise,loo_pointwise,1.0,182,1.0,1.0,1.0,1.0,1.0
cross_encoder,Cross-encoder,420673,3222326,5923605,pairwise_ig,pointwise_ig,0.9999999999999998,124,1.0,1.0,1.0,1.0,1.0
cross_encoder,Cross-encoder,420673,3222326,5923605,pairwise_ig,loo_pairwise,0.26700865460267503,124,1.0,0.6666666666666666,0.4,0.4,0.45
cross_encoder,Cross-encoder,420673,3222326,5923605,pairwise_ig,loo_pointwise,0.26700865460267503,124,1.0,0.6666666666666666,0.4,0.4,0.45
cross_encoder,Cross-encoder,420673,3222326,5923605,pointwise_ig,loo_pairwise,0.26700865460267503,124,1.0,0.6666666666666666,0.4,0.4,0.45
cross_encoder,Cross-encoder,420673,3222326,5923605,pointwise_ig,loo_pointwise,0.26700865460267503,124,1.0,0.6666666666666666,0.4,0.4,0.45
cross_encoder,Cross-encoder,420673,3222326,5923605,loo_pairwise,loo_pointwise,0.9999999999999998,124,1.0,1.0,1.0,1.0,1.0
cross_encoder,Cross-encoder,422955,7576731,2834627,pairwise_ig,pointwise_ig,1.0,152,1.0,1.0,1.0,1.0,1.0
cross_encoder,Cross-encoder,422955,7576731,2834627,pairwise_ig,loo_pairwise,0.20200725811412049,152,1.0,0.3333333333333333,0.4,0.4,0.35
cross_encoder,Cross-encoder,422955,7576731,2834627,pairwise_ig,loo_pointwise,0.20200725811412049,152,1.0,0.3333333333333333,0.4,0.4,0.35
cross_encoder,Cross-encoder,422955,7576731,2834627,pointwise_ig,loo_pairwise,0.20200725811412049,152,1.0,0.3333333333333333,0.4,0.4,0.35
cross_encoder,Cross-encoder,422955,7576731,2834627,pointwise_ig,loo_pointwise,0.20200725811412049,152,1.0,0.3333333333333333,0.4,0.4,0.35
cross_encoder,Cross-encoder,422955,7576731,2834627,loo_pairwise,loo_pointwise,1.0,152,1.0,1.0,1.0,1.0,1.0
cross_encoder,Cross-encoder,423608,7443091,1694554,pairwise_ig,pointwise_ig,1.0,133,1.0,1.0,1.0,1.0,1.0
cross_encoder,Cross-encoder,423608,7443091,1694554,pairwise_ig,loo_pairwise,0.3939951566442495,133,0.0,0.6666666666666666,0.6,0.5,0.45
cross_encoder,Cross-encoder,423608,7443091,1694554,pairwise_ig,loo_pointwise,0.3939951566442495,133,0.0,0.6666666666666666,0.6,0.5,0.45
cross_encoder,Cross-encoder,423608,7443091,1694554,pointwise_ig,loo_pairwise,0.3939951566442495,133,0.0,0.6666666666666666,0.6,0.5,0.45
cross_encoder,Cross-encoder,423608,7443091,1694554,pointwise_ig,loo_pointwise,0.3939951566442495,133,0.0,0.6666666666666666,0.6,0.5,0.45
cross_encoder,Cross-encoder,423608,7443091,1694554,loo_pairwise,loo_pointwise,1.0,133,1.0,1.0,1.0,1.0,1.0
cross_encoder,Cross-encoder,440802,7576706,6831188,pairwise_ig,pointwise_ig,1.0,109,1.0,1.0,1.0,1.0,1.0
cross_encoder,Cross-encoder,440802,7576706,6831188,pairwise_ig,loo_pairwise,0.14031137058659993,109,1.0,0.6666666666666666,0.4,0.2,0.2
cross_encoder,Cross-encoder,440802,7576706,6831188,pairwise_ig,loo_pointwise,0.14031137058659993,109,1.0,0.6666666666666666,0.4,0.2,0.2
cross_encoder,Cross-encoder,440802,7576706,6831188,pointwise_ig,loo_pairwise,0.14031137058659993,109,1.0,0.6666666666666666,0.4,0.2,0.2
cross_encoder,Cross-encoder,440802,7576706,6831188,pointwise_ig,loo_pointwise,0.14031137058659993,109,1.0,0.6666666666666666,0.4,0.2,0.2
cross_encoder,Cross-encoder,440802,7576706,6831188,loo_pairwise,loo_pointwise,1.0,109,1.0,1.0,1.0,1.0,1.0
cross_encoder,Cross-encoder,45924,5167800,6547350,pairwise_ig,pointwise_ig,0.9999999999999999,151,1.0,1.0,1.0,1.0,1.0
cross_encoder,Cross-encoder,45924,5167800,6547350,pairwise_ig,loo_pairwise,0.42415824329034507,151,0.0,0.0,0.2,0.2,0.3
cross_encoder,Cross-encoder,45924,5167800,6547350,pairwise_ig,loo_pointwise,0.42415824329034507,151,0.0,0.0,0.2,0.2,0.3
cross_encoder,Cross-encoder,45924,5167800,6547350,pointwise_ig,loo_pairwise,0.42415824329034507,151,0.0,0.0,0.2,0.2,0.3
cross_encoder,Cross-encoder,45924,5167800,6547350,pointwise_ig,loo_pointwise,0.42415824329034507,151,0.0,0.0,0.2,0.2,0.3
cross_encoder,Cross-encoder,45924,5167800,6547350,loo_pairwise,loo_pointwise,0.9999999999999999,151,1.0,1.0,1.0,1.0,1.0
cross_encoder,Cross-encoder,489257,7694872,2833118,pairwise_ig,pointwise_ig,0.9999999999999998,64,1.0,1.0,1.0,1.0,1.0
cross_encoder,Cross-encoder,489257,7694872,2833118,pairwise_ig,loo_pairwise,0.46465201465201456,64,0.0,0.0,0.2,0.5,0.6
cross_encoder,Cross-encoder,489257,7694872,2833118,pairwise_ig,loo_pointwise,0.46465201465201456,64,0.0,0.0,0.2,0.5,0.6
cross_encoder,Cross-encoder,489257,7694872,2833118,pointwise_ig,loo_pairwise,0.46465201465201456,64,0.0,0.0,0.2,0.5,0.6
cross_encoder,Cross-encoder,489257,7694872,2833118,pointwise_ig,loo_pointwise,0.46465201465201456,64,0.0,0.0,0.2,0.5,0.6
cross_encoder,Cross-encoder,489257,7694872,2833118,loo_pairwise,loo_pointwise,0.9999999999999998,64,1.0,1.0,1.0,1.0,1.0
cross_encoder,Cross-encoder,505152,7572869,3654775,pairwise_ig,pointwise_ig,1.0,117,1.0,1.0,1.0,1.0,1.0
cross_encoder,Cross-encoder,505152,7572869,3654775,pairwise_ig,loo_pairwise,0.21999430532452155,117,1.0,0.3333333333333333,0.6,0.4,0.5
cross_encoder,Cross-encoder,505152,7572869,3654775,pairwise_ig,loo_pointwise,0.21999430532452155,117,1.0,0.3333333333333333,0.6,0.4,0.5
cross_encoder,Cross-encoder,505152,7572869,3654775,pointwise_ig,loo_pairwise,0.21999430532452155,117,1.0,0.3333333333333333,0.6,0.4,0.5
cross_encoder,Cross-encoder,505152,7572869,3654775,pointwise_ig,loo_pointwise,0.21999430532452155,117,1.0,0.3333333333333333,0.6,0.4,0.5
cross_encoder,Cross-encoder,505152,7572869,3654775,loo_pairwise,loo_pointwise,1.0,117,1.0,1.0,1.0,1.0,1.0
cross_encoder,Cross-encoder,508316,7559425,6856902,pairwise_ig,pointwise_ig,0.9999999999999998,138,1.0,1.0,1.0,1.0,1.0
cross_encoder,Cross-encoder,508316,7559425,6856902,pairwise_ig,loo_pairwise,0.5131430241398756,138,0.0,1.0,0.8,0.6,0.5
cross_encoder,Cross-encoder,508316,7559425,6856902,pairwise_ig,loo_pointwise,0.5131430241398756,138,0.0,1.0,0.8,0.6,0.5
cross_encoder,Cross-encoder,508316,7559425,6856902,pointwise_ig,loo_pairwise,0.5131430241398756,138,0.0,1.0,0.8,0.6,0.5
cross_encoder,Cross-encoder,508316,7559425,6856902,pointwise_ig,loo_pointwise,0.5131430241398756,138,0.0,1.0,0.8,0.6,0.5
cross_encoder,Cross-encoder,508316,7559425,6856902,loo_pairwise,loo_pointwise,0.9999999999999998,138,1.0,1.0,1.0,1.0,1.0
cross_encoder,Cross-encoder,521851,7697353,4236428,pairwise_ig,pointwise_ig,0.9999999999999999,87,1.0,1.0,1.0,1.0,1.0
cross_encoder,Cross-encoder,521851,7697353,4236428,pairwise_ig,loo_pairwise,0.4582270175694393,87,0.0,0.3333333333333333,0.6,0.6,0.7
cross_encoder,Cross-encoder,521851,7697353,4236428,pairwise_ig,loo_pointwise,0.4582270175694393,87,0.0,0.3333333333333333,0.6,0.6,0.7
cross_encoder,Cross-encoder,521851,7697353,4236428,pointwise_ig,loo_pairwise,0.4582270175694393,87,0.0,0.3333333333333333,0.6,0.6,0.7
cross_encoder,Cross-encoder,521851,7697353,4236428,pointwise_ig,loo_pointwise,0.4582270175694393,87,0.0,0.3333333333333333,0.6,0.6,0.7
cross_encoder,Cross-encoder,521851,7697353,4236428,loo_pairwise,loo_pointwise,0.9999999999999999,87,1.0,1.0,1.0,1.0,1.0
cross_encoder,Cross-encoder,525868,7633123,2294073,pairwise_ig,pointwise_ig,1.0,167,1.0,1.0,1.0,1.0,1.0
cross_encoder,Cross-encoder,525868,7633123,2294073,pairwise_ig,loo_pairwise,0.14161522050563247,167,0.0,1.0,0.8,0.6,0.4
cross_encoder,Cross-encoder,525868,7633123,2294073,pairwise_ig,loo_pointwise,0.14161522050563247,167,0.0,1.0,0.8,0.6,0.4
cross_encoder,Cross-encoder,525868,7633123,2294073,pointwise_ig,loo_pairwise,0.14161522050563247,167,0.0,1.0,0.8,0.6,0.4
cross_encoder,Cross-encoder,525868,7633123,2294073,pointwise_ig,loo_pointwise,0.14161522050563247,167,0.0,1.0,0.8,0.6,0.4
cross_encoder,Cross-encoder,525868,7633123,2294073,loo_pairwise,loo_pointwise,1.0,167,1.0,1.0,1.0,1.0,1.0
cross_encoder,Cross-encoder,548099,7538554,1287590,pairwise_ig,pointwise_ig,1.0,119,1.0,1.0,1.0,1.0,1.0
cross_encoder,Cross-encoder,548099,7538554,1287590,pairwise_ig,loo_pairwise,0.2496866543227461,119,0.0,0.3333333333333333,0.8,0.7,0.6
cross_encoder,Cross-encoder,548099,7538554,1287590,pairwise_ig,loo_pointwise,0.2496866543227461,119,0.0,0.3333333333333333,0.8,0.7,0.6
cross_encoder,Cross-encoder,548099,7538554,1287590,pointwise_ig,loo_pairwise,0.2496866543227461,119,0.0,0.3333333333333333,0.8,0.7,0.6
cross_encoder,Cross-encoder,548099,7538554,1287590,pointwise_ig,loo_pointwise,0.2496866543227461,119,0.0,0.3333333333333333,0.8,0.7,0.6
cross_encoder,Cross-encoder,548099,7538554,1287590,loo_pairwise,loo_pointwise,1.0,119,1.0,1.0,1.0,1.0,1.0
cross_encoder,Cross-encoder,556952,7614653,4458941,pairwise_ig,pointwise_ig,0.9999999999999999,298,1.0,1.0,1.0,1.0,1.0
cross_encoder,Cross-encoder,556952,7614653,4458941,pairwise_ig,loo_pairwise,0.19062955654726882,298,1.0,0.6666666666666666,0.6,0.5,0.45
cross_encoder,Cross-encoder,556952,7614653,4458941,pairwise_ig,loo_pointwise,0.19062955654726882,298,1.0,0.6666666666666666,0.6,0.5,0.45
cross_encoder,Cross-encoder,556952,7614653,4458941,pointwise_ig,loo_pairwise,0.19062955654726882,298,1.0,0.6666666666666666,0.6,0.5,0.45
cross_encoder,Cross-encoder,556952,7614653,4458941,pointwise_ig,loo_pointwise,0.19062955654726882,298,1.0,0.6666666666666666,0.6,0.5,0.45
cross_encoder,Cross-encoder,556952,7614653,4458941,loo_pairwise,loo_pointwise,0.9999999999999999,298,1.0,1.0,1.0,1.0,1.0
cross_encoder,Cross-encoder,559009,2587289,3993517,pairwise_ig,pointwise_ig,0.9999999999999999,98,1.0,1.0,1.0,1.0,1.0
cross_encoder,Cross-encoder,559009,2587289,3993517,pairwise_ig,loo_pairwise,0.3732698327690963,98,1.0,0.6666666666666666,0.4,0.2,0.35
cross_encoder,Cross-encoder,559009,2587289,3993517,pairwise_ig,loo_pointwise,0.3732698327690963,98,1.0,0.6666666666666666,0.4,0.2,0.35
cross_encoder,Cross-encoder,559009,2587289,3993517,pointwise_ig,loo_pairwise,0.3732698327690963,98,1.0,0.6666666666666666,0.4,0.2,0.35
cross_encoder,Cross-encoder,559009,2587289,3993517,pointwise_ig,loo_pointwise,0.3732698327690963,98,1.0,0.6666666666666666,0.4,0.2,0.35
cross_encoder,Cross-encoder,559009,2587289,3993517,loo_pairwise,loo_pointwise,0.9999999999999999,98,1.0,1.0,1.0,1.0,1.0
cross_encoder,Cross-encoder,559709,7647465,271219,pairwise_ig,pointwise_ig,1.0,170,1.0,1.0,1.0,1.0,1.0
cross_encoder,Cross-encoder,559709,7647465,271219,pairwise_ig,loo_pairwise,0.316286539530169,170,0.0,0.6666666666666666,0.4,0.4,0.25
cross_encoder,Cross-encoder,559709,7647465,271219,pairwise_ig,loo_pointwise,0.316286539530169,170,0.0,0.6666666666666666,0.4,0.4,0.25
cross_encoder,Cross-encoder,559709,7647465,271219,pointwise_ig,loo_pairwise,0.316286539530169,170,0.0,0.6666666666666666,0.4,0.4,0.25
cross_encoder,Cross-encoder,559709,7647465,271219,pointwise_ig,loo_pointwise,0.316286539530169,170,0.0,0.6666666666666666,0.4,0.4,0.25
cross_encoder,Cross-encoder,559709,7647465,271219,loo_pairwise,loo_pointwise,1.0,170,1.0,1.0,1.0,1.0,1.0
cross_encoder,Cross-encoder,563359,4794763,727848,pairwise_ig,pointwise_ig,1.0,169,1.0,1.0,1.0,1.0,1.0
cross_encoder,Cross-encoder,563359,4794763,727848,pairwise_ig,loo_pairwise,0.0972875540748844,169,1.0,0.6666666666666666,0.4,0.2,0.2
cross_encoder,Cross-encoder,563359,4794763,727848,pairwise_ig,loo_pointwise,0.0972875540748844,169,1.0,0.6666666666666666,0.4,0.2,0.2
cross_encoder,Cross-encoder,563359,4794763,727848,pointwise_ig,loo_pairwise,0.0972875540748844,169,1.0,0.6666666666666666,0.4,0.2,0.2
cross_encoder,Cross-encoder,563359,4794763,727848,pointwise_ig,loo_pointwise,0.0972875540748844,169,1.0,0.6666666666666666,0.4,0.2,0.2
cross_encoder,Cross-encoder,563359,4794763,727848,loo_pairwise,loo_pointwise,1.0,169,1.0,1.0,1.0,1.0,1.0
cross_encoder,Cross-encoder,565231,7642015,7297976,pairwise_ig,pointwise_ig,1.0,149,1.0,1.0,1.0,1.0,1.0
cross_encoder,Cross-encoder,565231,7642015,7297976,pairwise_ig,loo_pairwise,0.4415490658443679,149,1.0,0.6666666666666666,0.6,0.5,0.4
cross_encoder,Cross-encoder,565231,7642015,7297976,pairwise_ig,loo_pointwise,0.4415490658443679,149,1.0,0.6666666666666666,0.6,0.5,0.4
cross_encoder,Cross-encoder,565231,7642015,7297976,pointwise_ig,loo_pairwise,0.4415490658443679,149,1.0,0.6666666666666666,0.6,0.5,0.4
cross_encoder,Cross-encoder,565231,7642015,7297976,pointwise_ig,loo_pointwise,0.4415490658443679,149,1.0,0.6666666666666666,0.6,0.5,0.4
cross_encoder,Cross-encoder,565231,7642015,7297976,loo_pairwise,loo_pointwise,1.0,149,1.0,1.0,1.0,1.0,1.0
cross_encoder,Cross-encoder,569674,7424207,2227164,pairwise_ig,pointwise_ig,1.0,161,1.0,1.0,1.0,1.0,1.0
cross_encoder,Cross-encoder,569674,7424207,2227164,pairwise_ig,loo_pairwise,0.3094662985967334,161,1.0,0.3333333333333333,0.4,0.3,0.35
cross_encoder,Cross-encoder,569674,7424207,2227164,pairwise_ig,loo_pointwise,0.3094662985967334,161,1.0,0.3333333333333333,0.4,0.3,0.35
cross_encoder,Cross-encoder,569674,7424207,2227164,pointwise_ig,loo_pairwise,0.3094662985967334,161,1.0,0.3333333333333333,0.4,0.3,0.35
cross_encoder,Cross-encoder,569674,7424207,2227164,pointwise_ig,loo_pointwise,0.3094662985967334,161,1.0,0.3333333333333333,0.4,0.3,0.35
cross_encoder,Cross-encoder,569674,7424207,2227164,loo_pairwise,loo_pointwise,1.0,161,1.0,1.0,1.0,1.0,1.0
cross_encoder,Cross-encoder,583766,7547624,1069361,pairwise_ig,pointwise_ig,1.0,201,1.0,1.0,1.0,1.0,1.0
cross_encoder,Cross-encoder,583766,7547624,1069361,pairwise_ig,loo_pairwise,0.3221974286980937,201,0.0,0.0,0.0,0.1,0.2
cross_encoder,Cross-encoder,583766,7547624,1069361,pairwise_ig,loo_pointwise,0.3221974286980937,201,0.0,0.0,0.0,0.1,0.2
cross_encoder,Cross-encoder,583766,7547624,1069361,pointwise_ig,loo_pairwise,0.3221974286980937,201,0.0,0.0,0.0,0.1,0.2
cross_encoder,Cross-encoder,583766,7547624,1069361,pointwise_ig,loo_pointwise,0.3221974286980937,201,0.0,0.0,0.0,0.1,0.2
cross_encoder,Cross-encoder,583766,7547624,1069361,loo_pairwise,loo_pointwise,1.0,201,1.0,1.0,1.0,1.0,1.0
cross_encoder,Cross-encoder,585806,7465605,3655707,pairwise_ig,pointwise_ig,1.0,102,1.0,1.0,1.0,1.0,1.0
cross_encoder,Cross-encoder,585806,7465605,3655707,pairwise_ig,loo_pairwise,0.1852802641771887,102,1.0,0.3333333333333333,0.2,0.3,0.35
cross_encoder,Cross-encoder,585806,7465605,3655707,pairwise_ig,loo_pointwise,0.1852802641771887,102,1.0,0.3333333333333333,0.2,0.3,0.35
cross_encoder,Cross-encoder,585806,7465605,3655707,pointwise_ig,loo_pairwise,0.1852802641771887,102,1.0,0.3333333333333333,0.2,0.3,0.35
cross_encoder,Cross-encoder,585806,7465605,3655707,pointwise_ig,loo_pointwise,0.1852802641771887,102,1.0,0.3333333333333333,0.2,0.3,0.35
cross_encoder,Cross-encoder,585806,7465605,3655707,loo_pairwise,loo_pointwise,1.0,102,1.0,1.0,1.0,1.0,1.0
cross_encoder,Cross-encoder,595577,7503601,7169793,pairwise_ig,pointwise_ig,1.0,178,1.0,1.0,1.0,1.0,1.0
cross_encoder,Cross-encoder,595577,7503601,7169793,pairwise_ig,loo_pairwise,0.22783954958300043,178,0.0,0.3333333333333333,0.2,0.3,0.35
cross_encoder,Cross-encoder,595577,7503601,7169793,pairwise_ig,loo_pointwise,0.22783954958300043,178,0.0,0.3333333333333333,0.2,0.3,0.35
cross_encoder,Cross-encoder,595577,7503601,7169793,pointwise_ig,loo_pairwise,0.22783954958300043,178,0.0,0.3333333333333333,0.2,0.3,0.35
cross_encoder,Cross-encoder,595577,7503601,7169793,pointwise_ig,loo_pointwise,0.22783954958300043,178,0.0,0.3333333333333333,0.2,0.3,0.35
cross_encoder,Cross-encoder,595577,7503601,7169793,loo_pairwise,loo_pointwise,1.0,178,1.0,1.0,1.0,1.0,1.0
cross_encoder,Cross-encoder,605648,7714395,8402264,pairwise_ig,pointwise_ig,0.9999999999999999,108,1.0,1.0,1.0,1.0,1.0
cross_encoder,Cross-encoder,605648,7714395,8402264,pairwise_ig,loo_pairwise,0.20233025617575046,108,0.0,0.3333333333333333,0.2,0.5,0.4
cross_encoder,Cross-encoder,605648,7714395,8402264,pairwise_ig,loo_pointwise,0.20233025617575046,108,0.0,0.3333333333333333,0.2,0.5,0.4
cross_encoder,Cross-encoder,605648,7714395,8402264,pointwise_ig,loo_pairwise,0.20233025617575046,108,0.0,0.3333333333333333,0.2,0.5,0.4
cross_encoder,Cross-encoder,605648,7714395,8402264,pointwise_ig,loo_pointwise,0.20233025617575046,108,0.0,0.3333333333333333,0.2,0.5,0.4
cross_encoder,Cross-encoder,605648,7714395,8402264,loo_pairwise,loo_pointwise,0.9999999999999999,108,1.0,1.0,1.0,1.0,1.0
cross_encoder,Cross-encoder,610056,7428853,2799865,pairwise_ig,pointwise_ig,1.0,166,1.0,1.0,1.0,1.0,1.0
cross_encoder,Cross-encoder,610056,7428853,2799865,pairwise_ig,loo_pairwise,0.2861042427740358,166,1.0,0.3333333333333333,0.8,0.4,0.4
cross_encoder,Cross-encoder,610056,7428853,2799865,pairwise_ig,loo_pointwise,0.2861042427740358,166,1.0,0.3333333333333333,0.8,0.4,0.4
cross_encoder,Cross-encoder,610056,7428853,2799865,pointwise_ig,loo_pairwise,0.2861042427740358,166,1.0,0.3333333333333333,0.8,0.4,0.4
cross_encoder,Cross-encoder,610056,7428853,2799865,pointwise_ig,loo_pointwise,0.2861042427740358,166,1.0,0.3333333333333333,0.8,0.4,0.4
cross_encoder,Cross-encoder,610056,7428853,2799865,loo_pairwise,loo_pointwise,1.0,166,1.0,1.0,1.0,1.0,1.0
cross_encoder,Cross-encoder,633375,7640682,5961267,pairwise_ig,pointwise_ig,0.9999999999999999,87,1.0,1.0,1.0,1.0,1.0
cross_encoder,Cross-encoder,633375,7640682,5961267,pairwise_ig,loo_pairwise,0.2663301013341109,87,1.0,0.6666666666666666,0.6,0.4,0.35
cross_encoder,Cross-encoder,633375,7640682,5961267,pairwise_ig,loo_pointwise,0.2663301013341109,87,1.0,0.6666666666666666,0.6,0.4,0.35
cross_encoder,Cross-encoder,633375,7640682,5961267,pointwise_ig,loo_pairwise,0.2663301013341109,87,1.0,0.6666666666666666,0.6,0.4,0.35
cross_encoder,Cross-encoder,633375,7640682,5961267,pointwise_ig,loo_pointwise,0.2663301013341109,87,1.0,0.6666666666666666,0.6,0.4,0.35
cross_encoder,Cross-encoder,633375,7640682,5961267,loo_pairwise,loo_pointwise,0.9999999999999999,87,1.0,1.0,1.0,1.0,1.0
cross_encoder,Cross-encoder,635044,7601266,2221487,pairwise_ig,pointwise_ig,1.0,57,1.0,1.0,1.0,1.0,1.0
cross_encoder,Cross-encoder,635044,7601266,2221487,pairwise_ig,loo_pairwise,0.3167617319159969,57,0.0,0.0,0.0,0.4,0.5
cross_encoder,Cross-encoder,635044,7601266,2221487,pairwise_ig,loo_pointwise,0.3167617319159969,57,0.0,0.0,0.0,0.4,0.5
cross_encoder,Cross-encoder,635044,7601266,2221487,pointwise_ig,loo_pairwise,0.3167617319159969,57,0.0,0.0,0.0,0.4,0.5
cross_encoder,Cross-encoder,635044,7601266,2221487,pointwise_ig,loo_pointwise,0.3167617319159969,57,0.0,0.0,0.0,0.4,0.5
cross_encoder,Cross-encoder,635044,7601266,2221487,loo_pairwise,loo_pointwise,1.0,57,1.0,1.0,1.0,1.0,1.0
cross_encoder,Cross-encoder,635647,7493198,6296279,pairwise_ig,pointwise_ig,1.0,201,1.0,1.0,1.0,1.0,1.0
cross_encoder,Cross-encoder,635647,7493198,6296279,pairwise_ig,loo_pairwise,0.4166528742426482,201,0.0,0.0,0.2,0.5,0.4
cross_encoder,Cross-encoder,635647,7493198,6296279,pairwise_ig,loo_pointwise,0.4166528742426482,201,0.0,0.0,0.2,0.5,0.4
cross_encoder,Cross-encoder,635647,7493198,6296279,pointwise_ig,loo_pairwise,0.4166528742426482,201,0.0,0.0,0.2,0.5,0.4
cross_encoder,Cross-encoder,635647,7493198,6296279,pointwise_ig,loo_pointwise,0.4166528742426482,201,0.0,0.0,0.2,0.5,0.4
cross_encoder,Cross-encoder,635647,7493198,6296279,loo_pairwise,loo_pointwise,1.0,201,1.0,1.0,1.0,1.0,1.0
cross_encoder,Cross-encoder,637459,7595500,4651582,pairwise_ig,pointwise_ig,1.0,109,1.0,1.0,1.0,1.0,1.0
cross_encoder,Cross-encoder,637459,7595500,4651582,pairwise_ig,loo_pairwise,0.6331943286071727,109,1.0,0.6666666666666666,0.4,0.6,0.6
cross_encoder,Cross-encoder,637459,7595500,4651582,pairwise_ig,loo_pointwise,0.6331943286071727,109,1.0,0.6666666666666666,0.4,0.6,0.6
cross_encoder,Cross-encoder,637459,7595500,4651582,pointwise_ig,loo_pairwise,0.6331943286071727,109,1.0,0.6666666666666666,0.4,0.6,0.6
cross_encoder,Cross-encoder,637459,7595500,4651582,pointwise_ig,loo_pointwise,0.6331943286071727,109,1.0,0.6666666666666666,0.4,0.6,0.6
cross_encoder,Cross-encoder,637459,7595500,4651582,loo_pairwise,loo_pointwise,1.0,109,1.0,1.0,1.0,1.0,1.0
cross_encoder,Cross-encoder,645604,7484648,1138421,pairwise_ig,pointwise_ig,1.0,179,1.0,1.0,1.0,1.0,1.0
cross_encoder,Cross-encoder,645604,7484648,1138421,pairwise_ig,loo_pairwise,0.2576581600120454,179,0.0,0.6666666666666666,0.6,0.4,0.45
cross_encoder,Cross-encoder,645604,7484648,1138421,pairwise_ig,loo_pointwise,0.2576581600120454,179,0.0,0.6666666666666666,0.6,0.4,0.45
cross_encoder,Cross-encoder,645604,7484648,1138421,pointwise_ig,loo_pairwise,0.2576581600120454,179,0.0,0.6666666666666666,0.6,0.4,0.45
cross_encoder,Cross-encoder,645604,7484648,1138421,pointwise_ig,loo_pointwise,0.2576581600120454,179,0.0,0.6666666666666666,0.6,0.4,0.45
cross_encoder,Cross-encoder,645604,7484648,1138421,loo_pairwise,loo_pointwise,1.0,179,1.0,1.0,1.0,1.0,1.0
cross_encoder,Cross-encoder,648119,7447392,6249006,pairwise_ig,pointwise_ig,1.0,190,1.0,1.0,1.0,1.0,1.0
cross_encoder,Cross-encoder,648119,7447392,6249006,pairwise_ig,loo_pairwise,0.30609070669693433,190,0.0,0.6666666666666666,0.8,0.6,0.55
cross_encoder,Cross-encoder,648119,7447392,6249006,pairwise_ig,loo_pointwise,0.30609070669693433,190,0.0,0.6666666666666666,0.8,0.6,0.55
cross_encoder,Cross-encoder,648119,7447392,6249006,pointwise_ig,loo_pairwise,0.30609070669693433,190,0.0,0.6666666666666666,0.8,0.6,0.55
cross_encoder,Cross-encoder,648119,7447392,6249006,pointwise_ig,loo_pointwise,0.30609070669693433,190,0.0,0.6666666666666666,0.8,0.6,0.55
cross_encoder,Cross-encoder,648119,7447392,6249006,loo_pairwise,loo_pointwise,1.0,190,1.0,1.0,1.0,1.0,1.0
cross_encoder,Cross-encoder,655046,7430773,4931429,pairwise_ig,pointwise_ig,1.0,134,1.0,1.0,1.0,1.0,1.0
cross_encoder,Cross-encoder,655046,7430773,4931429,pairwise_ig,loo_pairwise,0.30521328196112174,134,1.0,0.3333333333333333,0.4,0.4,0.5
cross_encoder,Cross-encoder,655046,7430773,4931429,pairwise_ig,loo_pointwise,0.30521328196112174,134,1.0,0.3333333333333333,0.4,0.4,0.5
cross_encoder,Cross-encoder,655046,7430773,4931429,pointwise_ig,loo_pairwise,0.30521328196112174,134,1.0,0.3333333333333333,0.4,0.4,0.5
cross_encoder,Cross-encoder,655046,7430773,4931429,pointwise_ig,loo_pointwise,0.30521328196112174,134,1.0,0.3333333333333333,0.4,0.4,0.5
cross_encoder,Cross-encoder,655046,7430773,4931429,loo_pairwise,loo_pointwise,1.0,134,1.0,1.0,1.0,1.0,1.0
cross_encoder,Cross-encoder,669979,7429319,2486490,pairwise_ig,pointwise_ig,0.9999999999999999,110,1.0,1.0,1.0,1.0,1.0
cross_encoder,Cross-encoder,669979,7429319,2486490,pairwise_ig,loo_pairwise,0.4943083199963934,110,0.0,0.3333333333333333,0.6,0.7,0.65
cross_encoder,Cross-encoder,669979,7429319,2486490,pairwise_ig,loo_pointwise,0.4943083199963934,110,0.0,0.3333333333333333,0.6,0.7,0.65
cross_encoder,Cross-encoder,669979,7429319,2486490,pointwise_ig,loo_pairwise,0.4943083199963934,110,0.0,0.3333333333333333,0.6,0.7,0.65
cross_encoder,Cross-encoder,669979,7429319,2486490,pointwise_ig,loo_pointwise,0.4943083199963934,110,0.0,0.3333333333333333,0.6,0.7,0.65
cross_encoder,Cross-encoder,669979,7429319,2486490,loo_pairwise,loo_pointwise,0.9999999999999999,110,1.0,1.0,1.0,1.0,1.0
cross_encoder,Cross-encoder,679878,5786828,5107283,pairwise_ig,pointwise_ig,1.0,94,1.0,1.0,1.0,1.0,1.0
cross_encoder,Cross-encoder,679878,5786828,5107283,pairwise_ig,loo_pairwise,0.4310154246288336,94,1.0,0.6666666666666666,0.6,0.5,0.6
cross_encoder,Cross-encoder,679878,5786828,5107283,pairwise_ig,loo_pointwise,0.4310154246288336,94,1.0,0.6666666666666666,0.6,0.5,0.6
cross_encoder,Cross-encoder,679878,5786828,5107283,pointwise_ig,loo_pairwise,0.4310154246288336,94,1.0,0.6666666666666666,0.6,0.5,0.6
cross_encoder,Cross-encoder,679878,5786828,5107283,pointwise_ig,loo_pointwise,0.4310154246288336,94,1.0,0.6666666666666666,0.6,0.5,0.6
cross_encoder,Cross-encoder,679878,5786828,5107283,loo_pairwise,loo_pointwise,1.0,94,1.0,1.0,1.0,1.0,1.0
cross_encoder,Cross-encoder,681944,7704858,2346193,pairwise_ig,pointwise_ig,1.0,111,1.0,1.0,1.0,1.0,1.0
cross_encoder,Cross-encoder,681944,7704858,2346193,pairwise_ig,loo_pairwise,0.28367848367848364,111,0.0,1.0,0.6,0.4,0.45
cross_encoder,Cross-encoder,681944,7704858,2346193,pairwise_ig,loo_pointwise,0.28367848367848364,111,0.0,1.0,0.6,0.4,0.45
cross_encoder,Cross-encoder,681944,7704858,2346193,pointwise_ig,loo_pairwise,0.28367848367848364,111,0.0,1.0,0.6,0.4,0.45
cross_encoder,Cross-encoder,681944,7704858,2346193,pointwise_ig,loo_pointwise,0.28367848367848364,111,0.0,1.0,0.6,0.4,0.45
cross_encoder,Cross-encoder,681944,7704858,2346193,loo_pairwise,loo_pointwise,1.0,111,1.0,1.0,1.0,1.0,1.0
cross_encoder,Cross-encoder,687375,7506064,119896,pairwise_ig,pointwise_ig,1.0,113,1.0,1.0,1.0,1.0,1.0
cross_encoder,Cross-encoder,687375,7506064,119896,pairwise_ig,loo_pairwise,0.5676442211724002,113,1.0,0.6666666666666666,0.4,0.4,0.65
cross_encoder,Cross-encoder,687375,7506064,119896,pairwise_ig,loo_pointwise,0.5676442211724002,113,1.0,0.6666666666666666,0.4,0.4,0.65
cross_encoder,Cross-encoder,687375,7506064,119896,pointwise_ig,loo_pairwise,0.5676442211724002,113,1.0,0.6666666666666666,0.4,0.4,0.65
cross_encoder,Cross-encoder,687375,7506064,119896,pointwise_ig,loo_pointwise,0.5676442211724002,113,1.0,0.6666666666666666,0.4,0.4,0.65
cross_encoder,Cross-encoder,687375,7506064,119896,loo_pairwise,loo_pointwise,1.0,113,1.0,1.0,1.0,1.0,1.0
cross_encoder,Cross-encoder,689223,7468368,8072675,pairwise_ig,pointwise_ig,1.0,89,1.0,1.0,1.0,1.0,1.0
cross_encoder,Cross-encoder,689223,7468368,8072675,pairwise_ig,loo_pairwise,0.47969016002723874,89,0.0,0.3333333333333333,0.2,0.5,0.45
cross_encoder,Cross-encoder,689223,7468368,8072675,pairwise_ig,loo_pointwise,0.47969016002723874,89,0.0,0.3333333333333333,0.2,0.5,0.45
cross_encoder,Cross-encoder,689223,7468368,8072675,pointwise_ig,loo_pairwise,0.47969016002723874,89,0.0,0.3333333333333333,0.2,0.5,0.45
cross_encoder,Cross-encoder,689223,7468368,8072675,pointwise_ig,loo_pointwise,0.47969016002723874,89,0.0,0.3333333333333333,0.2,0.5,0.45
cross_encoder,Cross-encoder,689223,7468368,8072675,loo_pairwise,loo_pointwise,1.0,90,1.0,1.0,1.0,1.0,1.0
cross_encoder,Cross-encoder,692494,7457652,1097178,pairwise_ig,pointwise_ig,1.0,104,1.0,1.0,1.0,1.0,1.0
cross_encoder,Cross-encoder,692494,7457652,1097178,pairwise_ig,loo_pairwise,0.1838152139123013,104,0.0,0.6666666666666666,0.6,0.4,0.5
cross_encoder,Cross-encoder,692494,7457652,1097178,pairwise_ig,loo_pointwise,0.1838152139123013,104,0.0,0.6666666666666666,0.6,0.4,0.5
cross_encoder,Cross-encoder,692494,7457652,1097178,pointwise_ig,loo_pairwise,0.1838152139123013,104,0.0,0.6666666666666666,0.6,0.4,0.5
cross_encoder,Cross-encoder,692494,7457652,1097178,pointwise_ig,loo_pointwise,0.1838152139123013,104,0.0,0.6666666666666666,0.6,0.4,0.5
cross_encoder,Cross-encoder,692494,7457652,1097178,loo_pairwise,loo_pointwise,1.0,104,1.0,1.0,1.0,1.0,1.0
cross_encoder,Cross-encoder,709560,1050990,466606,pairwise_ig,pointwise_ig,0.9999999999999999,164,1.0,1.0,1.0,1.0,1.0
cross_encoder,Cross-encoder,709560,1050990,466606,pairwise_ig,loo_pairwise,0.6077265245602818,164,0.0,0.3333333333333333,0.2,0.5,0.75
cross_encoder,Cross-encoder,709560,1050990,466606,pairwise_ig,loo_pointwise,0.6077265245602818,164,0.0,0.3333333333333333,0.2,0.5,0.75
cross_encoder,Cross-encoder,709560,1050990,466606,pointwise_ig,loo_pairwise,0.6077265245602818,164,0.0,0.3333333333333333,0.2,0.5,0.75
cross_encoder,Cross-encoder,709560,1050990,466606,pointwise_ig,loo_pointwise,0.6077265245602818,164,0.0,0.3333333333333333,0.2,0.5,0.75
cross_encoder,Cross-encoder,709560,1050990,466606,loo_pairwise,loo_pointwise,0.9999999999999999,164,1.0,1.0,1.0,1.0,1.0
cross_encoder,Cross-encoder,722413,7531801,246502,pairwise_ig,pointwise_ig,0.9999999999999998,125,1.0,1.0,1.0,1.0,1.0
cross_encoder,Cross-encoder,722413,7531801,246502,pairwise_ig,loo_pairwise,0.1665253456221198,125,0.0,0.3333333333333333,0.4,0.3,0.4
cross_encoder,Cross-encoder,722413,7531801,246502,pairwise_ig,loo_pointwise,0.1665253456221198,125,0.0,0.3333333333333333,0.4,0.3,0.4
cross_encoder,Cross-encoder,722413,7531801,246502,pointwise_ig,loo_pairwise,0.1665253456221198,125,0.0,0.3333333333333333,0.4,0.3,0.4
cross_encoder,Cross-encoder,722413,7531801,246502,pointwise_ig,loo_pointwise,0.1665253456221198,125,0.0,0.3333333333333333,0.4,0.3,0.4
cross_encoder,Cross-encoder,722413,7531801,246502,loo_pairwise,loo_pointwise,0.9999999999999998,125,1.0,1.0,1.0,1.0,1.0
cross_encoder,Cross-encoder,725047,7696627,3210076,pairwise_ig,pointwise_ig,1.0,130,1.0,1.0,1.0,1.0,1.0
cross_encoder,Cross-encoder,725047,7696627,3210076,pairwise_ig,loo_pairwise,0.588239631839845,130,1.0,0.6666666666666666,0.4,0.6,0.6
cross_encoder,Cross-encoder,725047,7696627,3210076,pairwise_ig,loo_pointwise,0.588239631839845,130,1.0,0.6666666666666666,0.4,0.6,0.6
cross_encoder,Cross-encoder,725047,7696627,3210076,pointwise_ig,loo_pairwise,0.588239631839845,130,1.0,0.6666666666666666,0.4,0.6,0.6
cross_encoder,Cross-encoder,725047,7696627,3210076,pointwise_ig,loo_pointwise,0.588239631839845,130,1.0,0.6666666666666666,0.4,0.6,0.6
cross_encoder,Cross-encoder,725047,7696627,3210076,loo_pairwise,loo_pointwise,1.0,130,1.0,1.0,1.0,1.0,1.0
cross_encoder,Cross-encoder,727837,7457249,1824733,pairwise_ig,pointwise_ig,0.9999999999999999,100,1.0,1.0,1.0,1.0,1.0
cross_encoder,Cross-encoder,727837,7457249,1824733,pairwise_ig,loo_pairwise,0.3287728772877288,100,1.0,0.6666666666666666,0.6,0.4,0.45
cross_encoder,Cross-encoder,727837,7457249,1824733,pairwise_ig,loo_pointwise,0.3287728772877288,100,1.0,0.6666666666666666,0.6,0.4,0.45
cross_encoder,Cross-encoder,727837,7457249,1824733,pointwise_ig,loo_pairwise,0.3287728772877288,100,1.0,0.6666666666666666,0.6,0.4,0.45
cross_encoder,Cross-encoder,727837,7457249,1824733,pointwise_ig,loo_pointwise,0.3287728772877288,100,1.0,0.6666666666666666,0.6,0.4,0.45
cross_encoder,Cross-encoder,727837,7457249,1824733,loo_pairwise,loo_pointwise,0.9999999999999999,100,1.0,1.0,1.0,1.0,1.0
cross_encoder,Cross-encoder,738484,7635187,7635188,pairwise_ig,pointwise_ig,1.0,72,1.0,1.0,1.0,1.0,1.0
cross_encoder,Cross-encoder,738484,7635187,7635188,pairwise_ig,loo_pairwise,0.6626471155701332,72,1.0,0.6666666666666666,1.0,0.8,0.6
cross_encoder,Cross-encoder,738484,7635187,7635188,pairwise_ig,loo_pointwise,0.6626471155701332,72,1.0,0.6666666666666666,1.0,0.8,0.6
cross_encoder,Cross-encoder,738484,7635187,7635188,pointwise_ig,loo_pairwise,0.6626471155701332,72,1.0,0.6666666666666666,1.0,0.8,0.6
cross_encoder,Cross-encoder,738484,7635187,7635188,pointwise_ig,loo_pointwise,0.6626471155701332,72,1.0,0.6666666666666666,1.0,0.8,0.6
cross_encoder,Cross-encoder,738484,7635187,7635188,loo_pairwise,loo_pointwise,1.0,72,1.0,1.0,1.0,1.0,1.0
cross_encoder,Cross-encoder,743708,7652351,7221066,pairwise_ig,pointwise_ig,0.9999999999999999,99,1.0,1.0,1.0,1.0,1.0
cross_encoder,Cross-encoder,743708,7652351,7221066,pairwise_ig,loo_pairwise,0.5708967223252936,99,1.0,0.6666666666666666,0.4,0.5,0.6
cross_encoder,Cross-encoder,743708,7652351,7221066,pairwise_ig,loo_pointwise,0.5708967223252936,99,1.0,0.6666666666666666,0.4,0.5,0.6
cross_encoder,Cross-encoder,743708,7652351,7221066,pointwise_ig,loo_pairwise,0.5708967223252936,99,1.0,0.6666666666666666,0.4,0.5,0.6
cross_encoder,Cross-encoder,743708,7652351,7221066,pointwise_ig,loo_pointwise,0.5708967223252936,99,1.0,0.6666666666666666,0.4,0.5,0.6
cross_encoder,Cross-encoder,743708,7652351,7221066,loo_pairwise,loo_pointwise,0.9999999999999999,99,1.0,1.0,1.0,1.0,1.0
cross_encoder,Cross-encoder,747937,7504079,7504078,pairwise_ig,pointwise_ig,1.0,94,1.0,1.0,1.0,1.0,1.0
cross_encoder,Cross-encoder,747937,7504079,7504078,pairwise_ig,loo_pairwise,0.3365025466893039,94,1.0,0.6666666666666666,0.6,0.6,0.4
cross_encoder,Cross-encoder,747937,7504079,7504078,pairwise_ig,loo_pointwise,0.3365025466893039,94,1.0,0.6666666666666666,0.6,0.6,0.4
cross_encoder,Cross-encoder,747937,7504079,7504078,pointwise_ig,loo_pairwise,0.3365025466893039,94,1.0,0.6666666666666666,0.6,0.6,0.4
cross_encoder,Cross-encoder,747937,7504079,7504078,pointwise_ig,loo_pointwise,0.3365025466893039,94,1.0,0.6666666666666666,0.6,0.6,0.4
cross_encoder,Cross-encoder,747937,7504079,7504078,loo_pairwise,loo_pointwise,1.0,94,1.0,1.0,1.0,1.0,1.0
cross_encoder,Cross-encoder,763878,11461,7153118,pairwise_ig,pointwise_ig,1.0,161,1.0,1.0,1.0,1.0,1.0
cross_encoder,Cross-encoder,763878,11461,7153118,pairwise_ig,loo_pairwise,0.4004227053140097,161,0.0,0.6666666666666666,0.6,0.5,0.4
cross_encoder,Cross-encoder,763878,11461,7153118,pairwise_ig,loo_pointwise,0.4004227053140097,161,0.0,0.6666666666666666,0.6,0.5,0.4
cross_encoder,Cross-encoder,763878,11461,7153118,pointwise_ig,loo_pairwise,0.4004227053140097,161,0.0,0.6666666666666666,0.6,0.5,0.4
cross_encoder,Cross-encoder,763878,11461,7153118,pointwise_ig,loo_pointwise,0.4004227053140097,161,0.0,0.6666666666666666,0.6,0.5,0.4
cross_encoder,Cross-encoder,763878,11461,7153118,loo_pairwise,loo_pointwise,1.0,161,1.0,1.0,1.0,1.0,1.0
cross_encoder,Cross-encoder,766272,7801947,3057097,pairwise_ig,pointwise_ig,1.0,109,1.0,1.0,1.0,1.0,1.0
cross_encoder,Cross-encoder,766272,7801947,3057097,pairwise_ig,loo_pairwise,0.3256695394310074,109,1.0,0.6666666666666666,0.6,0.6,0.35
cross_encoder,Cross-encoder,766272,7801947,3057097,pairwise_ig,loo_pointwise,0.3256695394310074,109,1.0,0.6666666666666666,0.6,0.6,0.35
cross_encoder,Cross-encoder,766272,7801947,3057097,pointwise_ig,loo_pairwise,0.3256695394310074,109,1.0,0.6666666666666666,0.6,0.6,0.35
cross_encoder,Cross-encoder,766272,7801947,3057097,pointwise_ig,loo_pointwise,0.3256695394310074,109,1.0,0.6666666666666666,0.6,0.6,0.35
cross_encoder,Cross-encoder,766272,7801947,3057097,loo_pairwise,loo_pointwise,1.0,109,1.0,1.0,1.0,1.0,1.0
cross_encoder,Cross-encoder,768411,7920597,7920605,pairwise_ig,pointwise_ig,1.0,86,1.0,1.0,1.0,1.0,1.0
cross_encoder,Cross-encoder,768411,7920597,7920605,pairwise_ig,loo_pairwise,0.5322986933345912,86,1.0,1.0,0.6,0.4,0.45
cross_encoder,Cross-encoder,768411,7920597,7920605,pairwise_ig,loo_pointwise,0.5322986933345912,86,1.0,1.0,0.6,0.4,0.45
cross_encoder,Cross-encoder,768411,7920597,7920605,pointwise_ig,loo_pairwise,0.5322986933345912,86,1.0,1.0,0.6,0.4,0.45
cross_encoder,Cross-encoder,768411,7920597,7920605,pointwise_ig,loo_pointwise,0.5322986933345912,86,1.0,1.0,0.6,0.4,0.45
cross_encoder,Cross-encoder,768411,7920597,7920605,loo_pairwise,loo_pointwise,1.0,86,1.0,1.0,1.0,1.0,1.0
cross_encoder,Cross-encoder,771239,7720846,5832295,pairwise_ig,pointwise_ig,0.9999999999999998,121,1.0,1.0,1.0,1.0,1.0
cross_encoder,Cross-encoder,771239,7720846,5832295,pairwise_ig,loo_pairwise,0.029426906923181135,121,0.0,0.3333333333333333,0.4,0.3,0.2
cross_encoder,Cross-encoder,771239,7720846,5832295,pairwise_ig,loo_pointwise,0.029426906923181135,121,0.0,0.3333333333333333,0.4,0.3,0.2
cross_encoder,Cross-encoder,771239,7720846,5832295,pointwise_ig,loo_pairwise,0.029426906923181135,121,0.0,0.3333333333333333,0.4,0.3,0.2
cross_encoder,Cross-encoder,771239,7720846,5832295,pointwise_ig,loo_pointwise,0.029426906923181135,121,0.0,0.3333333333333333,0.4,0.3,0.2
cross_encoder,Cross-encoder,771239,7720846,5832295,loo_pairwise,loo_pointwise,0.9999999999999998,121,1.0,1.0,1.0,1.0,1.0
cross_encoder,Cross-encoder,790536,7749943,7777683,pairwise_ig,pointwise_ig,1.0,109,1.0,1.0,1.0,1.0,1.0
cross_encoder,Cross-encoder,790536,7749943,7777683,pairwise_ig,loo_pairwise,0.16461866370123251,109,0.0,0.0,0.2,0.2,0.35
cross_encoder,Cross-encoder,790536,7749943,7777683,pairwise_ig,loo_pointwise,0.16461866370123251,109,0.0,0.0,0.2,0.2,0.35
cross_encoder,Cross-encoder,790536,7749943,7777683,pointwise_ig,loo_pairwise,0.16461866370123251,109,0.0,0.0,0.2,0.2,0.35
cross_encoder,Cross-encoder,790536,7749943,7777683,pointwise_ig,loo_pointwise,0.16461866370123251,109,0.0,0.0,0.2,0.2,0.35
cross_encoder,Cross-encoder,790536,7749943,7777683,loo_pairwise,loo_pointwise,1.0,109,1.0,1.0,1.0,1.0,1.0
cross_encoder,Cross-encoder,792688,7826565,7826563,pairwise_ig,pointwise_ig,1.0,65,1.0,1.0,1.0,1.0,1.0
cross_encoder,Cross-encoder,792688,7826565,7826563,pairwise_ig,loo_pairwise,0.36564685314685313,65,1.0,0.6666666666666666,0.4,0.5,0.6
cross_encoder,Cross-encoder,792688,7826565,7826563,pairwise_ig,loo_pointwise,0.36564685314685313,65,1.0,0.6666666666666666,0.4,0.5,0.6
cross_encoder,Cross-encoder,792688,7826565,7826563,pointwise_ig,loo_pairwise,0.36564685314685313,65,1.0,0.6666666666666666,0.4,0.5,0.6
cross_encoder,Cross-encoder,792688,7826565,7826563,pointwise_ig,loo_pointwise,0.36564685314685313,65,1.0,0.6666666666666666,0.4,0.5,0.6
cross_encoder,Cross-encoder,792688,7826565,7826563,loo_pairwise,loo_pointwise,1.0,65,1.0,1.0,1.0,1.0,1.0
cross_encoder,Cross-encoder,806574,2113439,6974318,pairwise_ig,pointwise_ig,1.0,114,1.0,1.0,1.0,1.0,1.0
cross_encoder,Cross-encoder,806574,2113439,6974318,pairwise_ig,loo_pairwise,0.474793949089731,114,1.0,1.0,0.6,0.7,0.6
cross_encoder,Cross-encoder,806574,2113439,6974318,pairwise_ig,loo_pointwise,0.474793949089731,114,1.0,1.0,0.6,0.7,0.6
cross_encoder,Cross-encoder,806574,2113439,6974318,pointwise_ig,loo_pairwise,0.474793949089731,114,1.0,1.0,0.6,0.7,0.6
cross_encoder,Cross-encoder,806574,2113439,6974318,pointwise_ig,loo_pointwise,0.474793949089731,114,1.0,1.0,0.6,0.7,0.6
cross_encoder,Cross-encoder,806574,2113439,6974318,loo_pairwise,loo_pointwise,1.0,114,1.0,1.0,1.0,1.0,1.0
cross_encoder,Cross-encoder,81993,7297000,5198002,pairwise_ig,pointwise_ig,1.0,115,1.0,1.0,1.0,1.0,1.0
cross_encoder,Cross-encoder,81993,7297000,5198002,pairwise_ig,loo_pairwise,0.4181251479523396,115,0.0,0.6666666666666666,0.6,0.4,0.4
cross_encoder,Cross-encoder,81993,7297000,5198002,pairwise_ig,loo_pointwise,0.4181251479523396,115,0.0,0.6666666666666666,0.6,0.4,0.4
cross_encoder,Cross-encoder,81993,7297000,5198002,pointwise_ig,loo_pairwise,0.4181251479523396,115,0.0,0.6666666666666666,0.6,0.4,0.4
cross_encoder,Cross-encoder,81993,7297000,5198002,pointwise_ig,loo_pointwise,0.4181251479523396,115,0.0,0.6666666666666666,0.6,0.4,0.4
cross_encoder,Cross-encoder,81993,7297000,5198002,loo_pairwise,loo_pointwise,1.0,115,1.0,1.0,1.0,1.0,1.0
cross_encoder,Cross-encoder,839137,7803834,4511851,pairwise_ig,pointwise_ig,1.0,153,1.0,1.0,1.0,1.0,1.0
cross_encoder,Cross-encoder,839137,7803834,4511851,pairwise_ig,loo_pairwise,0.4292080468551057,153,0.0,0.0,0.4,0.5,0.55
cross_encoder,Cross-encoder,839137,7803834,4511851,pairwise_ig,loo_pointwise,0.4292080468551057,153,0.0,0.0,0.4,0.5,0.55
cross_encoder,Cross-encoder,839137,7803834,4511851,pointwise_ig,loo_pairwise,0.4292080468551057,153,0.0,0.0,0.4,0.5,0.55
cross_encoder,Cross-encoder,839137,7803834,4511851,pointwise_ig,loo_pointwise,0.4292080468551057,153,0.0,0.0,0.4,0.5,0.55
cross_encoder,Cross-encoder,839137,7803834,4511851,loo_pairwise,loo_pointwise,1.0,153,1.0,1.0,1.0,1.0,1.0
cross_encoder,Cross-encoder,85053,7368239,4299679,pairwise_ig,pointwise_ig,1.0,144,1.0,1.0,1.0,1.0,1.0
cross_encoder,Cross-encoder,85053,7368239,4299679,pairwise_ig,loo_pairwise,0.36584679688127963,144,0.0,0.3333333333333333,0.4,0.4,0.5
cross_encoder,Cross-encoder,85053,7368239,4299679,pairwise_ig,loo_pointwise,0.36584679688127963,144,0.0,0.3333333333333333,0.4,0.4,0.5
cross_encoder,Cross-encoder,85053,7368239,4299679,pointwise_ig,loo_pairwise,0.36584679688127963,144,0.0,0.3333333333333333,0.4,0.4,0.5
cross_encoder,Cross-encoder,85053,7368239,4299679,pointwise_ig,loo_pointwise,0.36584679688127963,144,0.0,0.3333333333333333,0.4,0.4,0.5
cross_encoder,Cross-encoder,85053,7368239,4299679,loo_pairwise,loo_pointwise,1.0,144,1.0,1.0,1.0,1.0,1.0
cross_encoder,Cross-encoder,865660,7948042,394299,pairwise_ig,pointwise_ig,1.0,106,1.0,1.0,1.0,1.0,1.0
cross_encoder,Cross-encoder,865660,7948042,394299,pairwise_ig,loo_pairwise,0.5192180769327657,106,0.0,0.0,0.2,0.3,0.4
cross_encoder,Cross-encoder,865660,7948042,394299,pairwise_ig,loo_pointwise,0.5192180769327657,106,0.0,0.0,0.2,0.3,0.4
cross_encoder,Cross-encoder,865660,7948042,394299,pointwise_ig,loo_pairwise,0.5192180769327657,106,0.0,0.0,0.2,0.3,0.4
cross_encoder,Cross-encoder,865660,7948042,394299,pointwise_ig,loo_pointwise,0.5192180769327657,106,0.0,0.0,0.2,0.3,0.4
cross_encoder,Cross-encoder,865660,7948042,394299,loo_pairwise,loo_pointwise,1.0,106,1.0,1.0,1.0,1.0,1.0
cross_encoder,Cross-encoder,8854,7304912,1498395,pairwise_ig,pointwise_ig,0.9999999999999999,99,1.0,1.0,1.0,1.0,1.0
cross_encoder,Cross-encoder,8854,7304912,1498395,pairwise_ig,loo_pairwise,0.7301917130488559,99,0.0,0.0,0.4,0.5,0.5
cross_encoder,Cross-encoder,8854,7304912,1498395,pairwise_ig,loo_pointwise,0.7301917130488559,99,0.0,0.0,0.4,0.5,0.5
cross_encoder,Cross-encoder,8854,7304912,1498395,pointwise_ig,loo_pairwise,0.7301917130488559,99,0.0,0.0,0.4,0.5,0.5
cross_encoder,Cross-encoder,8854,7304912,1498395,pointwise_ig,loo_pointwise,0.7301917130488559,99,0.0,0.0,0.4,0.5,0.5
cross_encoder,Cross-encoder,8854,7304912,1498395,loo_pairwise,loo_pointwise,0.9999999999999999,99,1.0,1.0,1.0,1.0,1.0
cross_encoder,Cross-encoder,895932,1130834,1644875,pairwise_ig,pointwise_ig,1.0,148,1.0,1.0,1.0,1.0,1.0
cross_encoder,Cross-encoder,895932,1130834,1644875,pairwise_ig,loo_pairwise,0.11584862495696631,148,0.0,0.0,0.4,0.4,0.35
cross_encoder,Cross-encoder,895932,1130834,1644875,pairwise_ig,loo_pointwise,0.11584862495696631,148,0.0,0.0,0.4,0.4,0.35
cross_encoder,Cross-encoder,895932,1130834,1644875,pointwise_ig,loo_pairwise,0.11584862495696631,148,0.0,0.0,0.4,0.4,0.35
cross_encoder,Cross-encoder,895932,1130834,1644875,pointwise_ig,loo_pointwise,0.11584862495696631,148,0.0,0.0,0.4,0.4,0.35
cross_encoder,Cross-encoder,895932,1130834,1644875,loo_pairwise,loo_pointwise,1.0,148,1.0,1.0,1.0,1.0,1.0
cross_encoder,Cross-encoder,912234,7875077,4837545,pairwise_ig,pointwise_ig,1.0,140,1.0,1.0,1.0,1.0,1.0
cross_encoder,Cross-encoder,912234,7875077,4837545,pairwise_ig,loo_pairwise,0.21919923028142838,140,1.0,0.6666666666666666,0.4,0.2,0.3
cross_encoder,Cross-encoder,912234,7875077,4837545,pairwise_ig,loo_pointwise,0.21919923028142838,140,1.0,0.6666666666666666,0.4,0.2,0.3
cross_encoder,Cross-encoder,912234,7875077,4837545,pointwise_ig,loo_pairwise,0.21919923028142838,140,1.0,0.6666666666666666,0.4,0.2,0.3
cross_encoder,Cross-encoder,912234,7875077,4837545,pointwise_ig,loo_pointwise,0.21919923028142838,140,1.0,0.6666666666666666,0.4,0.2,0.3
cross_encoder,Cross-encoder,912234,7875077,4837545,loo_pairwise,loo_pointwise,1.0,140,1.0,1.0,1.0,1.0,1.0
cross_encoder,Cross-encoder,929046,491288,6622914,pairwise_ig,pointwise_ig,1.0,104,1.0,1.0,1.0,1.0,1.0
cross_encoder,Cross-encoder,929046,491288,6622914,pairwise_ig,loo_pairwise,0.3554464952523205,104,0.0,0.0,0.0,0.0,0.25
cross_encoder,Cross-encoder,929046,491288,6622914,pairwise_ig,loo_pointwise,0.3554464952523205,104,0.0,0.0,0.0,0.0,0.25
cross_encoder,Cross-encoder,929046,491288,6622914,pointwise_ig,loo_pairwise,0.3554464952523205,104,0.0,0.0,0.0,0.0,0.25
cross_encoder,Cross-encoder,929046,491288,6622914,pointwise_ig,loo_pointwise,0.3554464952523205,104,0.0,0.0,0.0,0.0,0.25
cross_encoder,Cross-encoder,929046,491288,6622914,loo_pairwise,loo_pointwise,1.0,104,1.0,1.0,1.0,1.0,1.0
cross_encoder,Cross-encoder,930721,7805222,6830023,pairwise_ig,pointwise_ig,1.0,147,1.0,1.0,1.0,1.0,1.0
cross_encoder,Cross-encoder,930721,7805222,6830023,pairwise_ig,loo_pairwise,0.6435182736552599,147,1.0,0.6666666666666666,0.6,0.5,0.5
cross_encoder,Cross-encoder,930721,7805222,6830023,pairwise_ig,loo_pointwise,0.6435182736552599,147,1.0,0.6666666666666666,0.6,0.5,0.5
cross_encoder,Cross-encoder,930721,7805222,6830023,pointwise_ig,loo_pairwise,0.6435182736552599,147,1.0,0.6666666666666666,0.6,0.5,0.5
cross_encoder,Cross-encoder,930721,7805222,6830023,pointwise_ig,loo_pointwise,0.6435182736552599,147,1.0,0.6666666666666666,0.6,0.5,0.5
cross_encoder,Cross-encoder,930721,7805222,6830023,loo_pairwise,loo_pointwise,1.0,147,1.0,1.0,1.0,1.0,1.0
cross_encoder,Cross-encoder,938140,7943868,5489846,pairwise_ig,pointwise_ig,1.0,120,1.0,1.0,1.0,1.0,1.0
cross_encoder,Cross-encoder,938140,7943868,5489846,pairwise_ig,loo_pairwise,0.39256198347107435,120,0.0,0.0,0.0,0.1,0.15
cross_encoder,Cross-encoder,938140,7943868,5489846,pairwise_ig,loo_pointwise,0.39256198347107435,120,0.0,0.0,0.0,0.1,0.15
cross_encoder,Cross-encoder,938140,7943868,5489846,pointwise_ig,loo_pairwise,0.39256198347107435,120,0.0,0.0,0.0,0.1,0.15
cross_encoder,Cross-encoder,938140,7943868,5489846,pointwise_ig,loo_pointwise,0.39256198347107435,120,0.0,0.0,0.0,0.1,0.15
cross_encoder,Cross-encoder,938140,7943868,5489846,loo_pairwise,loo_pointwise,1.0,120,1.0,1.0,1.0,1.0,1.0
cross_encoder,Cross-encoder,942651,7761568,1481344,pairwise_ig,pointwise_ig,0.9999999999999998,132,1.0,1.0,1.0,1.0,1.0
cross_encoder,Cross-encoder,942651,7761568,1481344,pairwise_ig,loo_pairwise,0.3083072010352042,132,0.0,0.6666666666666666,0.4,0.3,0.3
cross_encoder,Cross-encoder,942651,7761568,1481344,pairwise_ig,loo_pointwise,0.3083072010352042,132,0.0,0.6666666666666666,0.4,0.3,0.3
cross_encoder,Cross-encoder,942651,7761568,1481344,pointwise_ig,loo_pairwise,0.3083072010352042,132,0.0,0.6666666666666666,0.4,0.3,0.3
cross_encoder,Cross-encoder,942651,7761568,1481344,pointwise_ig,loo_pointwise,0.3083072010352042,132,0.0,0.6666666666666666,0.4,0.3,0.3
cross_encoder,Cross-encoder,942651,7761568,1481344,loo_pairwise,loo_pointwise,0.9999999999999998,132,1.0,1.0,1.0,1.0,1.0
cross_encoder,Cross-encoder,948532,2884991,4055758,pairwise_ig,pointwise_ig,1.0,129,1.0,1.0,1.0,1.0,1.0
cross_encoder,Cross-encoder,948532,2884991,4055758,pairwise_ig,loo_pairwise,0.5937061070361722,129,0.0,0.3333333333333333,0.6,0.6,0.65
cross_encoder,Cross-encoder,948532,2884991,4055758,pairwise_ig,loo_pointwise,0.5937061070361722,129,0.0,0.3333333333333333,0.6,0.6,0.65
cross_encoder,Cross-encoder,948532,2884991,4055758,pointwise_ig,loo_pairwise,0.5937061070361722,129,0.0,0.3333333333333333,0.6,0.6,0.65
cross_encoder,Cross-encoder,948532,2884991,4055758,pointwise_ig,loo_pointwise,0.5937061070361722,129,0.0,0.3333333333333333,0.6,0.6,0.65
cross_encoder,Cross-encoder,948532,2884991,4055758,loo_pairwise,loo_pointwise,1.0,129,1.0,1.0,1.0,1.0,1.0
cross_encoder,Cross-encoder,986972,7735236,3753494,pairwise_ig,pointwise_ig,1.0,189,1.0,1.0,1.0,1.0,1.0
cross_encoder,Cross-encoder,986972,7735236,3753494,pairwise_ig,loo_pairwise,0.551806822019588,189,1.0,0.3333333333333333,0.4,0.4,0.55
cross_encoder,Cross-encoder,986972,7735236,3753494,pairwise_ig,loo_pointwise,0.551806822019588,189,1.0,0.3333333333333333,0.4,0.4,0.55
cross_encoder,Cross-encoder,986972,7735236,3753494,pointwise_ig,loo_pairwise,0.551806822019588,189,1.0,0.3333333333333333,0.4,0.4,0.55
cross_encoder,Cross-encoder,986972,7735236,3753494,pointwise_ig,loo_pointwise,0.551806822019588,189,1.0,0.3333333333333333,0.4,0.4,0.55
cross_encoder,Cross-encoder,986972,7735236,3753494,loo_pairwise,loo_pointwise,1.0,189,1.0,1.0,1.0,1.0,1.0
cross_encoder,Cross-encoder,988119,7289721,7289723,pairwise_ig,pointwise_ig,1.0,148,1.0,1.0,1.0,1.0,1.0
cross_encoder,Cross-encoder,988119,7289721,7289723,pairwise_ig,loo_pairwise,0.2546004434786794,148,0.0,0.6666666666666666,0.6,0.4,0.45
cross_encoder,Cross-encoder,988119,7289721,7289723,pairwise_ig,loo_pointwise,0.2546004434786794,148,0.0,0.6666666666666666,0.6,0.4,0.45
cross_encoder,Cross-encoder,988119,7289721,7289723,pointwise_ig,loo_pairwise,0.2546004434786794,148,0.0,0.6666666666666666,0.6,0.4,0.45
cross_encoder,Cross-encoder,988119,7289721,7289723,pointwise_ig,loo_pointwise,0.2546004434786794,148,0.0,0.6666666666666666,0.6,0.4,0.45
cross_encoder,Cross-encoder,988119,7289721,7289723,loo_pairwise,loo_pointwise,1.0,148,1.0,1.0,1.0,1.0,1.0
cross_encoder,Cross-encoder,988124,7289647,1610128,pairwise_ig,pointwise_ig,0.9999999999999998,124,1.0,1.0,1.0,1.0,1.0
cross_encoder,Cross-encoder,988124,7289647,1610128,pairwise_ig,loo_pairwise,0.38449095200629424,124,1.0,1.0,0.6,0.6,0.5
cross_encoder,Cross-encoder,988124,7289647,1610128,pairwise_ig,loo_pointwise,0.38449095200629424,124,1.0,1.0,0.6,0.6,0.5
cross_encoder,Cross-encoder,988124,7289647,1610128,pointwise_ig,loo_pairwise,0.38449095200629424,124,1.0,1.0,0.6,0.6,0.5
cross_encoder,Cross-encoder,988124,7289647,1610128,pointwise_ig,loo_pointwise,0.38449095200629424,124,1.0,1.0,0.6,0.6,0.5
cross_encoder,Cross-encoder,988124,7289647,1610128,loo_pairwise,loo_pointwise,0.9999999999999998,124,1.0,1.0,1.0,1.0,1.0
cross_encoder,Cross-encoder,989108,7777611,5316590,pairwise_ig,pointwise_ig,1.0,73,1.0,1.0,1.0,1.0,1.0
cross_encoder,Cross-encoder,989108,7777611,5316590,pairwise_ig,loo_pairwise,0.3568122917437987,73,0.0,0.6666666666666666,0.6,0.4,0.55
cross_encoder,Cross-encoder,989108,7777611,5316590,pairwise_ig,loo_pointwise,0.3568122917437987,73,0.0,0.6666666666666666,0.6,0.4,0.55
cross_encoder,Cross-encoder,989108,7777611,5316590,pointwise_ig,loo_pairwise,0.3568122917437987,73,0.0,0.6666666666666666,0.6,0.4,0.55
cross_encoder,Cross-encoder,989108,7777611,5316590,pointwise_ig,loo_pointwise,0.3568122917437987,73,0.0,0.6666666666666666,0.6,0.4,0.55
cross_encoder,Cross-encoder,989108,7777611,5316590,loo_pairwise,loo_pointwise,1.0,73,1.0,1.0,1.0,1.0,1.0
cross_encoder,Cross-encoder,991342,7282434,4196274,pairwise_ig,pointwise_ig,0.9999999999999998,124,1.0,1.0,1.0,1.0,1.0
cross_encoder,Cross-encoder,991342,7282434,4196274,pairwise_ig,loo_pairwise,0.42677576711250986,124,0.0,0.6666666666666666,0.4,0.4,0.35
cross_encoder,Cross-encoder,991342,7282434,4196274,pairwise_ig,loo_pointwise,0.42677576711250986,124,0.0,0.6666666666666666,0.4,0.4,0.35
cross_encoder,Cross-encoder,991342,7282434,4196274,pointwise_ig,loo_pairwise,0.42677576711250986,124,0.0,0.6666666666666666,0.4,0.4,0.35
cross_encoder,Cross-encoder,991342,7282434,4196274,pointwise_ig,loo_pointwise,0.42677576711250986,124,0.0,0.6666666666666666,0.4,0.4,0.35
cross_encoder,Cross-encoder,991342,7282434,4196274,loo_pairwise,loo_pointwise,0.9999999999999998,124,1.0,1.0,1.0,1.0,1.0
cross_encoder,Cross-encoder,992433,7279737,4566952,pairwise_ig,pointwise_ig,1.0,174,1.0,1.0,1.0,1.0,1.0
cross_encoder,Cross-encoder,992433,7279737,4566952,pairwise_ig,loo_pairwise,-0.11282439705002988,174,0.0,0.0,0.4,0.3,0.25
cross_encoder,Cross-encoder,992433,7279737,4566952,pairwise_ig,loo_pointwise,-0.11282439705002988,174,0.0,0.0,0.4,0.3,0.25
cross_encoder,Cross-encoder,992433,7279737,4566952,pointwise_ig,loo_pairwise,-0.11282439705002988,174,0.0,0.0,0.4,0.3,0.25
cross_encoder,Cross-encoder,992433,7279737,4566952,pointwise_ig,loo_pointwise,-0.11282439705002988,174,0.0,0.0,0.4,0.3,0.25
cross_encoder,Cross-encoder,992433,7279737,4566952,loo_pairwise,loo_pointwise,1.0,174,1.0,1.0,1.0,1.0,1.0
cross_encoder,Cross-encoder,995125,7026693,6820407,pairwise_ig,pointwise_ig,1.0,142,1.0,1.0,1.0,1.0,1.0
cross_encoder,Cross-encoder,995125,7026693,6820407,pairwise_ig,loo_pairwise,0.4578984096514813,142,1.0,0.6666666666666666,0.4,0.5,0.5
cross_encoder,Cross-encoder,995125,7026693,6820407,pairwise_ig,loo_pointwise,0.4578984096514813,142,1.0,0.6666666666666666,0.4,0.5,0.5
cross_encoder,Cross-encoder,995125,7026693,6820407,pointwise_ig,loo_pairwise,0.4578984096514813,142,1.0,0.6666666666666666,0.4,0.5,0.5
cross_encoder,Cross-encoder,995125,7026693,6820407,pointwise_ig,loo_pointwise,0.4578984096514813,142,1.0,0.6666666666666666,0.4,0.5,0.5
cross_encoder,Cross-encoder,995125,7026693,6820407,loo_pairwise,loo_pointwise,1.0,142,1.0,1.0,1.0,1.0,1.0
cross_encoder,Cross-encoder,99556,7684278,5701590,pairwise_ig,pointwise_ig,1.0,188,1.0,1.0,1.0,1.0,1.0
cross_encoder,Cross-encoder,99556,7684278,5701590,pairwise_ig,loo_pairwise,0.2309019029920156,188,1.0,0.6666666666666666,0.6,0.4,0.5
cross_encoder,Cross-encoder,99556,7684278,5701590,pairwise_ig,loo_pointwise,0.2309019029920156,188,1.0,0.6666666666666666,0.6,0.4,0.5
cross_encoder,Cross-encoder,99556,7684278,5701590,pointwise_ig,loo_pairwise,0.2309019029920156,188,1.0,0.6666666666666666,0.6,0.4,0.5
cross_encoder,Cross-encoder,99556,7684278,5701590,pointwise_ig,loo_pointwise,0.2309019029920156,188,1.0,0.6666666666666666,0.6,0.4,0.5
cross_encoder,Cross-encoder,99556,7684278,5701590,loo_pairwise,loo_pointwise,1.0,188,1.0,1.0,1.0,1.0,1.0
cross_encoder,Cross-encoder,998609,7267718,5402489,pairwise_ig,pointwise_ig,0.9999999999999999,193,1.0,1.0,1.0,1.0,1.0
cross_encoder,Cross-encoder,998609,7267718,5402489,pairwise_ig,loo_pairwise,0.339269737193526,193,0.0,0.3333333333333333,0.4,0.4,0.35
cross_encoder,Cross-encoder,998609,7267718,5402489,pairwise_ig,loo_pointwise,0.339269737193526,193,0.0,0.3333333333333333,0.4,0.4,0.35
cross_encoder,Cross-encoder,998609,7267718,5402489,pointwise_ig,loo_pairwise,0.339269737193526,193,0.0,0.3333333333333333,0.4,0.4,0.35
cross_encoder,Cross-encoder,998609,7267718,5402489,pointwise_ig,loo_pointwise,0.339269737193526,193,0.0,0.3333333333333333,0.4,0.4,0.35
cross_encoder,Cross-encoder,998609,7267718,5402489,loo_pairwise,loo_pointwise,0.9999999999999999,193,1.0,1.0,1.0,1.0,1.0
cross_encoder,Cross-encoder,998675,7267527,6118160,pairwise_ig,pointwise_ig,1.0,149,1.0,1.0,1.0,1.0,1.0
cross_encoder,Cross-encoder,998675,7267527,6118160,pairwise_ig,loo_pairwise,0.2254054054054054,149,1.0,0.6666666666666666,0.6,0.4,0.45
cross_encoder,Cross-encoder,998675,7267527,6118160,pairwise_ig,loo_pointwise,0.2254054054054054,149,1.0,0.6666666666666666,0.6,0.4,0.45
cross_encoder,Cross-encoder,998675,7267527,6118160,pointwise_ig,loo_pairwise,0.2254054054054054,149,1.0,0.6666666666666666,0.6,0.4,0.45
cross_encoder,Cross-encoder,998675,7267527,6118160,pointwise_ig,loo_pointwise,0.2254054054054054,149,1.0,0.6666666666666666,0.6,0.4,0.45
cross_encoder,Cross-encoder,998675,7267527,6118160,loo_pairwise,loo_pointwise,1.0,149,1.0,1.0,1.0,1.0,1.0
cross_encoder,Cross-encoder,998965,7266627,1467139,pairwise_ig,pointwise_ig,1.0,123,1.0,1.0,1.0,1.0,1.0
cross_encoder,Cross-encoder,998965,7266627,1467139,pairwise_ig,loo_pairwise,0.304362126117295,123,0.0,0.6666666666666666,0.8,0.5,0.4
cross_encoder,Cross-encoder,998965,7266627,1467139,pairwise_ig,loo_pointwise,0.304362126117295,123,0.0,0.6666666666666666,0.8,0.5,0.4
cross_encoder,Cross-encoder,998965,7266627,1467139,pointwise_ig,loo_pairwise,0.304362126117295,123,0.0,0.6666666666666666,0.8,0.5,0.4
cross_encoder,Cross-encoder,998965,7266627,1467139,pointwise_ig,loo_pointwise,0.304362126117295,123,0.0,0.6666666666666666,0.8,0.5,0.4
cross_encoder,Cross-encoder,998965,7266627,1467139,loo_pairwise,loo_pointwise,1.0,123,1.0,1.0,1.0,1.0,1.0
