qid,query,pid_i,passage_i,score_i,pid_j,passage_j,score_j,g_score,correct_pref
1001108,where the chromosomes are moving towards the poles of the cell,7870036,"Now, during anaphase, the two sister chromatids of each chromosome are pulled apart by the spindle and dragged by their kinetochores toward opposite poles of the cell (i.e., toward the opposite centrosomes). The movement results from a shortening of the spindle microtubules. Each chromosome is pulled along by its centromere. Formally, this phase begins when the duplicated centromeres of each pair of sister chromatids separates, and the resulting daughter chromosomes begin moving toward the poles.",0.9673045072164436,7042329,Telophase is the final cycle of cell division for eukaryotic cells in both in mitosis and meiosis. A eukaryote is any cell which contains a nucleus and other organelles within a cell membrane. There are three main stages of telophase: The chromosomes move to opposite ends of the poles and begin to unwind.,0.605585573608286,0.3617189336081576,1
1009183,what's the difference between c++ and java,7249212,"The most important difference is that Java is a memory-safe language, whereas C++ is not. This means that errors in Java programs are detected in defined ways—for example, attempting a bad cast or indexing an array out of bounds results in an exception.",0.9999062597744992,2911375,"The Java Persistence API (JPA) is a Java programming language application programming interface specification that describes the management of relational data in applications using Java Platform, Standard Edition and Java Platform, Enterprise Edition.",0.2917891084658985,0.7081171513086005,1
1009742,what's a pollinator,7248275,"A pollinator is different from a pollenizer, a plant that is a source of pollen for the pollination process.",0.8498142470151397,5018280,"Definition. Cross pollination is the transfer of pollen grains from the anther of a flower to the stigma of a flower of a different plant of the same species. Self pollination is the transfer of pollen grains from the anther to the stigma of the same flower. Seen in.Insects: Apples, grapes, plums, pears, raspberries, blackberries, strawberries, runner beans, pumpkins, daffodils, tulips, lavender Wind: grasses, catkins, dandelions, maple trees, and goat’s beard.iffen › Science › Biology › Botany. In the process of cross pollination, the pollen is transferred from one plant to another by a pollinator, such as an insect, or by the wind. In self pollination, the plant’s stamen sheds pollen directly onto its own stigma.",0.2055490356357337,0.644265211379406,1
1010700,which hotel did jfk propose to jackie,7908507,"Decades later, Ho Chi Minh worked as a baker in the basement kitchen, likely churning out the hotel's deservedly famous, eponymous Parker House rolls. JFK proposed to Jackie at a table at Parker's Restaurant, where Malcolm X once worked as a busboy.",0.999991725938417,3541134,"In the 1968 movie Eat Your Makeup directed by John Waters, Divine plays Jackie Kennedy in a re-enactment of the JFK assassination. Waters later said on The Graham Norton Show, that the scenes were filmed on his parents' home street to the neighbors' disgust, as it was shortly after the real assassination had occurred.",0.3960425798026566,0.6039491461357605,1
1012865,what was enoch brown school massacre?,7242969,"Enoch Brown school massacre topic. 1885 memorial The Enoch Brown school massacre was one of the most notorious incidents of Pontiac's War . On July 26, 1764, four Delaware (Lenape) American Indians entered a settlers' log schoolhouse in the Province of Pennsylvania in what is now Franklin County , near the present-day city of Greencastle .",0.99999783277751,5615198,"The book, The Keys of Enoch has described it as the mid-way station or programming center used by the physical brotherhoods in our local universe, to govern the many rounds of experiments with physicals on our end of the galaxy. Their total focus in every aspect of their society to the path of God realization.",0.6805947389150229,0.3194030938624872,1
1020244,what skills i need for marine biology,7233356,"Marine biologist must also be familiar with various research boats and ships, and may need scuba diving skills and underwater camera and video skills. Marine biologists also frequently require robotic skills, such as for using Remotely Operated Vehicles, or ROVs, which are used in place of manned submersibles.",0.9983922798635836,5214901,Since 2012 Dirk is Director for Education and Outreach at the Biodiversity Institute of Ontario. Prior to that he was responsible for the institutes activities in Marine Biology. Find out more about his work on his blog. Dirk joined Wellington Hall Academy in 2009 and is teaching science for middle and senior school.,0.2897692440159127,0.7086230358476711,1
1022762,which vitamins are important,6046885,"There are a few types of these nutrients, and they're all good for your body. But three of them -- vitamins B6, B12, and folic acid -- are especially important. Vitamin B6 is also known as pyridoxine. You need it to keep your brain working well and to help your body change food into energy, which is called metabolism.",0.8367196237473132,2605564,"Summary. 1  Fat-soluble vitamins: A, D, E, and K — are stored in the body for long periods of time, and pose a greater risk for toxicity than water-soluble vitamins. 2  Beta carotene is an important antioxidant that the body converts to Vitamin A, and it is found in a variety of fruits and vegetables.",0.4444130747579038,0.3923065489894094,1
1022769,what percentage of americans are either overweight or obese? quizlet,7229482,"Today, about 75 percent of US men and 67 percent of US women are either overweight or obese. This has risen significantly from figures gathered between 1988 and 1994, when just 63 percent of men and 55 percent of US women were overweight or obese. 2. Fewer Than One-Third of Americans Are at a Healthy Weight The NHANES data revealed that about 35 percent of men and 37 percent of women are obese, while another 40 percent of men and 30 percent of women are overweight. This means less than one-third of US adults are at a healthy weight. Lin Yang, a postdoctoral research associate at Washington University School of Medicine in St. Louis, told Medicine Net: 3 Obesity is not getting better. It's getting worse, and it's really scary. It's not looking pretty…",0.9676214512547556,378002,"If you can’t find the ribcage, you have an overweight dog. Ask your veterinarian to evaluate your pooch’s size at every check-up. Once your canine reaches maturity, ask for his optimal weight. As a rule of thumb, 15% above that weight is obese; zero to 15% is overweight. If your dog falls into either category, he is not alone. According to a 2011 study, 53% of dogs are overweight or obese.",0.130265280552447,0.8373561707023086,1
1024904,what medications are prescribed for vasculitis,7226370,"Vasculitis cannot be cured, but treatment can help to reduce symptoms and minimize the develoment of serious complications, such as meningitis, blindness and aneurysm of the lungs. Treatment may include the use of medications, such as interferon alfa, to control the immune response and inflammation.",0.9999260224622446,1075637,"Urticarial Vasculitis DevineDesign 2013-02-18T18:47:31+00:00. Urticarial vasculitis is a form of vasculitis that affects the skin, causing wheals or hives and/or red patches due to swelling of the small blood vessels.",0.4855868662149954,0.5143391562472491,1
102627,cost of attending kennesaw state university,7875009,"The overall cost for on-campus, in-state students to attend Kennesaw State University in 2014-2015 was $24,630. To calculate future costs, we looked at the prior five years of data and determined that this cost increased an average of 5.6% each year.",0.9938914337673074,5507994,"The total list price for in-state Georgia residents to go to University of Georgia is $20,882 for the 2014/2015 academic year. Out-of-state students who don't possess Georgia residence can expect a one year cost of $39,092.he total list price for in-state Georgia residents to go to University of Georgia is $20,882 for the 2014/2015 academic year. Out-of-state students who don't possess Georgia residence can expect a one year cost of $39,092.",0.3185258518939198,0.6753655818733876,1
1029772,what is the zip code in arrowhead lakes,7218572,"An extended ZIP+4 code, introduced in the 1980s, includes the five digits of the Lake Arrowhead ZIP code, a hyphen, and four more digits that determine a more specific location within a given ZIP code in Lake Arrowhead, California. The Lake Arrowhead Zip Code is 92352. If you want to send a mail to Lake Arrowhead City, you should use the 92352 Zip Code. In 1983, the U.S. Postal Service introduced an expanded Lake Arrowhead ZIP code system that it called ZIP+4, often called plus-four codes, add-on codes, or add ons.",0.9995684303015588,1466346,"Cities in ZIP code 80021. The cities below are at least partially located in ZIP code 80021. In addition to the primary city for a ZIP code, USPS also publishes a list of other acceptable cities that can be used with ZIP code 80021.",0.6468902994775302,0.3526781308240285,1
1034587,cures that work for mites on dogs homemade,7210738,"Bathing a dog that has skin mites in soapy water is an effective home remedy. The alkaline nature of the soap kills skin mites and can prevent them from spreading. Yellow dock, aloe vera or calendula tea can also be used to treat skin mites. Using teas that have these herbs kills skin mites on dogs and helps heal rashes.",0.9922062915048118,6658774,"Dogs and Ear Infections. Ear infections are a common canine health problem, and they can be caused by allergies, yeast, ear mites, bacteria, hair growth deep in the ear canal, and more. Symptoms your dog may have with an ear infection include:1  Head shaking or head tilting. 2  Ear odor.ogs and Ear Infections. Ear infections are a common canine health problem, and they can be caused by allergies, yeast, ear mites, bacteria, hair growth deep in the ear canal, and more. Symptoms your dog may have with an ear infection include:",0.2115342807376979,0.7806720107671138,1
1037250,what is the lunar regolith quizlet,7206078,"Lunar Regolith Breccias and Fragmental Breccias. Regolith is the name for the layer of unconsolidated material at the surface of a planet - the loose stuff that overlies the solid rock. On Earth, soil is part of the regolith, so lunar regolith is consequently often called soil.. The lunar regolith.",0.995392690065308,104425,"Lunar Eclipses (the darkening of a full moon by the shadow of the Earth) occur every 6 months, and total lunar eclipses normally come in sets of three, followed by three partial eclipses. The lunar eclipse of June 26, 2010 is a partial eclipse visible mainly in Australia.",0.3853250645111162,0.6100676255541917,1
1041951,what is the cytokine,7198934,"Cytokine function / Function of cytokine Cytokines are a large group of proteins, peptides or glycoproteins that are secreted by specific cells of immune system. Cytokines are a category of signaling molecules that mediate and regulate immunity, inflammation and hematopoiesis. Cytokines are produced throughout the body by cells of diverse embryological origin. Cytokine is a general name; other names are defined based on their presumed function, cell of secretion, or target of action.",0.8312882923073691,1777778,"Cytokine and Allergy Allergic diseases have been closely related to Th2 immune responses, which are characterized by high levels of interleukin IL-4, IL-5, IL-9 and IL-13. These cytokines orchestrate the recruitment and activation of different effector cells, such as eosinophils and mast cells. just had a cytokine test done on my levels of cytokines, and 6 out of 8 were undetectable: IL 2,4,5,10,12,Tnf a. But IL 6 and Gamma interferon were in the normal ranges. I have long term severe CFS. Things I used to be able to take, now make me much more tired, bedridden, with a flu like mal...aise.",0.4662624336189059,0.3650258586884631,1
1042978,what is the clearinghouse,7197542,"Definition of clearinghouse. 1  1 : an establishment maintained by banks for settling mutual claims and accounts. 2  2 : a central agency for the collection, classification, and distribution especially of information; broadly : an informal channel for distributing information or assistance.",0.9997881287540544,4385933,"Credit bureau. A credit reporting agency that is a clearinghouse for information on the credit rating of individuals or firms. Is often called a “credit repository” or a “consumer reporting agency”. The three largest credit bureaus in the U.S. are Equifax, Experian and TransUnion. Credit bureau risk score.",0.3560731915744389,0.6437149371796154,1
1043064,what is the chemical formula for oxygen tetrafluoride?,7197436,"Quick Answer. N2F4 is the chemical formula for the chemical compound tetrafluorohydrazine or dinitrogen tetrafluoride. It is a colorless inorganic gas that is extremely hazardous. It is produced from nitrogen trifluoride, an inorganic gas that is toxic, colorless and nonflammable, using iron or iron(II) fluoride.",0.9898616473023168,2403731,"A: The chemical formula for silicon dioxide, also called silica, is SiO2. Silicon and oxygen are two of the most abundant elements in the Earth's crust, with ... Full Answer > Filed Under: Atoms & Molecules.",0.3871548168669038,0.6027068304354128,1
1043568,what is the bryozoans,7197007,The Bryozoans are an ancient phylum of small to microscopic but fascinating and often beautiful animals that build intricate colonies. Watching them alive under a microscope is a wonderful experience.,0.9836651238957008,8721020,"Feeding Starfish or sea stars are carnivores that eat clams, mussels, oysters, arthropods, sea urchins and even small fish. Some species also eat some sponges, bryozoans, coral polyps. Sea stars have two separate stomachs: the cardiac stomach and the pyloric stomach.",0.1945002369090808,0.7891648869866199,1
1047162,what is resi,7190154,"Resi, a village in the historical region of Khevi, Georgia; People. Resi is a German and Austrian first name, usually short for Therese. Andreas Franz (1897-1970), a German footballer; Resi Hammerer (1925-2010), an Austrian alpine skier; Resi Stiegler (born 1985), an American alpine skier; Other. Rèze, a white wine grape sometimes known as resi 1371 Resi, an asteroid",0.9859612160553874,3652302,"African American revolutionary party, founded in 1966 in Oakland, California, by Huey Newton and Bobby Seale. The party’s original purpose was to patrol African American neighbourhoods to protect resi...",0.3506815768703696,0.6352796391850177,1
1047642,what is ptztv,7189248,"Scenic Webcam Solutions. PTZtv is an Internet streaming video and marketing company based in Fort Lauderdale, FL. We offer specialized, highly customized technology solutions that bring a virtually there experience of scenic destinations to a worldwide audience. Using powerful, state-of-the art cameras paired with high performance distribution infrastructure we produce 24/7/365 live streaming HD-quality Internet video.",0.8428647630498745,7189250,"PTZtv is a scenic webcam solutions company based in Fort Lauderdale, FL. We create unique live streaming video websites to market your destination to a worldwide audience. Home",0.8992825275709038,-0.0564177645210293,0
1051223,what is menhir,7183716,Definition of menhir. : a single upright rough monolith usually of prehistoric origin.,0.8935449937472475,8174629,What is the most basic architectural technique for spanning space? a. Post - and - Lintel b. Corbel c. Cromlech d. Menhir Answer: a page 18,0.0273222886219099,0.8662227051253376,1
1057139,what is database software? quizlet,7173406,Database Software A collection of information organized in such a way that a computer program can quickly select desired pieces of data. You can think of a database as an electronic filing system. Spreadsheet Software Computer programs that let you create and manipulate financial spreadsheets and charts electronically.,0.9815866628152738,683695,"Typically, the formulation and rubber recipe data is managed using off-the-shelf software, database management programs like dBASE III+ and dBASE IV and financial spread sheet programs Lotus 123 and Microsoft Excel.",0.4969510691515153,0.4846355936637585,1
1057270,who were marilyn monroe's friends,7847045,"The first part, that she dated 'most of the Rat pack', is untrue. She briefly dated Frank Sinatra, and in the late 1940s allegedly went on a single date with Peter Lawford. As for Dean Martin, he and Marilyn were good friends....and Marilyn was good friends with his wife Jeanne, who he married in 1949.",0.9999560871637466,148902,"Playboy honors Marilyn Monroe with nude photo special spanning her career. Marilyn Monroe is back where she belongs - in the latest issue of Playboy magazine, which features a cover feature honoring its most famous Playmate 50 years after her death.",0.4080062157484367,0.5919498714153099,1
1060391,what is barbra streisand net worth,7168612,"Barbra Streisand Net Worth is $340 Million. Barbra Streisand Net Worth is $340 Million. Singer, songwriter, actress and filmmaker Barbra Streisand was born and raised in Brooklyn, New York and has an estimated net worth of $340 million. Her career began in her teens when she sang at nightclubs. Barbra Joan Streisand (/'str...",0.9921814371438314,1791246,"Daphne Blunt: Salary, and Net Worth The total net worth of Blunt is still growing and will reach to memorable heights when it will be counted in millions. Currently, there is no stable data about her net worth and salary.",0.4226068901339616,0.5695745470098699,1
1064529,what is adipocere,7163878,"adipocere ad·i·po·cere (ād'ə-pō-sēr') n. A brown, fatty, waxlike substance that forms on dead animal tissue in response to moisture. Also called lipocere.",0.9647742815031152,7163882,"This is exemplified by adipocere, and also by Irish bog butter, which consist chiefly of free fatty acids. How would you define adipocere? Add your definition here.",0.6275228699169195,0.3372514115861956,1
1064808,what is acantholysis,7163603,"Definition of Acantholysis. 1. Noun. (medicine) The loss of intercellular connections, resulting in loss of cohesion between keratinocytes, seen in diseases such as pemphigus vulgaris.",0.923995592258446,2248471,Pemphigus is a group of organ specific autoimmune diseases characterized by the production of autoantibodies to desmogleins (a). They are mucocutaneous blistering diseases that demonstrate a loss of cohesion of the epidermal cells (acantholysis) which result in the formation of clefts in the epidermis.,0.0964479258313498,0.827547666427096,1
1068290,what is a realpolitik,7160260,"realpolitik Realpolitik is a political system that's not based on beliefs, doctrines, ethics, or morals, but rather on realistic, practical ideas. Richard Nixon's diplomacy with China in the 1970's was an example of realpolitik. Realpolitik is put into practice when governments deal in straightforward, goal-oriented ways with other governments. Nixon's conversations with the communist Chinese government are such a good example of realpolitik because he felt diplomacy was important despite Americans' distrust of communism.",0.8003319341417976,4669770,"Best Answer: Realpolitik (literally meaning real politics) is the practice of politics independent of moral or ethical considerations, usually for the advancement of the national interests of a country. One of the most famous proponents was Niccolo Machiavelli, best known for his Il Principe (The Prince).",0.8330758778584471,-0.0327439437166494,0
1070452,what is a mimo receiver,7158303,"MIMO (multiple input, multiple output) is an antenna technology for wireless communications in which multiple antennas are used at both the source (transmitter) and the destination (receiver). The antennas at each end of the communications circuit are combined to minimize errors and optimize data speed.",0.9919577578297796,1249929,"How to connect: Plug one end of the cable into the Out to TV port on the back of your receiver. Plug the other end of the cable into the In From Antenna port on the back of your TV. Use your TV remote (not your DIRECTV remote) to tune in to Channel 3 or 4.his will help you determine what cable to use to connect your receiver directly to. your TV. If you don't know what receiver you have, click here. RECOMMENDED! Option 1: Using an RCA-Type Cable (Composite). This option supports standard definition video and stereo audio (not Dolby Digital).",0.2581859613298805,0.7337717964998991,1
1070546,what is a meta analysis vs literature review,7158204,"The official version: A literature review is a free but unsystematic discussion of the literature relating to a matter. By contrast a meta-review (supposedly) is a formal, neutral analysis of the data (contained in the literature) of that matter, and (supposedly) the best of all forms of evidence on a question. In reality:",0.9975011372458156,1189749,INTEGRATIVE METHODS. 1  A. Systematic Literature Reviews. 2  B. Working with Best Evidence. 3  C. Meta-Analysis. 4  D. Guidelines for Reporting Primary and Secondary Research. 5  E. Modeling. 6  F. Assessing the Quality of a Body of Evidence. 7  G. Consensus Development. 8  References for Chapter IV.,0.5283662815130891,0.4691348557327264,1
1071198,what is a lobster roll?,7157715,"A Lobster Roll is a bread roll filled with bite-sized chunks of lobster meat. Lobster Rolls are made on the Atlantic coast of North America, from the New England area of the United States on up into the Maritimes areas of Canada.",0.9999946117684624,8471802,": a small edible lobster (Nephrops norvegicus) of European seas having long slender claws —called also Dublin Bay prawn, Norway lobster.",0.8913352064697283,0.1086594052987341,1
1072479,what is a gui|,7156499,"The graphical user interface (GUI /ɡuːiː/), is a type of user interface that allows users to interact with electronic devices through graphical icons and visual indicators such as secondary notation, instead of text-based user interfaces, typed command labels or text navigation.",0.9933929579462192,272432,"The below are open source tools and mostly available on GNU/Linux, and can run on other platforms too: 1  GeoGebra - open source software for dynamic geometry, algebra and calculus for middle/high school and college. Exports interactive web pages.  Kig[1] A GUI based geometry editor.",0.3393843255640391,0.6540086323821801,1
1074995,what is a cyclin,7154432,Cyclin is a family of proteins that control the progression of cells through the cell cycle by activating cyclin-dependent kinase enzymes.,0.9629782046883648,7852208,"The cyclins are named “cyclins” because their appearance during the cell cycle is cyclical. 1  The first cyclin to be synthesized in response to growth-stimulatory signals is cyclin D. 2  In mid G1, cyclin E is made, followed by. 3  cyclin A at the G1- to S phase transition.  Cyclin B is made in G2 and M phases of the cell cycle.",0.7221821180876443,0.2407960866007206,1
1079340,what happens during a docket call in court,7150401,"Court proceeding at trial or hearing . Docket call . When the docket is called, the judge simply calls each case in the order in which they were set. The purpose of a docket call is to enable the judge to determine how many cases are ready to be heard. This information helps the judge plan the sequence of the hearings.",0.9990040984462804,5403893,"The call to the bar is a legal term of art in most common law jurisdictions where persons must be qualified to be allowed to argue in court on behalf of another party, and are then said to have been called to the bar or to have received a call to the bar.",0.8233706445572695,0.1756334538890108,1
1082701,what does the name yamil mean,7143620,"[ syll. ya-mil, yam-il] The baby boy name Yamil is pronounced Y AA MAHL †. Yamil's origin is Arabic. The meaning of Yamil is 'handsome'. Derivatives of Yamil include the names Yamile and Yamille. See also the related categories, handsome (honorable) and arabic. Yamil is not often used as a baby boy name. It is not in the top 1000 names. Baby names that sound like Yamil include the Yiddish Yankel and the name Young Il. † approx English pronunciation for Yamil: Y as in you (Y.UW) ; AA as in odd (AA.D) ; M as in me (M.IY) ; AH as in mud (M.AH.D) ; L as in lay (L.EY)",0.7567188247716403,7143617,"What Does Name Yamil Mean. You have a strong need for freedom - physical, mental and spiritual. You hate bondage in any form. You have love of beauty and philosophy, and you desire achievement. You are willing to take spiritual matters on faith instead of subjecting them to mental analysis.You are inventive, intuitive and extremely methodical.",0.8636007779244032,-0.1068819531527628,0
1083933,what does doctype mean,7132959,"doctype (Noun) A directive that associates an SGML or XML document (such as a webpage) with a Document Type Definition, potentially affecting how it is parsed and rendered. Origin: From document type.",0.9560596864692568,2449429,"The display property specifies the type of box used for an HTML element. The numbers in the table specify the first browser version that fully supports the property. Note: The values inline-table, table, table-caption, table-cell, table-column, table-column-group, table-row, and table-row-group are not supported in IE7 and earlier. IE8 requires a !DOCTYPE. IE9 supports the values. Note: The values flex and inline-flex requires a prefix to work in Safari.",0.1949849660336869,0.7610747204355697,1
1086266,what causes a burning sensation in my ankle,7111812,"Systemic diseases, such as diabetes or arthritis, can cause swelling, thus compressing the nerve. Symptoms. Patients with tarsal tunnel syndrome experience one or more of the following symptoms: Tingling, burning or a sensation similar to an electrical shock; Numbness; Pain, including shooting pain ; Symptoms are typically felt on the inside of the ankle and/or on the bottom of the foot. In some people, a symptom may be isolated and occur in just one spot. In others, it may extend to the heel, arch, toes and even the calf. Sometimes the symptoms of the syndrome appear suddenly.",0.755302801064155,1909032,"Causes of Chest burning sensation. This section discusses 12 medical conditions causing Chest burning sensation. A simple discussion of these causes with additional information is below. Causes of Chest burning sensation: The following medical conditions are some of the possible causes of Chest burning sensation. There are likely to be other possible causes, so ask your doctor about your symptoms.",0.2677299820946417,0.4875728189695133,1
1087317,what are signs of anxiety in your chest,7102878,"Heart Anxiety Symptoms (symptoms of anxiety associated with the heart): 1  Chest pain or discomfort. 2  Chest pains anxiety symptoms. 3  Concern about the heart. 4  Find it hard to breath, feeling smothered, shortness of breath. 5  Frequent yawning to try and catch your breath. 6  Heart attack or anxiety attack (panic attack)",0.961502697539973,570232,"Chest Pain, Stress and Anxiety. With any extreme emotion like fear, excitement or anger, breathing from the upper chest becomes rapid and shallow. A poor exchange of carbon dioxide in the lower lungs can further reduce oxygen reaching the heart and contribute to angina pain.",0.855447858666567,0.1060548388734059,1
1087484,what are mofongo,7101742,"Classic mofongo is redolent of garlic; a generous dollop is key. Mofongo may be served as a starchy side or the base of a protein-laden main course. Chicken, shrimp, and pernil, a.k.a. slow-cooked pork shoulder, are traditional toppers. Hearty and homey, mofongo combines the best flavors Puerto Rico has to offer.",0.643760466742275,6820602,"Fufu (left) and palm nut soup (right). Fufu. Fufu (variants of the name include foofoo, fufuo, foufou) is a staple food of many countries in Africa and the Caribbean. It is often made with a flour made from the cassava plant – or alternatively another flour, such as semolina or maize flour.Fufu, served alongside soup (usually Groundnut Soup), is a national dish of Ghana.ofongo, unlike Caribbean fufu and West African fufu, is fried then mashed with broth, garlic, olive oil, and stuffed with meat (traditional chicharron). Chicharrón Salsa (criollo related To American creole) sauce is poured on top of. Mofongo this sauce is typically made with, meat seafood or. vegetables",0.3707189338019816,0.2730415329402934,1
1087870,what age was martin luther king when he was admitted,7098048,"If it was not for Benjamin Mays... Benjamin Mays was the president of Morehouse College in Atlanta when he met Martin Luther King, Jr. In 1944, Martin Luther King was admitted to the college at age 15. Mays became so close to Martin Luther King, Jr., that later in life he referred to King “as a son” and would go on to deliver the eulogy at King’s funeral. Being the son of slaves gave Mays the drive to succeed and continue to strive in higher education.",0.998269689907328,4924338,"On Monday we observe what would be the 85th birthday of the Rev. Martin Luther King Jr., memorialized for his vision of equality, leadership in human rights, and his nonviolent passion to end racial segregation.",0.8324001975145862,0.1658694923927418,1
1087904,what age do moles appear,7097707,"Most people do not develop new regular moles after the age of 30. Adults often develop non-mole growths like freckles, lentigines, “liver spots”, and seborrheic keratosis in later adulthood. New moles appearing after age 30 may require close observation, medical evaluation, and possible biopsy. A brand new mole in an adult may be a sign of an evolving abnormal mole or early melanoma. It is important to have any new or changing mole evaluated by your dermatologist.",0.9445335893012236,4748373,"Birthmarks & Hemangiomas. Dark-Pigmented Birthmarks (Nevi or Moles) Nevi, or moles, are either congenital (present at birth) or acquired. Composed of so-called nevus cells, these spots are often dark brown or black. Congenital Nevi.",0.6712035139429533,0.2733300753582702,1
1091973,benson radiology,7870707,"Benson Radiology. Benson Radiology is a leader in diagnostic and interventional radiology, delivering doctors and their patients with high quality imaging and care since 1958. We invest in the latest technology and imaging techniques across our network of 22 clinics operating across Adelaide and in the south-east of South Australia.",0.9999982225424257,6531715,"Radiologic Technologist Salary in 2013. A. ccording to the U.S. Bureau of Labor Statistics (BLS), a majority of radiology technologists work in hospitals (about 61 percent as of 2010) and may work nights, weekends, or for emergencies.Level of education and geographic location will influence the salary ranges of most technologists.elow are detailed comparisons of each state’s average annual salary for radiology technologist. It is important to know that even if a state has a high salary, some geographic areas in that state may have lower salaries. For example, the state of New York may have a very high salary for its radiology technologist.",0.2918890147623301,0.7081092077800956,1
1092259,need number for paypal,4262105,"PayPal® Customer Service Phone Number: 1-888-221-1161 Paypal is the revolutionary internet payment system. Paypal started with Ebay users and has since been purchased and added to the EBAY family of companies. Paypal Corporate 2211 North First Street San Jose, CA 95131 Corporate Phone Number: 1-402-935-2258>",0.9664789745682568,6165130,"PayPal checks can take up to two weeks to arrive. PayPal allows users to withdraw money from their account in three ways: transfer to a bank account, load a PayPal debit card or receive a paper check. You'll need a verified account to choose the paper check option, which also requires a confirmed address.",0.6304745527025596,0.3360044218656972,1
1092930,meaning of the word gank,7792755,"Wiktionary(0.00 / 0 votes)Rate this definition: 1  gank(Verb) To swindle. 2  gank(Verb) To steal. 3  gank(Verb) To kill, ambush, or defeat with little effort; used in online games.",0.9964603768457716,4654454,"This helps you both in-game and out of game, as it gives you something more to think about out of game, and gives you more power in game. 5. Don't play ADC or Support. If you hate the toxicity of this game, you want a lane where you are alone.Top lane is alone, jungle is alone to an extent, but jungle controls the game, the more you gank, the more kills you give to laners, the happier they will be. Mid lane is alone too, and can roam and help other lanes.. Don't play ADC or Support. If you hate the toxicity of this game, you want a lane where you are alone. Top lane is alone, jungle is alone to an extent, but jungle controls the game, the more you gank, the more kills you give to laners, the happier they will be.",0.8012790389407624,0.1951813379050093,1
1093757,jo boaler what is number sense,7722912,"IMPROVING NUMBER SENSE USING NUMBER TALKS Jo Boaler et al. (2014), well known mathematician and Professor of Mathematics Education at Stanford University, recently wrote an article on the importance of number sense. In that article, she states: number sense is the foundation for all higher-level mathematics (Feikes & Schwingendorf, 2008).",0.9997634531488953,6867848,"The name was first given to 5 or more babies in the year 1881 when it was given to 5 new born babies. The highest recorded use of the name Jo was in 1954 with a total of 8,056 babies.",0.5319862572662303,0.4677771958826648,1
1096118,how much does grimace,7532930,"A: Grimace Label employs approximately 1 person at this location. Q: How much does Grimace Label in Paris, France make in annual revenue? A: The company generates an estimated $72,464 USD in annual sales. Q: When was Grimace Label in Paris, France founded? A: Grimace Label was founded in 2012 and has been operating for 6 years.",0.964718298739162,5092529,"Talk0 Share. 1  Grimace was in many McDonalds commercials thru the early 1970s to 2007. 2  Grimace was first introduced in the early days of the McDonaldland commercials as one of the villians. 3  Eventually, the character was changed.",0.5975277276536997,0.3671905710854624,1
1096360,how much did made star trek beyond gross,7510002,"Star Trek Beyond couldn't match the $70.2 million launch of 2013's Star Trek Into Darkness nor could it top the $75.2 million bow of 2009's Star Trek.. Moreover, with a price tag of $185 million, plus tens of millions in promotional spending, the film needs to perform well overseas if it's going to make a profit.",0.9980766233963918,5338129,"This weekend, the Grand Slam Convention: Star Trek and Sci-Fi Summit in Burbank will feature a who’s who of science fiction TV personalities, including the stars of “Grimm” and “Buffy the Vampire Slayer,” but the real draw will be a public reunion of the cast of “Star Trek: The Next Generation.”.",0.3845226072698745,0.6135540161265173,1
1096376,how much damage harvey,7508397,"Ordinarily, Watson said a hurricane like Harvey might cause less than $5 billion in economic damage. But the floods could cause that number to balloon, and additional factors could make Harvey a $30 billion storm.",0.9882375402230432,2694895,"U.S. government received reports of three spills at one of Houston's dirtiest Superfund toxic waste sites after Hurricane Harvey On September 18, 2:54 PM Houston firefighters told to stay home during Harvey, union says",0.5740516968472091,0.4141858433758341,1
1096543,how many warheads does a peacekeeper have,7492255,"LGM-118 Peacekeeper. The LGM-118 Peacekeeper, also known as the MX missile (for Missile-eXperimental), was a land-based ICBM deployed by the United States starting in 1986. The Peacekeeper was a MIRV missile that could carry up to 10 re-entry vehicles, each armed with a 300-kiloton W87 warhead in a Mk.21 reentry vehicle (RV).",0.9920002640756332,6140011,"Rating Newest Oldest. Best Answer: In terms of nuclear delivery capability then: - USA - Ohio Class 18 subs 24 tubes 8 MIRV warhead each tube = 192 cities (basically the whole USA or EU) for each sub. Total force max warheads = 3,400 + cities. - Russia - Typhoon Class 3 active subs 20 tubes 10 MIRV each = 200 cities (again bascially USA and/or EU). Total warheads = 600 cities.",0.5506920869018577,0.4413081771737756,1
1096739,how many pounds of fat can you lose in a week,7474064,"Well, it’s certainly possible to lose more than two pounds per week, but it’s critically important to understand that there’s a world of difference between rapid weight loss and permanent fat loss.",0.794990597412333,1630632,"Eat to lose weight. To lose weight, you must use more calories than you intake, which can easily be accomplished through diet and exercise. Safe weight loss includes losing 0.5 to 2.0 pounds each week, which includes a 500 - 1,000 decrease in overall calories each day.",0.4068645196365447,0.3881260777757883,1
1097023,how many inches are in a yard and what is,7447712,"Quick Answer. There are 36 inches in 1 yard, which is equal to 3 feet. A yard was once believed to be the length of the average stride. The inch represents 1/12 foot. The inch is an English word that derives from the Latin word uncia, which means one-twelfth. Continue Reading",0.9710158235630606,6331572,"It’s a mile. Also 1609.344 meters exactly (since the mile and foot are now defined in terms of the meter, and a foot is 0.3048 meters exactly). A yard is 0.9144 m exactly. The easiest number to memorize is centimeters to inches, which is 2.54 cm per inch, exactly.",0.5855126806488636,0.3855031429141969,1
1097999,how long is a chinese visa valid,7373194,"You can apply your chinese visa within 90 days from entry date. The best time to apply for your Chinese visa is 30-60 days before your departure. How long is the visa valid for? A single entry Chinese visa is valid for 10 years from issuance for US passport. How long is I can stay in China? The duration of stay is specified on the Chinese visa. Duration of stay for regular China tourist or business visa is 30 days from the date of your entrance. However, duration of stay for 60 or 90 days are also available upon request.",0.9936114320586122,6552194,"China travel Visa (L Visa) is issued to those who intend to go to China as a tourist. Normally, for the tourist proposal, Chinese government will give you 30 days stay.If you enter China with tourist L visa, we can help you extend it once in shanghai, maximum for 30 days.If your L visa is issued at the Chinese Embassy or Consulate, the visa should be in light green color, on the right top of the visa is the National Emblem of China (Click to see the sample).ou have China L Visa now, Want to get 1 month L visa extension. L1. You have China X or Z Visa now, stop working (or studying), Want to change it to 1 month with no entry nonrenewable Stay Permit (Humanity). You can check other China visa services at right side menu.",0.8915974981547298,0.1020139339038824,1
1099451,as scarce as hen's teeth meaning,7254297,"Scarce as hen's teeth definition: extremely rare | Meaning, pronunciation, translations and examples English Dictionary | Thesaurus | Translator | Grammar | Scrabble | Blog English",0.9999972892370376,4126787,"Description. Tartar, also called calculus, is a hard mineral substance that binds to the teeth. Tartar collects on tooth surfaces, including between teeth, as well as at or beneath the gum line.Although tartar can develop at all ages, it becomes more common as children age.hen not properly removed by brushing and flossing, plaque mixes with minerals naturally found in saliva and hardens to form a cement-like shell. As tartar builds on the tooth surface, it creates more surface area to which plaque may cling, aggravating the problem.",0.7179401995256152,0.2820570897114225,1
1100010,hemelse modder,7201930,Hemelse Modder Hemelse Modder Hemelse Modder is the name of a heavenly chocolate dessert but also of a restaurant with a beautiful terrace in the old centre of the city. The restaurant is simply decorated inside with wooden tables and chairs and a wooden floor. The cooking here has been highly regarded for decades.,0.9735094100293652,1271257,"How to become a modder on Xbox 360? I wanna become amodder on Xbox 360, I've met a few modders and seen what they can do and it seems pretty fun.ow to become a modder on Xbox 360? I wanna become amodder on Xbox 360, I've met a few modders and seen what they can do and it seems pretty fun.",0.4204259574691434,0.5530834525602216,1
1101721,amount of db loss allowed in single mode cable,7636772,"A total fiber loss calculation is made based on the distance x the loss factor. Distance in this case the total length of the fiber cable, not just the map distance. • Type of fiber – Most single mode fibers have a loss factor of between 0.25 (@ 1550nm) and 0.35 (@ 1310nm) dB/km. Multimode fibers have a loss factor of about 2.5 (@. 850nm) and 0.8 (@ 1300nm) dB/km.",0.9979512504776452,2394130,"Single-mode fiber has a much smaller core than multimode. The small core and single light-wave virtually eliminate any distortion that could result from overlapping light pulses, providing the least signal attenuation and the highest transmission speeds of any fiber cable type.",0.8738263328660936,0.1241249176115516,1
1101871,william jones npi number,7497322,"Profile of William Jones, D.O. (NPI # 1366464596) Detailed, comprehensive, open, and free profile of William Jones, D.O. (NPI # 1366464596), including affiliations, publications, patient care statistics, services and procedures provided, drug prescribing statistics, and open payments received.",0.9999704917287928,4670673,"The NPI number for Dr. Daniel Han, MD is 1831192301. Based on a NPI lookup from the NPI registry (NPPES), this provider holds a license number 242910 (Massachusetts). Based on Medicare data from 2014, the provider did accept the Medicare approved amount as payment in full.",0.3272685932594531,0.6727018984693396,1
133977,definition of dignity for kids,7993331,"Full Definition of DIGNITY. 1. : the quality or state of being worthy, honored, or esteemed. 2. a: high rank, office, or position b: a legal title of nobility or honor.3. archaic: dignitary. 4. : formal reserve or seriousness of manner, appearance, or language. See dignity defined for English-language learners.. : the quality or state of being worthy, honored, or esteemed. 2. a: high rank, office, or position b: a legal title of nobility or honor. 3. archaic: dignitary. 4. : formal reserve or seriousness of manner, appearance, or language. See dignity defined for English-language learners.",0.9652197342845638,6306512,Definition of ROYAL JELLY. : a highly nutritious secretion of the pharyngeal glands of the honeybee that is fed to the very young larvae in a colony and to all queen larvae. See royal jelly defined for kids.,0.3457888172900378,0.6194309169945259,1
134239,definition of electric field,7786934,Electric field is defined as the electric force per unit charge. The direction of the field is taken to be the direction of the force it would exert on a positive test charge. The electric field is radially outward from a positive charge and radially in toward a negative point charge.,0.9871692702630456,6743982,"In any electric motor, operation is based on simple electromagnetism. A current-carrying conductor generates a magnetic field; when this is then placed in an external magnetic field, it will experience a force proportional to the current in the conductor, and to the strength of the external magnetic field.",0.1711155650030039,0.8160537052600416,1
153794,"distance in miles pittsburgh, pa to new york",7348274,"Distance from Pittsburgh, PA to New York, NY. The total distance from Pittsburgh, PA to New York, NY is 316 miles. This is equivalent to 508 kilometers or 274 nautical miles. Your trip begins in Pittsburgh, Pennsylvania. It ends in New York, New York. Your flight direction from Pittsburgh, PA to New York, NY is East (85 degrees from North).",0.9963343922985818,3401219,"Distance from Philadelphia, PA to Nashville, TN. The total distance from Philadelphia, PA to Nashville, TN is 685 miles. This is equivalent to 1 102 kilometers or 595 nautical miles. Your trip begins in Philadelphia, Pennsylvania. It ends in Nashville, Tennessee. Your flight direction from Philadelphia, PA to Nashville, TN is West (-109 degrees from North). The distance calculator helps you figure out how far it is to fly from Philadelphia, PA to Nashville, TN. It does this by computing the straight line flying distance (as the crow flies).",0.8733493771557851,0.1229850151427967,1
170982,does risperidone cause weight gain,7668448,"Besides weight gain, risperidone use may cause nausea, headaches, a runny nose, unexpected sleepiness, fatigue, blurry vision, vomiting, cough, drooling, abdominal pain, rashes, anxiety, constipation, difficulty urinating, a dry mouth and a sharp decrease in your sex drive as well as an inability to achieve orgasm.isperidone and Weight. Risperidone does not induce weight loss; by contrast, risperidone use is associated with an increase in appetite, a rise in blood cholesterol levels and potentially significant weight gain in up to 5 percent of its users.",0.9999129529387256,6762027,"Women's health. Most people put on weight because they eat and drink more calories than they burn through everyday movement and body functions. But in some cases, your weight gain may be due to an underlying health condition. Here are nine medical issues that can cause weight gain.",0.5135535020175137,0.4863594509212118,1
185879,fec independent expenditure definition,4846315,"The Code of Federal Regulations defined independent expenditure as an expenditure for a communication expressly advocating the election or defeat of a clearly identified candidate that is not made in cooperation, consultation, or concert with, or at the request or suggestion of, a candidate, a candidate’s authorized committee, or their agents, or a ...",0.9965973333695368,4968787,"1 points. Save. If a capital expenditure is treated as a revenue expenditure, then. expenses are overstated and owners' equity is understated. expenses are overstated and assets are overstated. expenses are understated and owners' equity is overstated. net income is overstated and owners' equity is understated.",0.28073157217461,0.7158657611949266,1
187186,fingers carpal tunnel symptoms,7390692,"Symptoms of carpal tunnel syndrome may include: Numbness, tingling, burning, and pain—primarily in the thumb and index, middle, and ring fingers; Occasional shock-like sensations that radiate to the thumb and index, middle, and ring fingers; Pain or tingling that may travel up the forearm toward the shoulder",0.9678308411341128,2643304,"Finger, hand, or wrist problems may be caused by an injury. If you think an injury caused your problem, see the topic Finger, Hand, and Wrist Injuries. But there are many other causes of finger, hand, or wrist problems. Carpal tunnel syndrome is caused by pressure on a nerve (median nerve) in the wrist. The symptoms include tingling, numbness, weakness, or pain of the fingers and hand.",0.7540581886198049,0.213772652514308,1
196250,government of canada logo,8001619,"Established in 1980, the Canada wordmark is essentially a logo for the government of Canada: it consists of the word Canada written in a serif font, a modified version of Baskerville, with a Canadian flag over the final 'a'.",0.9997973299014336,1544290,"It is not known why Fabio Taglioni abandoned his use of the logo, but it is assumed that it was due to a gentlemen agreement to allow Ferrari sole use of the brand logo. The prancing horse is now the trademark logo for Ferrari automobiles.",0.1988675167182331,0.8009298131832006,1
200062,health services administration salary,7881863,"How much does a Health Services Administrator make in Seattle?The average Health Services Administrator salary is $80,000. In Seattle, a Health Services Administrator can make $61,626, which is 23% lower than the national median. Filter by location to see Health Services Administrator salaries in your area.",0.9801938451134524,707429,"Occupational Health & Safety Salary. Occupational Health & Safety average salary is $38,701, median salary is $36,500 with a salary range from $31,200 to $48,402.Occupational Health & Safety salaries are collected from government agencies and companies.ach salary is associated with a real job position. Occupational Health & Safety salary statistics is not exclusive and is for reference only. They are presented as is and updated regularly.",0.1904240336436762,0.7897698114697762,1
23285,are land grading costs deductible,7373976,"Reform Act of 1986), the Congress provided an election similar to the § 175. election to taxpayers in the business of farming who incurred costs in the “clearing. of land.” If costs were incurred to clear land to make that land “suitable for use in. farming,” a taxpayer could elect to currently deduct those costs.",0.98522062350157,1774978,"The scheme stretches along the valley, incorporating drainage, sewerage systems and land re-grading. Boscastle car park has been raised in height, which will stop the river from bursting its banks so easily. New drains allow water to run into the lower section of the river quickly.",0.55264634035446,0.4325742831471101,1
244011,how long do I bake skinless seared chicken breast at 350,1308535,"Bake for a short time at a high temperature. Baking for 30 minutes at 350 degrees will yield dry meat. But baking for just 20 minutes at 450 degrees will result in delightfully juicy baked chicken breast, every time.",0.8883404267280268,6292537,"How long should a chicken be baked in the oven? The amount of time needed to bake a whole chicken depends on the temperature of the oven and the size of the chicken. For example, at 375 degrees Fahrenheit, a 3-pound chicken takes 1 to 1 1/4 hours to cook.",0.1851945857222151,0.7031458410058118,1
275355,how many best western points for free night,7451398,"Free nights range from 8,000 to 36,000 points, depending on the month, property and location. Best Western Rewards members must have the necessary number of points to complete a free night based on the hotel’s individual point tier level.",0.9999084768722132,4199929,Free parking. Pet-friendly hotel - $10 per night fee for each pet - $100 maximum per stay fee for each pet.,0.4052133467600356,0.5946951301121777,1
276208,how many calories burn during swimming,3551563,"Based on the the list of 16 swimming activities, shown below, the average calories burned for an average male, weighing 190 pounds (86 kg) is 328 Calories for 30 minutes of swimming. The average burnt for an average female, weighing 163 pounds (74 kg) is 282 Calories for 30 minutes of swimming.",0.9333322374768056,6429186,"Also, the more you weigh, the more calories you’ll burn doing the same activity. For example, a 155-pound person will burn 422 calories in an hour of aerobics, while a 130-pound person will burn 354 calories.",0.3156420270625134,0.6176902104142922,1
276338,how many calories do you burn by dancing?,7316160,"You can burn 105-620 calories dancing for 30 minutes. It depends on how much you weigh, how hard you work, the type of dance, and the number of breaks you take. Below is a general estimate of how many calories you can burn during 30 minutes of various types of dance.",0.9971262087152094,7341352,"Calories Burned - Marching (band) 0SHARES. Find out how many calories you burn for Marching (band). The number of calories you burn while exercising is dependent on the exercise you do, your weight, and the time spent doing the exercise. Use the calories burned calculator below to see how many calories you burned during your workout. Calculate. › Calories Burned: 46.",0.8820546268043055,0.1150715819109039,1
277556,how many calories in mahi mahi,3655235,"A 3-ounce serving of mahi mahi has 93 calories, almost all of which come from the 20.2 grams of protein it contains. Mahi mahi isn't a significant source of carbohydrates, and it contains only 0.8 grams of fat per serving. If you use oil to grill your mahi mahi, this will increase the fat and calorie content. For example, a teaspoon of olive oil contains 40 calories and 4.5 grams of fat.",0.9902517844442608,1078076,"Using the above example, 800 calories of carbohydrates divided by 4 calories per gram equals 200 grams carbohydrates for the day. Similarly, 320 calories of protein (divided by 4) is 80 grams protein, and 480 calories of fat (divided by 9 calories per gram) is 53 grams fat daily.o break this down into calories, 50 percent of 1600 is 800 calories carbohydrates, 20 percent is 320 calories, and 30 percent is about 480 calories.",0.4079007589263295,0.5823510255179314,1
278542,how many carbs in a quest bar,7602289,There are 190 calories in 1 bar (2.1 oz) of Quest Cookies & Cream Protein Bar. You'd need to walk 50 minutes to burn 190 calories. Visit CalorieKing to see calorie count and nutrient data for all portion sizes. apps Tools & More help Support,0.9983606619046276,4764850,"Quest Diagnostics Locations, Interactive Maps, Phone, Website and More. Quest Diagnostics is a Madison, New Jersey based company that provides clinical laboratory services - namely, lab tests. There are Quest Diagnostics labs in all 50 US states, as well as Brazil, the UK, Mexico, India, and Puerto Rico. Quest Diagnostics is an S&P 500 and Fortune 500 company; it's listed on the New York Stock Exchange as DGX. There are over 2,000 Quest Diagnostics labs, employing over 43,000 technicians altogether.",0.3090236973099698,0.6893369645946577,1
29612,auger defined,7725919,"auger. 1  to dig in order to get the shape of a trough. 2  to bend a piece of flat iron into the shape of a gutter, of an eavestrough.",0.9725777777992936,466404,"Cash balance plans are defined benefit plans that in many ways resemble defined contribution plans. Like defined benefit plans, they are obligated to pay you a specified amount at retirement, and are insured by the federal government.",0.3139579185194876,0.6586198592798059,1
307521,how much do target cashiers make,7320544,"How much do Target employees make an hour? A: As of December, 2014, different hourly rates for Target employees include cashiers at $8.65, team leaders at $15.35 and sales floor team members at $8.88. These numbers are only averages, as the actual pay-per-hour is dependent on a number of different variables, including location and experience. Continue Reading.",0.9746182915120164,1625478,"For a probationary period of sixty days, the minimum wage for a 48 hour week was set at $18.00 for waitresses and $20.00 for cashiers. On completion of the probationary period, the rate was increased to $21.00 for waitresses and $23.00 for cashiers.n 1 October 1982, a new Minimum Wage Order came into effect and the rates are as follows: $3.75 per hour for all persons eighteen years of age and over; and $3.00 per hour for all persons under eighteen years of age.",0.469742748307089,0.5048755432049274,1
319564,how much fiber is in carrots,7073381,"5. Cooked Carrots. Adding cooked carrots to your meals is a great way to increase fiber in your diet. One cup of cooked carrots will yield approximately 5.22 grams of fiber, and a touch of brown sugar makes them delicious. 6. Broccoli. Broccoli is another vegetable that will give you a good amount of fiber.",0.9428031699798124,424015,"This may be why soluble fiber helps to lower cholesterol levels (and decreases the risk of heart disease). Soluble fiber is also found in oats and oat bran, barley, brown rice, beans, apples, carrots, and most other fruits and vegetables.",0.4214788703125622,0.52132429966725,1
339981,how soon to plant after using roundup,7691162,"He told her to apply the. product to the unwanted plants according to the label directions, and she should start to see. results within a couple of days. The next day Julia sprayed the weeds with Roundup. After a few days Julia was thrilled to see. the weeds begin to wither and lose their green color. However, she began to wonder what this. meant for desirable plants nearby, and the vegetables she would soon plant in the soil.",0.9666304606013306,8356620,"When to Plant Bulbs. Is it too late to plant bulbs? Here is how you know: When is it too late to plant bulbs? The main thing you need know about when to plant bulbs is that you can plant bulbs until the ground if frozen. Frost does not make a difference in when to plant spring bulbs. Frost mostly affects plants above the ground, not those below the ground. That being said, your bulbs will perform better in the spring if they have a few weeks to establish themselves in the ground.",0.1901699385258721,0.7764605220754586,1
392393,ignis price in india,1824038,"However, this Maruti Suzuki Mini SUV has also come to India! The Maruti Ignis price range is INR 4.59-7.80 Lakh. Read on to find more on Maruti Ignis Price in India, mileage and specifications of the new Maruti Mini SUV 2016-17. Also See- Maruti Ignis Test Drive Review.",0.981611720174581,5139932,Onroad and ex showroom price of Yamaha Fascino. Given below is the price list of Fascino in major cities of India. The price given is for the base model of Yamaha Fascino.,0.3079654077495382,0.6736463124250428,1
400692,is a presynaptic neuron is stimulated,7430503,"Transmission of action potentials across electric and chemical synapses. In both cases, the presynaptic neuron was stimulated and the membrane potential was measured in both the presynaptic and postsynaptic cells (see Figure 21-7a).",0.989372713130046,5405057,"Presynaptic neurons are the neurons that conduct the AP to release a neurotransmitter and they affect the postsynaptic neurons. What ALWAYS causes a neuron to release any neurotransmitter (whether it is excitatory or inhibitory) is an action potential.ction of Inhibitory Neurotransmitters. If an action potential goes down the synaptic knob of another neuron and releases an inhibitory neurotransmitter, it’s going to be activating specifically different receptor sites on the cell membrane of the postsynaptic cell.",0.8706135876105477,0.1187591255194981,1
404202,is betadine and iodine the same,7584372,"The difference between Betadine and Iodine, basically, stems from their chemical nature. Iodine is a rare element that usually exists as a diatomic molecule. Betadine is a complex chemical compound containing iodine in a complex form.",0.9999850109060836,6907196,"Iodine is not usually considered to be an allergen, but some people are hypersensitive to it, and they may be considered to have an iodine allergy. Iodine is a common element found in the human body. Reactions to iodine are extremely rare, but can be fatal when they do happen. Medical uses of iodine are on the rise, especially in radiocontrast agents used to improve X-rays. Reactions have been more common in recent years.",0.4284373537732637,0.5715476571328197,1
407131,is copper one of the metals needed by human body,7408112,"Copper is one of the elements that is essential to life in tiny amounts (often referred to as trace elements), although larger amounts can be toxic. About 0.0004 percent of the weight of the human body is copper. It can be found in such foods as liver, shellfish, nuts, raisins, and dried beans.",0.9564646155325768,5697632,"Thermal conductor. Copper is a good conductor of heat. This means that if you heat one end of a piece of copper, the other end will quickly reach the same temperature. Most metals are pretty good conductors; however, apart from silver, copper is the best.",0.4135767101525321,0.5428879053800447,1
408427,is distance mm,7570419,A millimeter is a unit of Length or Distance in the Metric System. The symbol for millimeter is mm. There are 10 millimeters in a centimeter. The International spelling for this unit is millimetre. A centimeter is a unit of Length or Distance in the Metric System.,0.9824610726625972,5995438,"Caliper with graduated bow 0–10 mm. A caliper (British spelling also calliper, or in plurale tantum sense a pair of calipers) is a device used to measure the distance between two opposite sides of an object. A caliper can be as simple as a compass with inward or outward-facing points.",0.7713055979691499,0.2111554746934472,1
420673,is peppermint good for diarrhea,3222326,"Peppermint (Mentha piperita), a popular flavoring for gum, toothpaste, and tea, is also used to soothe an upset stomach or to aid digestion. It has a calming and numbing effect, and is often used to treat headaches, skin irritation, nausea, diarrhea, menstrual cramps, flatulence, and anxiety associated with depression.",0.972137498748638,1704945,Peppermint oil is derived from the peppermint plant -- a cross between water mint and spearmint -- that thrives in Europe and North America. Peppermint oil is commonly used as flavoring in foods and beverages and as a fragrance in soaps and cosmetics. Peppermint oil also is used for a variety of health conditions and can be taken orally in dietary supplements or topically as a skin cream or ointment. Some evidence suggests that peppermint oil may help relieve symptoms of irritable bowel syndrome and indigestion.,0.7428990192851397,0.2292384794634983,1
422955,is sadie a nickname,7576731,"The meaning of the name Sadie is Princess. The origin of the name Sadie is English. This is the culture in which the name originated, or in the case of a word, the language. The name Sadie was originally a nickname for the name Sarah. Sadie Hawkins is a musician and singer as is Sadie Ama. Sarah Louise Delany (known as Sadie) was a civil rights activist and Sadie Tanner Mossell Alexander was the first woman of African American descent to get her PhD.",0.9849198739474582,7703181,"Best Answer: It was common in the Middle Ages to exchange Ps for Ms in nicknames. Thus Mary or Molly was transformed into Polly. The same exchange can be seen with Peggy or Peg, a common nickname for Margaret (via Meg.) So could be a nickname for Mary or for Pollyanna or simply just a name by itself.",0.3792480484182291,0.605671825529229,1
423608,is shawshank redemption on netflix,7443091,"The Shawshank Redemption (1994) on Netflix. Two imprisoned men bond over a number of years, finding solace and eventual redemption through acts of common decency.",0.9999763180327,500775,"Download the free Netflix app and instantly watch TV shows & movies streaming from Netflix-It's part of your Netflix streaming unlimited membership. Not a Netflix member?Start your FREE trial today. - Watch what you want, when you want.ownload the free Netflix app and instantly watch TV shows & movies streaming from Netflix-It's part of your Netflix streaming unlimited membership. Not a Netflix member?",0.2803240424469151,0.7196522755857849,1
440802,list of foods that cause diarrhea,7576706,"Those sulfur-including foods can lead to diarrhea at some cases. The foods like onions, garlic, broccoli, cabbage, and cauliflower have amounts of insoluble fiber which is a main cause of diarrhea and gas within the gastrointestinal system.",0.8931671815950892,4854755,"Doctors don't understand what causes diarrhea to occur in IBS patients, but some people notice that diarrhea strikes when they feel stressed or anxious. Others notice a pattern of diarrhea following certain foods.",0.1653230068779836,0.7278441747171056,1
45924,average temperatures las vegas by month,5167800,1 Average High Temperature in November in Las Vegas: 67 F (19.4 C). 2  Average Low Temperature in November in Las Vegas: 42 F (5.5 C). 3  Average Rainfall in November in Las Vegas: .43”. 4  Average Humidity in November in Las Vegas: 31%.,0.8154198431860801,2622356,"Our cost of living indices are based on a US average of 100. An amount below 100 means Las Vegas, Nevada is cheaper than the US average. A cost of living index above 100 means Las Vegas, Nevada is more expensive.",0.1912549505156301,0.62416489267045,1
489257,rigorous testing definition,7694872,rigorous adjective (CAREFUL) › approving careful to look at or consider every part of something to make certain it is correct or safe: rigorous testing/checking/methods.,0.9998972546817724,5806505,"DEFINITION of 'Market Research'. The process of assessing the viability of a new product or service through techniques such as surveys, product testing and focus groups. Market research allows a company to discover who their target market is and what these consumers think about a product or service before it becomes available to the public.",0.386069212662171,0.6138280420196014,1
505152,suicide squad squad cast,7572869,"Cast of Suicide Squad at the 2016 San Diego Comic-Con International. From left to right: Will Smith, Margot Robbie, Jared Leto, Viola Davis, Joel Kinnaman, Scott Eastwood, Adewale Akinnuoye-Agbaje, Jai Courtney, Jay Hernandez, Cara Delevingne, and Adam Beach",0.9917585669334896,4733222,"Trivia. 1  Her name is a pun on the word polygraph, which is a lie detector. 2  One of her hobbies is learning to speak pigeon, though she's not very good at it. 3  During the Odd Squad Movie, it is shown that Polly houses the entrance to a secret underground passage to the Odd Squad Headquarters that was dug by Ms.  O.",0.128862788429357,0.8628957785041326,1
508316,symptoms of ocd,7559425,What Are the Signs of OCD? The symptoms of OCD include both obsessive and compulsive behaviors. Signs of obsession include: Repeated unwanted ideas; Fear of contamination; Aggressive impulses; Persistent sexual thoughts; Images of hurting someone you love; Thoughts that you might cause others harm; Thoughts that you might be harmed; Signs of compulsion include:,0.9736916782662102,2046910,"But if they're bipolar, in midrange and part of the 15% to 20% with OCD, then their obsessions or compulsions won't likely be absent. In other words, when bipolar symptoms are in remission and/or being well controlled through appropriate treatment, symptoms of OCD will likely still persist.",0.282019855752934,0.6916718225132761,1
521851,"title character in mt, robot",7697353,ROOT OF THE TITLE: Mirroring. eps1.8_m1rr0r1ng.qt EPISODE SUMMARY: Elliot realizes that he is Mr. Robot and Christian Slater's character is just a projection of his father. Angela gets an offer to join E-Corp and give up her principles.,0.9358039677602128,4154854,"The primary character in Limbo is a nameless boy, who awakens in the middle of a forest on the  edge of hell  (the game's title is taken from the Latin limbus, meaning edge).While seeking his missing elder sister, he encounters only a few human characters who either attack him, run away, or are dead.he primary character in Limbo is a nameless boy, who awakens in the middle of a forest on the  edge of hell  (the game's title is taken from the Latin limbus, meaning edge).",0.312176166263454,0.6236278014967588,1
525868,two rivers supervisory union,7633123,"Message this Page, learn about upcoming events and more. Two Rivers Supervisory Union located in Ludlow, VT serves the towns of Andover, Baltimore, Cavendish, Chester, Ludlow, Mount Holly and Plymouth,VT. 128 people like this and 132 people follow this.",0.9999996893542218,4241268,"It was the two rivers that became the basis upon which the wealth of the region. The valley between the Tigris and the Euphrates River was known as the land between the rivers in Greek. Ancient Mesopotamia consists of current day Assyria, Akkad, and Sumer.",0.509109348755258,0.4908903405989637,1
548099,wellcare mike vice president,7538554,"Mike joined WellCare in May 2005. Before assuming his current position, he served as vice president of corporate initiatives and strategy. He also held positions as senior director of health plan finance, director of health plan operations and director of health business planning and analytics.",0.9999729215827408,1761359,"Mike Trout Quits Focus on the Family. James Dobson's co-host of 15 years cites personal reasons for abrupt departure. Mike Trout, for 15 years co-host of Focus on the Family with Dr. James Dobson, abruptly resigned from his position as senior vice president of broadcasting for the popular ministry organization.",0.4821312564753259,0.5178416651074149,1
556952,what are comps?,7614653,"“Comps,” or comparable sales, is a term anyone on either side of a real estate transaction should know well. It refers to homes located in the same area and very similar in size, condition and features as the home you are trying to buy or sell. Buyers look at comps when deciding what price to offer on a home, and sellers use them to figure out how to best price their home for the market. Real estate agents look at comps all day long as a way to keep on top of their local market.",0.9365115674326058,5405206,"With resistors many think carbon comps are required for true mojo, especially as plate loads. Others discount the mojo factor completely and go with metal film as the most stable and quiet in operation. While others split the difference and use carbon film for some of the mojo with better stability and quieter operation.",0.2630794586016607,0.673432108830945,1
559009,what are foragers,2587289,"(Redirected from Foragers) A hunter-gatherer is a human living in a society in which most or all food is obtained by foraging (collecting wild plants and pursuing wild animals), in contrast to agricultural societies, which rely mainly on domesticated species.",0.9972669980543096,2037227,"Cool Facts. 1  Those raggedy figures out in cornfields may be called scare-crows, but grackles are the #1 threat to corn. They eat ripening corn as well as corn sprouts, and their habit of foraging in big flocks means they have a multimillion dollar impact. 2  Common Grackles are resourceful foragers.",0.3240460246299674,0.6732209734243424,1
559709,what are guitar plectrums,7647465,here is a mixture of popular picks and obscure but interesting ones that will help you decide on which plectrum to pick plectrum is a generic label for flat tools that are used to strum or pluck stringed instruments note that the correct plural for plectrum is plectra but many still refer to them as plectrums to reduce the confusion guitarists refer to guitar plectrums as guitar picks the plectra we featured comes in various sizes and shapes so it will do you well to check available sizes and shapes that fit your needs,0.9966481613077336,1196170,"Watch more How to Play Guitar videos: http://www.howcast.com/videos/434538-... An electric guitar differs from an acoustic guitar because it has something called pickups. In this video, you'll learn about the sounds you can make using the pickup selector.You'll also learn about the tone knob.Okay, so this is an electric guitar, a little different than an acoustic guitar.atch more How to Play Guitar videos: http://www.howcast.com/videos/434538-... An electric guitar differs from an acoustic guitar because it has something called pickups. In this video, you'll learn about the sounds you can make using the pickup selector.",0.5113130061602852,0.4853351551474483,1
563359,what are platitudes,4794763,"A platitude is a trite, meaningless, or prosaic statement, generally directed at quelling social, emotional, or cognitive unease. The word derives from plat, French word for flat.. Platitudes are geared towards presenting a shallow, unifying wisdom over a difficult topic.",0.9505742408467048,4408041,"L.A. needs fewer platitudes and more action on port air pollution The Times Editorial Board When Port of Los Angeles leaders approved the environmental impact report for the China Shipping company's terminal in 2008, the Harbor Commission chairman at the time boasted that the project would be among the cleanest and greenest terminals in the...",0.0529590568374687,0.8976151840092361,1
565231,what are some causes of vertigo,7642015,"Vertigo is a sensation of spinning - a specific kind of dizziness.1,2. The dizziness that defines vertigo has one of two causes - disturbance in either the balance organs of the inner ear, or parts of the brain or sensory nerve pathways. Peripheral vertigo collectively refers to vertigo caused by inner ear problems.",0.521497763622058,1432845,"Benign paroxysmal positional vertigo (BPPV). This is one of the most common causes of vertigo. It can occur during specific head movements, while standing up or bending over, crossing the road, or turning in bed. BPPV involves short, intense, recurrent attacks of vertigo (usually lasting a few seconds to a few minutes).he most common causes include: 1  benign paroxysmal positional vertigo (BPPV). 2  head injury. 3  labyrinthitis. 4  vestibular neuronitis. 5  Meniere'ménière s. 6  disease taking certain types of.  medication",0.7623201649023068,-0.2408224012802488,0
569674,what are the factors in a marketing mix?,7424207,"The marketing mix is a business tool used in marketing and by marketers. The marketing mix is often crucial when determining a product or brand's offer, and is often associated with the four P's: price, product, promotion, and place.In service marketing, however, the four Ps are expanded to the seven P's or Seven P's to address the different nature of services.he term  marketing-mix was first coined by Neil Borden, the president of the American Marketing Association in 1953.",0.9480672742463064,6181881,"To figure this out, you need to consider the context in which your audience will view the content and then use that to alter the content accordingly. In short, you need a content marketing channel plan that considers these seven factors:1  Situational analysis.. This is where you map objectives of the marketing channels to the engagement cycle (remember these are tightly woven with your ultimate goals). And it’s perfectly okay if a channel only “contributes” to another channel.",0.7086023392633701,0.2394649349829363,1
583766,what cause elevated liver enzymes,7547624,"Causes. Many diseases and conditions can contribute to elevated liver enzymes. Your doctor determines the specific cause of your elevated liver enzymes by reviewing your medications, your signs and symptoms and, in some cases, other tests and procedures. More common causes of elevated liver enzymes include: 1  Certain prescription medications, including statin drugs used to control cholesterol. 2  Drinking alcohol. 3  Heart failure. 4  Hepatitis A. 5  Hepatitis B. 6  Hepatitis C.",0.9169296281587108,1775988,"The most common causes of elevated liver enzymes are: • Fatty liver which is due to poor diet = consumption of excess dietary carbohydrates, lack of raw vegetables and fruits and lack of first class protein. • Liver inflammation due to excess alcohol. • Liver inflammation due to recreational drug use.",0.9094700187484211,0.0074596094102895,1
585806,"what causes bloating ,high blood pressure, and constipation",7465605,"A commonly prescribed diuretic (a medicine for water retention or high blood pressure) lists ‘gastrointestinal disturbances’ as one of its side effects. Some drugs for diabetes also state that indigestion, sickness, bloating, diarrhoea or constipation can be caused.",0.9283965050346932,394351,"High blood pressure is a common condition in which the long-term force of the blood against your artery walls is high enough that it may eventually cause health problems, such as heart disease. Blood pressure is determined both by the amount of blood your heart pumps and the amount of resistance to blood flow in your arteries. The more blood your heart pumps and the narrower your arteries, the higher your blood pressure. You can have high blood pressure (hypertension) for years without any symptoms. Even without symptoms, damage to blood vessels and your heart continues and can be detected. Uncontrolled high blood pressure increases your risk of serious health problems, including heart attack and stroke.",0.7487506187283042,0.179645886306389,1
595577,what cities allow pit bulls,7503601,"As of September 2014, no states have enacted breed-specific laws, or BSLs, banning pit bulls. However, there are over 700 U.S. cities in 40 states that have enacted these bans. Additionally, appellate courts in 12 states have upheld the constitutionality of breed-specific pit bull laws, including Arkansas, Colorado, Florida, Iowa, Kansas, Kentucky, New Mexico, Ohio, Utah, Washington, West Virginia, Wisconsin and Washington, D.C. Continue Reading.",0.9978166710589922,2456303,"That's a Lot of Bull. Matadors, matadoras and their assistants fight four-year-old specially bred bulls weighing approximately 1,300 pounds (590 kilograms). The bulls in Spanish bullfighting are bred on ranches, where they are tested for bravery and ferocity.The ones that pass the tests -- performed by men on horseback, not by matadors with capes -- fight in the arena.atadors, matadoras and their assistants fight four-year-old specially bred bulls weighing approximately 1,300 pounds (590 kilograms). The bulls in Spanish bullfighting are bred on ranches, where they are tested for bravery and ferocity.",0.2861142414953754,0.7117024295636167,1
605648,what county is emigrant mt in,7714395,"Emigrant, MT. Sponsored Topics. Emigrant is an unincorporated community in Park County, Montana, United States. As of the 2000 census, the ZIP Code Tabulation Area for Emigrant had a population of 372. Emigrant is located in southern Montana, on the Yellowstone River, about 30 miles (48 km) north of Yellowstone National Park, and 20 miles (32 km) south of Livingston.",0.9996158061655228,8223136,"John Osgood, one of our three emigrant ancestors lived in this home (known as Cottonworth Farm) in Wherwell, England, prior to his journey to this country in 1638. It was a large farm of 360 acres and was also the home of his father Robert Osgood.",0.3534423073235183,0.6461734988420045,1
610056,what county is naples fl,7428853,"Collier County's main administration building, left, and the back end of the county courthouse, right. Collier County is a county located in the U.S. state of Florida. As of the 2010 census, the population was 321,520. Its county seat is East Naples, where the county offices were moved from Everglades in 1962. Collier County comprises the Naples-Immokalee-Marco Island, FL Metropolitan Statistical Area, which is included in the Cape Coral-Fort Myers-Naples, FL Combined Statistical Area.",0.9394175683113412,3300809,"Cities: Fort Walton Beach, FL (29.65%), Wright, FL (1.97%), Cinco Bayou, FL (0.81%), Mary Esther, FL (0.05%) County: Okaloosa County, FL.",0.3312736507840833,0.6081439175272578,1
633375,what does bogue mean?,7640682,"Bogue Name Meaning. You can go to great heights and equally great depths. You are emotional and fixed in your opinions. You are hospitable, sentimental, often psychic, sometimes moody. You are ruled by love and the lack of it and feel a need to be encouraged and appreciated.",0.9833296756107344,7585558,Bogue Banks. From my front door in Five Points to my home in Atlantic Beach is 2 hours 40 minutes. Take the 64 bypass to wilson and then take 58 to 258 which will put you on highway 70 in kinston(avoiding the sprawl and traffic in Clayton). The Crystal Coast is 22 miles of beautiful southern facing beaches. No high rises. Very few goony golfs and no wax museums.,0.2035062469661131,0.7798234286446213,1
635044,what does contract and expand mean,7601266,"Expand is to increase in volume, contract is to decrease in volume.",0.996333768556714,1492567,"Under Dr. Alcubierre’s hypothesis, a ship still couldn’t exceed light speed in a local region of space. But a theoretical propulsion system he sketched out manipulated space-time by generating a so-called “warp bubble” that would expand space on one side of a spacecraft and contract it on another.",0.4971634033361587,0.4991703652205553,1
635647,what does debt to gdp ratio tell us,7493198,"In 2013, United States public debt-to-GDP ratio was 71.8%, according to the CIA World Factbook, or 104.5%, according to the IMF including external debt.he debt-to-GDP ratio is generally expressed as a percentage, but properly has units of years, as below. By dimensional analysis these quantities are the ratio of a stock (with dimensions of currency) by a flow (with dimensions of currency/time), so they have dimensions of time.",0.8812810576832074,253151,"Debt Ratio. The debt ratio divides a company’s total debt by its total assets to tell us how highly leveraged a company is—in other words, how much of its assets are financed by debt. The debt component ...ebt Ratio. The debt ratio divides a company’s total debt by its total assets to tell us how highly leveraged a company is—in other words, how much of its assets are financed by debt. The debt component ...",0.898588427899939,-0.0173073702167315,0
637459,what does fdg mean,7595500,"This page is all about the meaning, abbreviation and acronym of FDG explaining the definition or meaning and giving useful information of similar terms. FDG Stands For : FluoroDeoxyGlucose.",0.9532389924301966,8645185,"Several processes determine FDG uptake in tumor cells. Of major importance is the integrity of the vascular network that is necessary for supply of nutrients to the cell. FDG enters the cells by the same facilitated transport mechanism as glucose. The most common glucose transporters expressed on the cell membrane are Glut-1 which are insulin independent. Once inside the cell, FDG is phosphorylated by hexokinase into FDG-6-phosphate. FDG-6-phosphate does not enter into further metabolism and accumulates intracellularly.",0.4378804274525019,0.5153585649776947,1
645604,what does phyto mean,7484648,"Phyto, or phyt, is defined as plant. An example of phyto used as a prefix is in the word phytol, which means an oily alcohol that comes from combining the chlorophyll of plants with other substances and is used to create synthetic vitamins. phyto-. phyto-.",0.9783595795378274,786866,"Plant foods contain thousands of natural chemicals. These are called phytonutrients or phytochemicals.Phyto refers to the Greek word for plant. These chemicals help protect plants from germs, fungi, bugs, and other threats. Fruits and vegetables contain phytonutrients.",0.7508895079944017,0.2274700715434257,1
648119,what does sni mean,7447392,"What is SNI? Server Name Indication is a crucial component of SSL that oftentimes goes under the radar. SNI is what allows multiple websites to exist on the same IP address. Without SNI, each hostname would require its own IP address in order for an SSL certificate to be installed. However, SNI solves this problem. Now, what does all that mean?",0.9047959911497222,2205560,"I just bought an SNI 35 line output converter. I took the factory subwoofer out of my 2003 Buick Rendezvous and cut the speaker wires to hook up to the converter. The problem is, I have no idea how to hook this thing up.",0.0921171254242059,0.8126788657255162,1
655046,what does wearing a wedding gown in a dream mean?,7430773,"If the dress is dirty or torn, it predicts that you will have a disagreement with someone you should respect. If you dream of a black wedding dress, something that you thought was a good and positive thing is in reality quite bad or negative.",0.9940775395068,2338385,"The cost of wedding dress alteration depends on the amount of work that needs to be done on the dress as well as the complexity of the design. 1  On average, a simple alteration can cost as little as $20 while a more complex job can cost upwards of $350 for an alteration. The wedding dress alterations’ price can be different depending on several factors such as the type of dress that needs to be altered. 2  A brides’ gown is more expensive since these require more effort, can be more complex, and need additional care when handled.",0.2833028862134869,0.7107746532933132,1
669979,what ibn means crossword,7429319,Answer: IBN. IBN is a crossword puzzle answer that we have spotted 48 times. Referring Clues: Part of a Mideast name. ___ Saud (former Mideast leader) Relative of Mac-.,0.9999765218916388,1047036,"If you like Crosswords and think you've mastered the puzzling form, give any of these new Crossword puzzle variants a shot. Daily Crossword.Test your knowledge and puzzle skills in this fantastic new Crossword game.f you like Crosswords and think you've mastered the puzzling form, give any of these new Crossword puzzle variants a shot. Daily Crossword.",0.3166350676568221,0.6833414542348168,1
679878,what is a cross liability clause in insurance,5786828,"Cross liability and severability of interest are clauses in commercial insurance contracts. These clauses mean that the insurance policy applies separately to each insured party. However, the total policy coverage usually applies collectively to all the insured parties.",0.999997471204176,524416,"aggregate limit of liability An insurance contract provision limiting the maximum liability of an insurer for a series of losses in a given time period—for example, a year or for the entire period of the contract.",0.6265344010307834,0.3734630701733927,1
681944,what is a double acrostic puzzle,7704858,"The name comes from the Greek words akron (end) and stikhos (line of verse). As the name implies, acrostics are most often pieces of verse where the hidden message is formed by either the first or last letter of each line. Sometimes both ends of the line contain a message - this is known as a double acrostic.",0.9999963195548396,3725006,This activity is sometimes called seven pieces of cleverness.. The object of the puzzle is to rearrange the pieces of a square (the puzzle pieces) to form figures (like a picture of a cat) using the tangram pieces. 1  Paper (cardstock or other thick paper works well). 2  Scissors. 3  Ruler and Pencil or a Printer.,0.5075110102096252,0.4924853093452145,1
687375,what is a hydromyelia,7506064,"Hydromyelia refers to an abnormal widening of the central canal of the spinal cord that creates a cavity in which cerebrospinal fluid (commonly known as spinal fluid) can accumulate. As spinal fluid builds up, it may put abnormal pressure on the spinal cord and damage nerve cells and their connections.",0.832097055378269,1745252,"Syringomyelia: Definition, Causes & Treatment Approaches. Definition. Fluid-filled cavity within the spinal cord. Other nomenclature: hydromyelia, syringohydromyelia, spinal cord cyst.",0.4052678574689008,0.4268291979093681,1
689223,what is a lisp?,7468368,Lisp noun [U]. › a ​computer ​programming ​language ​designed for ​processing ​lists of ​text: Lisp is the ​standard ​research ​tool of ​artificial ​intelligence ​scientists in the United States.,0.982992695544726,899432,"To read aloud the LISP form (DEFUN FOO (X) (PLUS X 1)) one might say: “Open defun foo, open eks close, open, plus eks one, close close.” Suggested Resources (0.00 / 0 votes) Rate this definition: open",0.5258635111510223,0.4571291843937038,1
692494,what is a nigerian maggot,7457652,We are going to make gourmet meals out of Edible Maggots. Edible maggots are found in the tropical rain forest region of Nigeria in dying palm trees. They are quite expensive I must say. A stick of grilled Edible maggot or “Odon” as the Sapele people of Delta State call it is about 200 naira for four or five maggots on a skewer.,0.99794234243104,2553698,"Mini Bio (1) Carmen Ejogo was born in Kensington, London, England, to a Nigerian father and a Scottish mother. Ejogo grew up in London. Ejogo's television career began in the UK in the early 1990s, where she presented the children's series Saturday Disney (1990). Subsequently, she has had an acting career in the US.",0.2666766665534441,0.7312656758775959,1
709560,what is all in basic metabolic panel,1050990,"Basic Metabolic Panel. The basic metabolic panel (BMP) is a set of seven to eight blood tests thatmeasure certain nutrients and electrolytes essential for basic body functions. The basic metabolic panel typically measures the serum or plasma levels of sodium, potassium, chloride, and bicarbonate in the body. The BMP is also used to test other electrolytes such as: blood urea nitrogen (BUN), creatinine, and glucose to check for or rule out diabetes or kidney disease.",0.9310503450632708,7212673,"Calcium. Calcium is the body's most abundant mineral, and it is important for muscle contraction, nerve impulses, blood clotting and hormone action. An abnormal calcium level can indicate disorders in your pancreas, kidneys or bones.he comprehensive metabolic panel (CMP) blood test is group of 14 blood tests that evaluate organ function. ...",0.0173225481247272,0.9137277969385436,1
722413,what is barron,7531801,"Barron [bar-ron] as a boys' name is an Old English name, and the meaning of Barron is burned clearing; young warrior. Barron is an alternate spelling of Barnett (Old English). Barron is also a variant of Baron (Old German, Old English). ASSOCIATED WITH old english, clearing (meadow), warrior.",0.9999675346035184,1787321,"At the time she described the experience as 'great' and 'very, very easy.'. Barron was the fifth child for Donald Trump, 66, who married the then Melania Knauss at a lavish ceremony in January 2005. Asked if she would consider having more children, Mrs Trump said: 'I don’t like to say never, but my life is very busy.",0.9081171899950564,0.0918503446084619,1
725047,what is bobtail?,7696627,"Bobtail may refer to: 1  An animal with its tail bobbed. 2  A wolf who was leader of the man-eating Wolves of Paris. 3  A natural bobtail, an animal with a genetically short tail Donggyeongi, a Korean breed of dog.  A Bobtail lizard or skink, species Tiliqua 1  rugosa. A bobtail squid.  A tractor unit not pulling a trailer.",0.9424236145564048,7696621,Quick Answer. A bobtail truck is a semi truck that travels from one point to another without a trailer. Sometimes a trucker has to drop off an entire trailer at his destination and travel elsewhere to pick up another trailer. Truckers are often paid round-trip for these bobtail truck jobs.,0.7442055650075956,0.198218049548809,1
727837,what is cardamom used for,7457249,"Cardamom is one of the most effective remedies against halitosis. Simply chewing on the seeds eliminates bad odors. Cardamom is even used in some chewing gums because of its effectiveness, billed as a surefire cure to the most offensive breath.",0.9201935223680408,4500567,"Curry powder is used as a seasoning, adding flavor and color to a dish. Common ingredients include cardamom, dried chile, cinnamon, clove, coriander, cumin, fennel, fenugreek, mace, nutmeg, red and black peppercorn, poppy seed, sesame seed, saffron, tamarind, and turmeric. Madras curry powder packs some heat.",0.5278737571354389,0.3923197652326019,1
738484,what is dendrochronology,7635187,"Feb 14, 2015. Dendrochronology is a method of age dating by studying the growth rings of trees. It can be used to study changes in climate and also to calibrate carbon dating. socratic",0.8809066104873052,4716094,"El Niño events happen as warm trade winds heat up the surface waters of the tropical Pacific Ocean. Scientists are able to detect an El Niño event and its effects on the climate through a variety of technological and natural sciences. One of these natural sciences is dendrochronology, or the study of tree rings.",0.3692092922861515,0.5116973182011537,1
743708,what is emulation,7652351,Emulation is the process of mimicking the outwardly observable behavior to match an existing target. The internal state of the emulation mechanism does not have to accurately reflect the internal state of the target which it is emulating.,0.9978226940416488,7881370,"It means use mounting software, such as Daemon tools, to virtually mount a disk image which will execute it as if you inserted the disk into your CDROM. The terms derives from mounting, or running a CD on a virtual drive provided by any software which can mount it. That refers to using a cd-emulation program, like daemon tools, alchol 120, or power iso, to trick the computer into thinking a file (iso usually), is actually the disk.",0.4645106015349743,0.5333120925066746,1
747937,what is floof,7504079,"Floof is a light and fluffy moldable material that sticks to itself, making it easy to pack into whatever shape you want. Create your own sculpture by hand, use one of the included snowball makers to form perfect spheres for an indoor snowball fight, or simply run your fingers through the stuff.",0.8452793186699333,445307,"Floof (derived from fluff) is an adjective used to describe a ridiculously fluffy object or an animal (usually a long-haired cat or an equally hairy dog). It can also be used as a verb to floof someone, but this only applies to the furry fandom in which one furry uses his/her fur (in the case of a long-haired furry, again a canine or feline) to overwhelm his/her friend with fluffy fur.",0.9410741847922536,-0.0957948661223201,0
763878,what is kyc?,11461,"What is KYC? KYC is an initialism that stands for know your customer.. It is a regulatory phrase that refers to the process used by a business for verification of merchants, customers, and other elements when it comes to a financial transaction. In WePay's case, we use it as the motivation behind our Trust Center.",0.9285941926488392,7729518,"Regulatory: In terms of the guidelines issued by the Reserve Bank of India (RBI) on 29th November 2004 on Know Your Customer [KYC] Standards – Anti Money Laundering [AML] Measures, all banks are required to put in place a comprehensive policy framework covering KYC Standards and AML Measures.",0.5265423010306426,0.4020518916181966,1
766272,what is lispro,7801947,"Insulin lispro is a short-acting, man-made version of human insulin. Insulin lispro works by replacing the insulin that is normally produced by the body and by helping move sugar from the blood into other body tissues where it is used for energy. It also stops the liver from producing more sugar.",0.913223864185279,1135255,"See Prices. Humulin 70/30 (insulin human) is a mix of long-and short-acting insulins used to treat diabetes mellitus, including diabetes type 1 and diabetes type 2. It replaces or supplements the insulin made by the body to help control blood sugar levels, and the mix allows twice-daily dosing with a faster effect.ee Prices. Humalog (insulin lispro) is a short-acting insulin used to treat diabetes mellitus, including diabetes type 1 and diabetes type 2. It is generally used with a long-acting insulin to help control blood sugar levels.",0.0849415967790153,0.8282822674062638,1
768411,what is mapanything?,7920597,"MapAnything is a Salesforce Gold App Innovation Partner, and a ServiceNow Technology Partner. They have received Ventana Researchâ€™s 2016 Technology Innovation Award for Location Analytics and been named a Customerâ€™s Choice â€“ Highly Reviewed App by users of Salesforce.",0.7786878773447825,7920605,"MapAnything provides Geo based territory management, route planning & optimization, lead gen, and reporting through a real-time, interactive map of your Salesforce data. Take it for a test drive and get a free trial today!",0.5443362389225512,0.2343516384222312,1
771239,what is mesh size of dura mesh pool safety covers for inground pools,7720846,"Merlin Dura-Mesh Pool Safety Cover - In Ground Winter Pool Cover , 20x40ft. Pool Size. Merlin Dura-Mesh Safety In Ground Pool Cover , 20x40ft. Pool Size The 15-year Dura-Mesh winter pool safety cover is made with 33% stronger mesh materials than any other standard mesh pool cover available on the market today.",0.999999087491326,2407263,"Understanding that this is a very rough figure, you can expect to pay $25,000-50,000 for an inground pool. Of course, that’s assuming a pool of average size, in an average city with the average cost of living, average extras, and average materials. Of course, you probably aren’t average.nderstanding that this is a very rough figure, you can expect to pay $25,000-50,000 for an inground pool. Of course, that’s assuming a pool of average size, in an average city with the average cost of living, average extras, and average materials. Of course, you probably aren’t average.",0.4492000203164644,0.5507990671748617,1
790536,what is relaxation training techniques,7749943,"Relaxation technique. For other forms of relaxation, see Relaxation. A relaxation technique (also known as relaxation training) is any method, process, procedure, or activity that helps a person to relax; to attain a state of increased calmness; or otherwise reduce levels of pain, anxiety, stress or anger.",0.9999830037272982,8722439,"Artist Education Requirements. Artistry is an ability that comes naturally to many, so formal education isn't always required for a career as an artist. However, many artists find that education and training can help them fine-tune techniques or learn specialized skills that may make them more employable.",0.1877488466345132,0.812234157092785,1
792688,what is rthdvbg,7826565,rthdvbg.exe is a Microsoft or Windows process but some versions of this exe carry viruses. Check your PC for the bad versions of this file - with this Free Security Scan. rthdvbg.exe Technical Information,0.8768984725975315,7826560,You should keep RtHDVBg_Push****on in startup if you I am satisfied however I do not use audio on a daily bases,0.106336971153117,0.7705615014444144,1
806574,what is the average monthly car insurance estimate,2113439,"Monthly auto insurance premiums can range from less than $50 to hundreds of dollars. The average car insurance payment you might expect to pay will be based on your age, where you live, your driving history, the kind of car you drive, the number of cars and drivers in your household, and more.",0.9883957549093216,1978608,"The average monthly overhead cost to maintain a used car dealership in any state will vary between $1,000 to $5,000 depending upon the particular state. Imagine spending $1,000 to $5,000 each month just to have access to a used car dealer license.",0.4616276940209853,0.5267680608883362,1
81993,cannot delete partition,7297000,"You cannot delete the system partition, boot partition, or any partition that contains the active paging file or crash dump information. A partition must be selected for this operation to succeed. Use the select partition command to select a partition and shift the focus to it.",0.9989674983490596,6584364,"The boot partition contains the Windows operating system and its support files. The boot partition can be, but does not have to be, the same as the system partition. There will be one, and only one, system partition, but there will be one boot partition for each operating system in a multi-boot system.",0.4119605888309076,0.587006909518152,1
839137,what is the phantom zone,7803834,"The Phantom Zone. The Phantom Zone is a dimension used as a prison by the Kryptonians for criminals. They are imprisoned with powerful chains. In Man of Steel, General Zod and many other criminals have been sealed away in the Phantom Zone for their crimes.",0.9999196025993374,4498483,"The Phantom of the Opera (Andrew Lloyd Webber Musical) Edit. In Andrew Lloyd Webber's 1986 stage musical, Phantom of the Opera, Erik is only known as 'the Phantom', 'the Opera Ghost', 'the Angel of Music', or 'OG'.His name is never given. The character was originally going to be played by Steve Harley but was later replaced by Michael Crawford.n Andrew Lloyd Webber's 1986 stage musical, Phantom of the Opera, Erik is only known as 'the Phantom', 'the Opera Ghost', 'the Angel of Music', or 'OG'.",0.3946353275599624,0.605284275039375,1
85053,causes for swollen ankle,7368239,"Ankle swelling can also be due to pregnancy, being overweight, vascular problems, or orthopedic conditions, such as a bone fracture or a sprained ankle. Swollen ankles can also indicate a potentially serious disorder, such as congestive heart failure, deep vein thrombosis, and liver failure. Because ankle swelling can indicate a potentially life-threatening illness, you should seek prompt medical care and talk with your medical professional about your symptoms.",0.8909301650669755,7487012,"Arthritis in your ankle is usually post-traumatic arthritis or rheumatoid arthritis. Osteoarthritis in the ankle is very rare. Post-traumatic arthritis may not cause pain until years after the initial injury. Ankle pain is not necessarily caused by arthritis. Other causes include tendonitis, infections, fractures, gout, and neuropathic pain. Whether ankle pain is caused by arthritis or something else, it can send you to the doctor looking for answers. If you visit your doctor for ankle pain, they’ll examine the ankle joint. This is where the tibia (shinbone) rests on the talus (top foot bone).",0.5608875908061348,0.3300425742608407,1
865660,what job can you get with a degree in art education,7948042,"An art education degree prepares you to teach art to students ranging from preschool to high school -- and possibly college. Legal requirements to become a teacher are established by each state, but ...",0.9963490771952284,7108365,"But over time, a growing share of the U.S. job market has required at least a bachelor's degree. Jobs with that education level or higher tend to be higher paying. And, jobs with a master's degree or higher are expected to be the fastest growing in coming years.",0.6956295629737033,0.3007195142215252,1
8854,________ disparity refers to the slightly different view of the world that each eye receives.cyclopeanbinocularmonoculartrichromatic,7304912,28 of 35 _______ disparity refers to the slightly different view of the world that each eye receives. Binocular Cyclopean Monocular Trichromatic. _______ disparity refers to the slightly different view of the world that each eye receives. Binocular.,0.9901719117257128,464640,"Brown eyes are the most common eye color in the world with over 55% of the world's population having brown eyes. Brown eye color is a dominant genetic trait, and is created by the presence of melanin in the eye.",0.329109131436922,0.6610627802887908,1
895932,what sizes do bar stools come in,1130834,"These are commonly called “spectator stools”. The actual size can vary somewhat with bar stools ranging from 29 to 31 inches and the counter stools ranging from 24 to 26 inches. These are the standard sizes of stools, but they can be special ordered in sizes from 24 inches to 37 inches tall.",0.9649207497563588,702003,"The staple seating choice of the kitchen, bar stools are the perfect match for islands and bars. Here's how to find the best option for your space, from height to number of stools to seating style. The Right Height Bar stools come in four standard heights named for the seating surface they pair with.",0.8185415121412495,0.1463792376151094,1
912234,what type of fire extinguisher is best for electrical equipment,7875077,Class C: Any fire that involves electrical appliances is appropriate for a Class C fire extinguisher. Fires involving motors or transformers would fit in this class. Metal appliances you’d use in the kitchen also fit in Class C. A drawing of an electrical plug and outlet are found on the Class C graphic.,0.9426433037529766,5272729,"Here are 11.5 tips for you and your workers to follow for maximum fire safety in your workplace: 1  Accessibility. Always ensure accessibility to electrical control panels. 2  Good Housekeeping. Clutter not only provides fuel for fires, but also prevents access to exits and emergency equipment. 3  Proper Waste Disposal.",0.1446962255272085,0.797947078225768,1
929046,what years were total eclipses in the past,491288,"With interest rapidly building for the upcoming total solar eclipse in the USA on August 21, 2017, I became curious about the rarity of total eclipses in America. The very first total eclipse I witnessed was on March 7, 1970.",0.8031819800675571,6013912,"There are at least four eclipses every year – two solar and two lunar. Four is a common number of eclipses in a year; for example, the years 2015 and 2016 have four eclipses. But four is also the minimum number.",0.6356531858820063,0.1675287941855509,1
930721,what's monogamy,7805222,monogamy noun [U]. › the ​fact or ​custom of having a ​sexual ​relationship or ​marriage with only one other ​person at a ​time Compare bigamy polygamy. Compare. bigamy. polygamy. monogamous adjective uk us /-məs/ › a monogamous ​relationship. adjective uk us /-məs/.,0.8533809387218029,2727834,"Polyamory is having multiple, long term, sexual, loving relationships that all the people involved know about and consent to. The original definition was coined by Morning Glory Zell because terms being used at the time, like consensual adultery and responsible non-monogamy were considered by many to be inadequate.",0.4746815349261647,0.3786994037956381,1
938140,when did disney make beauty and the beast,7943868,"For women who grew up in the late ‘80s and early ‘90s, few characters loom larger than Belle from the 1991 Disney movie “Beauty and the Beast.”. Compared to her Disney princess predecessors, Belle was a revelation. She wasn’t asleep for 75 percent of a story that centered around her (”Sleeping Beauty”).",0.781231234802279,3496238,"In the movie, Mrs. Potts, voiced by Angela Lansbury, sings the song Beauty and the Beast. At the end of the movie, Beauty and the Beast is sung by Celine Dion and Peabo Bryson. In the movie, Mrs. Potts, voiced by Angela Lansbury, sings the song <i>Beauty and the Beast</i>. At the end of the movie, <i>Beauty and the Beast</i> is sung by Celine Dion and Peabo Bryson.",0.1533098993696635,0.6279213354326154,1
942651,when did they start putting seat belts in cars,7761568,"Early cars had no seat belts. In the 1930s, doctors began installing seat belts in their cars, realizing that accidents were increasing along with cars' speed and popularity. In 1955, California was the first state to require cars to have seat belts installed before sale. This became U.S. law in 1968.",0.9809683109231454,3601715,"Texas law now requires drivers and all passengers in vehicles to be secured by a safety belt. A safety belt violation can result in fines ranging from $25 to $250, plus court costs. Safety Seat Guidelines. Safety belts are designed for adults, not children.",0.3248658766618607,0.6561024342612847,1
948532,when does transformers the last knight is coming out,2884991,"Transformers: The Last Knight will include a solid cast of stars, like Mark Wahlberg, Anthony Hopkins, Tyrese Gibson, and Josh Duhamel are all set to star in the Michael Bay joint, which promise to take the series in and exciting directions. Transformers: The Last Knight will come out on June 23, 2017.",0.9625509593383246,7654359,"Frank Hyneman Knight. (November 7, 1885 – April 15, 1972). Risk, Uncertainty and Profit (1921). Frank Hyneman Knight (November 7, 1885 – April 15, 1972) was an important economist of the twentieth century.",0.5480720317570725,0.414478927581252,1
986972,where is luton,7735236,"For other uses, see Luton (disambiguation). Luton (/ˈluːtən/ LOOT-ən, local /ˈluːʔən/) is a large town, borough and unitary authority area of Bedfordshire, England. Luton and its near neighbours, Dunstable and Houghton Regis, form the Luton/Dunstable Urban Area with a population of about 258,000. It is located 20 miles (30 km) east of Aylesbury, 14 miles (20 km) west of Stevenage, 30 miles (50 km) north-northwest of London, and 22 miles (40 km) southeast of Milton Keynes.",0.9875274364464915,7735233,"Location of Luton on a map. Luton is a city found in England, The United Kingdom. It is located 51.88 latitude and -0.42 longitude and it is situated at elevation 117 meters above sea level. Luton has a population of 193,669 making it the 24th biggest city in England.",0.9851690308951416,0.0023584055513498,1
988119,who played alicia on the big bang theory,7289721,Trivia. 1  Alicia is played by Valerie Azlynn. 2  She only appeared in the episode The Dead Hooker Juxtaposition. And it is unknown what happen to her afterwards maybe it likely that she moved out because she did not appear in any other episodes of the series. 3  She might appear in Season 11.,0.9997185136984968,1118353,"Abstract. Many Christians today embrace the big bang theory as an avenue for evangelism. They reason that a big bang origin of the universe naturally leads one to conclude that there must be a Creator, thus opening the door for sharing the gospel. However, there is a growing belief that a quantum fluctuation gave rise to the universe apart from God.",0.1757599664744739,0.8239585472240227,1
988124,definition of lu,7289647,"Lu - a trivalent metallic element of the rare earth group; usually occurs in association with yttrium atomic number 71, lutecium, lutetium metal, metallic element - any of several chemical elements that are usually shiny solids that conduct heat or electricity and can be formed into sheets etc.",0.9994478290487172,803059,"The name Blu-ray refers to the blue laser (specifically, a violet laser) used to read the disc, which allows information to be stored at a greater density than is possible with the longer-wavelength red laser used for DVDs.lu-ray Disc specifies the use of Universal Disk Format (UDF) 2.50 as a convergent friendly format for both PC and consumer electronics environments. It is used in the latest specifications of BD-ROM, BD-RE and BD-R.",0.2995234492765621,0.699924379772155,1
989108,where is new hope alabama,7777611,"New Hope, Alabama. New Hope is a city in Madison County, Alabama, United States, and is included in the Huntsville-Decatur Combined Statistical Area. As of the 2010 census, the population was 2,810.",0.999998905791992,6619101,"In the Alabama language, waakasi hachi means calf's tail (the Alabama word waaka being a loan from Spanish vaca). That there is a Waxahatchee Creek near present-day Shelby, Alabama, suggests that Waxahachie, Texas, shares the same name etymology.",0.3623112269381373,0.6376876788538548,1
991342,who is amandla stenberg,7282434,"(CNN)You might remember actress Amandla Stenberg from her ill-fated role in the first Hunger Games film as Jennifer Lawrence's endearing sidekick, Rue. The 17-year is stepping out of the franchise's shadow and using her star power to inspire other black women to embrace their identity.",0.8103794793993264,7282431,"Stenberg will play Maddy while Robinson will play Olly, who is battling his own demons. Stella Meghie, who made her feature directorial debut with Jean of the Joneses, is directing the project, which is eyeing a September start. Les Morgenstein and Elysa Dutton of Alloy are producing.",0.1099764712735215,0.7004030081258048,1
992433,white pine millings in wv,7279737,"White Pine Millings is located at the address 119 Loghouse Rd in Racine, West Virginia 25165. They can be contacted via phone at (304) 837-7940 for pricing, hours and directions. White Pine Millings has an annual sales volume of 501K - 999,999. For maps and directions to White Pine Millings view the map to the right.",0.9999962420038324,5596847,"Tips. 1  Try scenting the pine cones with scents such as cinnamon or peppermint. 2  It's better to collect the pine cones from a park, your backyard, a field, or anywhere with pine trees than to buy them. 3  Pine cones don't require good quality paint. 4  You can find them on trees, especially during fall. 5  Painted pine cones could be used as Christmas 6  ... Wa",0.360112199653263,0.6398840423505695,1
995125,where is the condyle,7026693,"A condyle (/ˈkɒndəl/ or /ˈkɒndaɪl/; Latin: condylus, from Greek: kondylos; κόνδυλος knuckle) is the round prominence at the end of a bone, most often part of a joint - an articulation with another bone. It is one of the markings/features of bones, and can refer to: On the femur, in the knee joint:",0.9812735392345028,8547279,"n the path of the condyle in the glenoid fossa when a lateral mandibular movement is made. n the articular process of the mandible; the condyloid process of the mandible. n See process, condyloid, neck of. n the rounded projection that joins with the bones of the vertebrae located at the base of the occipital bone.",0.8149412783282153,0.1663322609062876,1
99556,copperhead snake bite effects,7684278,"I was bitten by a copperhead in 1981 on the foot. The bite immed. started swelling, lots of pain like a super bee sting that doesn't stop, next was the feeling of throwing up. I went to the ER and by then the area around the bite fangs were turning into blue red 50 cent piece. The ER tested the anivemon in my arm but the swelling was now all the way up my thigh.",0.959503551206838,5424501,"Habitat, diet, life cycle and hibernation. The Cottonmouth snake, or (Agkistrodon piscivorus), is one that many refer to by names such as the Water Moccasin, or a combination of variations: Cottonmouth Moccasin, Highland Water Moccasin, and North American Water Moccasin.ottonmouths darken with age, and at some point, the bands become obscured. Similar to the Copperhead snake, these snakes have a slightly green hue on the tip of their tails. The Cottonmouth snake is the most aquatic of the Agkistrodon, although is able to survive as far as one mile away from water 1.",0.3206033376219295,0.6389002135849084,1
998609,where is macy's westfield valley fair,7267718,"About Macy's Westfield Valley Fair Shoes. We are often told that clothes make the person, but we often forget that shoes make the outfit. From catwalk high fashion to effortless casual, shoes complete the look. With so many wonderful and diverse options available from Macy's Westfield Valley Fair in Santa Clara, CA, we can make the look your look. Whenever you shop for new shoes to add to your wardrobe - shop the selection of women’s, men’s, and kids’ shoes at Macy's Westfield Valley Fair at 2801 Stevens Creek Blvd., where you can find the perfect shoes for all of your dressing occasions.",0.9999944055754664,18621,"“Shameless” is said to be returning for its seventh season on Sunday, Oct. 2, at 9 p.m. And while we’re excited to meet up with Frank (William H. Macy), Fiona (Emmy Rossum) and the rest of the Chicago gang this fall, we can’t help but question why the series has bumped its typical January premiere date.",0.2465856847595938,0.7534087208158724,1
998675,where is lewisburg,7267527,"Lewisburg is a borough in Union County, Pennsylvania, United States, 30 miles south by southeast of Williamsport and 60 miles north of Harrisburg. In the past, it was the commercial center for a fertile grain and general farming region. The population was 5,620 at the 2000 census. It is the county seat of Union County. Located in central Pennsylvania, on the West Branch Susquehanna River, Lewisburg is northwest of Sunbury. It is home to Bucknell University and is near the Lewisburg Federal Penit",0.90738796507118,1376492,"Shelly M Hargrove is a Nurse Practitioner Specialist in Lewisburg, Tennessee. She graduated with honors in 2011.",0.3540735006486381,0.5533144644225418,1
998965,definition diagram,7266627,"Definition of diagram - a simplified drawing showing the appearance, structure, or workings of something; a schematic representation Definition of diagram - a simplified drawing showing the appearance, structure, or workings of something; a schematic representation",0.998994527072957,2828602,"Because phase boundaries relate to changes in the organization of matter, such as a change from liquid to solid or a more subtle change from one crystal structure to another, this latter usage is similar to the use of phase as a synonym for state of matter.owever, the state of matter and phase diagram usages are not commensurate with the formal definition given above and the intended meaning must be determined in part from the context in which the term is used.",0.2668678184921624,0.7321267085807945,1
