qid,query,pid_i,passage_i,score_i,pid_j,passage_j,score_j,g_score,correct_pref
1001108,where the chromosomes are moving towards the poles of the cell,7870036,"Now, during anaphase, the two sister chromatids of each chromosome are pulled apart by the spindle and dragged by their kinetochores toward opposite poles of the cell (i.e., toward the opposite centrosomes). The movement results from a shortening of the spindle microtubules. Each chromosome is pulled along by its centromere. Formally, this phase begins when the duplicated centromeres of each pair of sister chromatids separates, and the resulting daughter chromosomes begin moving toward the poles.",7.974940776824951,302808,"Humans have 46 chromosomes in each cell. During fertilization of the egg, the sperm nucleus containing 23 chromosomes from the paternal side fuses with the nucleus of the egg that contains 23 chromosomes from the maternal side. The result is the zygote that contains 46 chromosomes (23 pairs of chromosomes; one of each pair from either parent). From that single celled zygote comes all the cells of your body today that is formed as a result of uncountable number of cell divisions.",-7.032745361328125,15.007686138153076,1
1009183,what's the difference between c++ and java,7249212,"The most important difference is that Java is a memory-safe language, whereas C++ is not. This means that errors in Java programs are detected in defined ways—for example, attempting a bad cast or indexing an array out of bounds results in an exception.",10.335533142089844,6234872,"An annotation, in the Java computer programming language, is a form of syntactic metadata that can be added to Java source code. Classes, methods, variables, parameters and packages may be annotated.nlike Javadoc tags, Java annotations can be reflective in that they can be embedded in class files generated by the compiler and may be retained by the Java VM to be made retrievable at run-time. It is possible to create meta-annotations out of the existing ones in Java.",-5.490789413452148,15.826322555541992,1
1009742,what's a pollinator,7248275,"A pollinator is different from a pollenizer, a plant that is a source of pollen for the pollination process.",8.497559547424316,1693626,"You must grow two hazelnut trees with strong genetic differences, one as a pollinator and the other as a producer to get a nut crop. These trees need to be within about 65 feet of each other for cross pollination to take place.ou must grow two hazelnut trees with strong genetic differences, one as a pollinator and the other as a producer to get a nut crop. These trees need to be within about 65 feet of each other for cross pollination to take place.",-4.45719051361084,12.954750061035156,1
1010700,which hotel did jfk propose to jackie,7908507,"Decades later, Ho Chi Minh worked as a baker in the basement kitchen, likely churning out the hotel's deservedly famous, eponymous Parker House rolls. JFK proposed to Jackie at a table at Parker's Restaurant, where Malcolm X once worked as a busboy.",8.238566398620605,1929965,"Squire, said he, when Dance has had his ale he must, of course, be off on his Majesty's service; but I mean to keep Jim Hawkins here to sleep at my house, and with your permission, I propose we should have up the cold pie and let him sup.",-11.198097229003906,19.43666362762451,1
1012865,what was enoch brown school massacre?,7242969,"Enoch Brown school massacre topic. 1885 memorial The Enoch Brown school massacre was one of the most notorious incidents of Pontiac's War . On July 26, 1764, four Delaware (Lenape) American Indians entered a settlers' log schoolhouse in the Province of Pennsylvania in what is now Franklin County , near the present-day city of Greencastle .",9.290487289428713,4597623,And another surprise at the site of the massacre. A monument to the four federal officers killed in the initial invasion of the Branch-Davidian Compound. The remaining foundation of the former Branch-Davidian Compound has many messages written on it.,-8.749589920043945,18.040077209472656,1
1020244,what skills i need for marine biology,7233356,"Marine biologist must also be familiar with various research boats and ships, and may need scuba diving skills and underwater camera and video skills. Marine biologists also frequently require robotic skills, such as for using Remotely Operated Vehicles, or ROVs, which are used in place of manned submersibles.",9.629873275756836,7263764,"Marine definition, of or relating to the sea; existing in or produced by the sea: marine vegetation. See more.",-9.341419219970703,18.97129249572754,1
1022762,which vitamins are important,6046885,"There are a few types of these nutrients, and they're all good for your body. But three of them -- vitamins B6, B12, and folic acid -- are especially important. Vitamin B6 is also known as pyridoxine. You need it to keep your brain working well and to help your body change food into energy, which is called metabolism.",8.969320297241211,4016587,"Two types of vitamins are essential for proper bodily function: fat-soluble and water-soluble vitamins. Fat-soluble vitamins include vitamins A, D, E and K, and the digestion of these vitamins is enhanced in the presence of fat. Fat-soluble vitamins are stored within your liver, intestines and fatty tissues of the body.",4.5890727043151855,4.380247592926025,1
1022769,what percentage of americans are either overweight or obese? quizlet,7229482,"Today, about 75 percent of US men and 67 percent of US women are either overweight or obese. This has risen significantly from figures gathered between 1988 and 1994, when just 63 percent of men and 55 percent of US women were overweight or obese. 2. Fewer Than One-Third of Americans Are at a Healthy Weight The NHANES data revealed that about 35 percent of men and 37 percent of women are obese, while another 40 percent of men and 30 percent of women are overweight. This means less than one-third of US adults are at a healthy weight. Lin Yang, a postdoctoral research associate at Washington University School of Medicine in St. Louis, told Medicine Net: 3 Obesity is not getting better. It's getting worse, and it's really scary. It's not looking pretty…",8.993680953979492,4831112,"Approximately 9 million U.S. children and teens, aged 6-19 years, are now overweight. Obesity is the number two cause of preventable death in the United States. Being overweight or obese not only decreases your quality of life, but also increases your risk of developing many chronic health conditions.",3.2104406356811523,5.78324031829834,1
1024904,what medications are prescribed for vasculitis,7226370,"Vasculitis cannot be cured, but treatment can help to reduce symptoms and minimize the develoment of serious complications, such as meningitis, blindness and aneurysm of the lungs. Treatment may include the use of medications, such as interferon alfa, to control the immune response and inflammation.",7.399909973144531,3154741,"Aim of this leaflet. This leaflet is for anyone who wants to find out about the medications used to help stabilise unhelpful mood swings and to control mania in bipolar disorder. It discusses how they work, why they are prescribed, their effects, side-effects and some alternatives.",-9.466781616210938,16.86669158935547,1
102627,cost of attending kennesaw state university,7875009,"The overall cost for on-campus, in-state students to attend Kennesaw State University in 2014-2015 was $24,630. To calculate future costs, we looked at the prior five years of data and determined that this cost increased an average of 5.6% each year.",10.719772338867188,7554353,"How much is tuition at American InterContinental University-Houston? Tuition and fees at American InterContinental University-Houston are $14,634 USD without financial aid. With room, board, and other fees combined, total cost of attendance is $15,992 USD. Cost & Aid. Relatively expensive tuition ($14,634 USD, same for in-state and out-of-state students)",-3.7374634742736816,14.45723581314087,1
1029772,what is the zip code in arrowhead lakes,7218572,"An extended ZIP+4 code, introduced in the 1980s, includes the five digits of the Lake Arrowhead ZIP code, a hyphen, and four more digits that determine a more specific location within a given ZIP code in Lake Arrowhead, California. The Lake Arrowhead Zip Code is 92352. If you want to send a mail to Lake Arrowhead City, you should use the 92352 Zip Code. In 1983, the U.S. Postal Service introduced an expanded Lake Arrowhead ZIP code system that it called ZIP+4, often called plus-four codes, add-on codes, or add ons.",10.057658195495604,7221946,"Elma Zip Code - Iowa. The US ZIP Code basic format consists of five decimal numerical digits assigned to the Elma City. An extended ZIP+4 code, introduced in the 1980s, includes the five digits of the Elma ZIP code, a hyphen, and four more digits that determine a more specific location within a given ZIP code in Elma, Iowa. The Elma Zip Code is 50628.",-6.289080619812012,16.346738815307617,1
1034587,cures that work for mites on dogs homemade,7210738,"Bathing a dog that has skin mites in soapy water is an effective home remedy. The alkaline nature of the soap kills skin mites and can prevent them from spreading. Yellow dock, aloe vera or calendula tea can also be used to treat skin mites. Using teas that have these herbs kills skin mites on dogs and helps heal rashes.",5.1433916091918945,6658774,"Dogs and Ear Infections. Ear infections are a common canine health problem, and they can be caused by allergies, yeast, ear mites, bacteria, hair growth deep in the ear canal, and more. Symptoms your dog may have with an ear infection include:1  Head shaking or head tilting. 2  Ear odor.ogs and Ear Infections. Ear infections are a common canine health problem, and they can be caused by allergies, yeast, ear mites, bacteria, hair growth deep in the ear canal, and more. Symptoms your dog may have with an ear infection include:",-7.151556015014648,12.294947624206545,1
1037250,what is the lunar regolith quizlet,7206078,"Lunar Regolith Breccias and Fragmental Breccias. Regolith is the name for the layer of unconsolidated material at the surface of a planet - the loose stuff that overlies the solid rock. On Earth, soil is part of the regolith, so lunar regolith is consequently often called soil.. The lunar regolith.",6.2728095054626465,7148279,"Chinese Lunar Calendar. 1  Chinese Lunar Calendar is based on the cycles of the moon, and is constructed in a different fashion than the Western solar calendar. 2  This Chinese New Year symbol often shows the dates of both the Gregorian (Western) calendar and the Chinese Lunar Calendar.",-8.703899383544922,14.976708889007568,1
1041951,what is the cytokine,7198934,"Cytokine function / Function of cytokine Cytokines are a large group of proteins, peptides or glycoproteins that are secreted by specific cells of immune system. Cytokines are a category of signaling molecules that mediate and regulate immunity, inflammation and hematopoiesis. Cytokines are produced throughout the body by cells of diverse embryological origin. Cytokine is a general name; other names are defined based on their presumed function, cell of secretion, or target of action.",9.252381324768066,525176,"Determining the exact function of a particular cytokine is complicated by the influence of the producing cell type, the responding cell type and the phase of the immune response. ILs can also have pro-and anti-inflammatory effects, further complicating their characterisation.",1.1363472938537598,8.116034030914307,1
1042978,what is the clearinghouse,7197542,"Definition of clearinghouse. 1  1 : an establishment maintained by banks for settling mutual claims and accounts. 2  2 : a central agency for the collection, classification, and distribution especially of information; broadly : an informal channel for distributing information or assistance.",10.093658447265623,7253051,"August 1, 1987 McToxics was a national grassroots campaign aimed at getting McDonald's to stop using styrofoam packaging. The campaign began on  August 1, 1987 when Vermonters Organized for Cleanup launched a series of actions to ban the use of foam food packaging in Vermont and was later co-ordinated by the Citizens Clearinghouse on Hazardous Waste (CCHW) .",-5.533344268798828,15.627002716064451,1
1043064,what is the chemical formula for oxygen tetrafluoride?,7197436,"Quick Answer. N2F4 is the chemical formula for the chemical compound tetrafluorohydrazine or dinitrogen tetrafluoride. It is a colorless inorganic gas that is extremely hazardous. It is produced from nitrogen trifluoride, an inorganic gas that is toxic, colorless and nonflammable, using iron or iron(II) fluoride.",6.012024879455566,3946686,"Definitions for chemical formula. formula, chemical formula(noun) a representation of a substance using symbols for its constituent elements. chemical formula(Noun) Alternative name for molecular formula.",-7.65684175491333,13.668866634368896,1
1043568,what is the bryozoans,7197007,The Bryozoans are an ancient phylum of small to microscopic but fascinating and often beautiful animals that build intricate colonies. Watching them alive under a microscope is a wonderful experience.,10.58742618560791,6271703,"The Marine Realm and The End-Permian Extinction. The Permian marine fauna was similar to that of the Carboniferous. Corals, stromatolites, sponges, bryozoans, brachiopods, and foraminiferans formed reef ecosystems in the warm shallow waters.he Marine Realm and The End-Permian Extinction. The Permian marine fauna was similar to that of the Carboniferous. Corals, stromatolites, sponges, bryozoans, brachiopods, and foraminiferans formed reef ecosystems in the warm shallow waters.",-2.2034783363342285,12.79090452194214,1
1047162,what is resi,7190154,"Resi, a village in the historical region of Khevi, Georgia; People. Resi is a German and Austrian first name, usually short for Therese. Andreas Franz (1897-1970), a German footballer; Resi Hammerer (1925-2010), an Austrian alpine skier; Resi Stiegler (born 1985), an American alpine skier; Other. Rèze, a white wine grape sometimes known as resi 1371 Resi, an asteroid",9.966197967529297,6838924,"The county also has hundreds of summer resi-dents. Sandpoint, the county seat, has a population of 7,760 in 2014. Surrounding populations include 1,136 in Ponderay, 770 in Kootenai and 607 in Dover. The largest city west of Sandpoint, Priest River, has 1,751 residents.",-5.587135314941406,15.553333282470703,1
1047642,what is ptztv,7189248,"Scenic Webcam Solutions. PTZtv is an Internet streaming video and marketing company based in Fort Lauderdale, FL. We offer specialized, highly customized technology solutions that bring a virtually there experience of scenic destinations to a worldwide audience. Using powerful, state-of-the art cameras paired with high performance distribution infrastructure we produce 24/7/365 live streaming HD-quality Internet video.",9.850010871887209,7189250,"PTZtv is a scenic webcam solutions company based in Fort Lauderdale, FL. We create unique live streaming video websites to market your destination to a worldwide audience. Home",10.262378692626951,-0.4123678207397461,0
1051223,what is menhir,7183716,Definition of menhir. : a single upright rough monolith usually of prehistoric origin.,9.920302391052246,8205792,"What Menhirs and Dolmens are. definitions are necessary. A menhir is a rude monolith set up on end, a great single stone, the base of which is buried deep in the soil. A dolmen is a large, table-shaped stone, supported by three, four, or even five other stones, the bases of which are sunk in the earth.",8.933734893798828,0.986567497253418,1
1057139,what is database software? quizlet,7173406,Database Software A collection of information organized in such a way that a computer program can quickly select desired pieces of data. You can think of a database as an electronic filing system. Spreadsheet Software Computer programs that let you create and manipulate financial spreadsheets and charts electronically.,8.16545581817627,7694290,"Find sources: Quizlet – news · newspapers · books · scholar · JSTOR · free images (March 2015). Quizlet is an online learning tool created by high school sophomore Andrew Sutherland in Albany, California. It was originally conceived in October 2005 and released to the public in January 2007. As of January 2014, Quizlet has over 60 million user-generated flashcard sets and more than 20 million registered users.",1.6511709690093994,6.51428484916687,1
1057270,who were marilyn monroe's friends,7847045,"The first part, that she dated 'most of the Rat pack', is untrue. She briefly dated Frank Sinatra, and in the late 1940s allegedly went on a single date with Peter Lawford. As for Dean Martin, he and Marilyn were good friends....and Marilyn was good friends with his wife Jeanne, who he married in 1949.",6.715399265289307,4618128,"The first copy of Playboy magazine featuring Marilyn Monroe as centerfold is set to go under the hammer. A world away from its modern, glossy successor, this copy boasts it is the first 'full color' magazine but only features black, white, grey and a touch of red.",-4.994102478027344,11.70950174331665,1
1060391,what is barbra streisand net worth,7168612,"Barbra Streisand Net Worth is $340 Million. Barbra Streisand Net Worth is $340 Million. Singer, songwriter, actress and filmmaker Barbra Streisand was born and raised in Brooklyn, New York and has an estimated net worth of $340 million. Her career began in her teens when she sang at nightclubs. Barbra Joan Streisand (/'str...",11.17021369934082,5987972,"The Way They Were? Barbra Streisand Had a Massive Crush on Robert Redford While Filming Classic Movie, New Biography Says. Barbra Streisand and Robert Redford famously played love interests in the 1973 classic The Way We Were. But if it were up to the actress, their romance would have continued offscreen – or so a new biography claims.",-4.283112525939941,15.453326225280762,1
1064529,what is adipocere,7163878,"adipocere ad·i·po·cere (ād'ə-pō-sēr') n. A brown, fatty, waxlike substance that forms on dead animal tissue in response to moisture. Also called lipocere.",10.788284301757812,941976,"Try 5 issues for just £5 with our new subscription offer! It depends on the temperature of the water. In cold water, the bacterial action that causes a body to bloat with gas may be so slowed that the body stays on the seabed. The skin will absorb water and peel away from the underlying tissues in about a week and fish, crabs and sea lice will nibble away at the flesh. Cold water also encourages the formation of adipocere. This is a waxy, soapy substance formed from the fat in the body that partially protects the body against decomposition. Bodies have been retrieved almost completely intact from waters below 7°C after several weeks, and as recognisable skeletons after five years.",0.0872251987457275,10.701059103012083,1
1064808,what is acantholysis,7163603,"Definition of Acantholysis. 1. Noun. (medicine) The loss of intercellular connections, resulting in loss of cohesion between keratinocytes, seen in diseases such as pemphigus vulgaris.",10.052735328674316,2837490,"Transient acantholytic dermatosis. Grover's disease (GD) is a polymorphic, pruritic, papulovesicular dermatosis characterized histologically by acantholysis with or without dyskeratosis. Once confirmed, most cases of Grover's disease last six to twelve months, which is why it was originally called transient. However it may last much longer.",2.34601092338562,7.706724405288696,1
1068290,what is a realpolitik,7160260,"realpolitik Realpolitik is a political system that's not based on beliefs, doctrines, ethics, or morals, but rather on realistic, practical ideas. Richard Nixon's diplomacy with China in the 1970's was an example of realpolitik. Realpolitik is put into practice when governments deal in straightforward, goal-oriented ways with other governments. Nixon's conversations with the communist Chinese government are such a good example of realpolitik because he felt diplomacy was important despite Americans' distrust of communism.",10.895252227783203,7899060,"Big stick ideology, big stick diplomacy, or big stick policy refers to U.S. President Theodore Roosevelt’s foreign policy: speak softly, and carry a big stick. Roosevelt described his style of foreign policy as the exercise of intelligent forethought and of decisive action sufficiently far in advance of any likely crisis. The idea of negotiating peacefully, simultaneously threatening with the big stick, or the military, ties in heavily with the idea of Realpolitik, which implies a ...",-0.4360173940658569,11.33126962184906,1
1070452,what is a mimo receiver,7158303,"MIMO (multiple input, multiple output) is an antenna technology for wireless communications in which multiple antennas are used at both the source (transmitter) and the destination (receiver). The antennas at each end of the communications circuit are combined to minimize errors and optimize data speed.",8.984567642211914,538157,"q: How does a wi-fi booster work? A: A wi-fi booster uses Multiple in and Multiple Out technology, also known as MIMO, to receive and boost network signals within a particular area.",1.3741483688354492,7.610419273376465,1
1070546,what is a meta analysis vs literature review,7158204,"The official version: A literature review is a free but unsystematic discussion of the literature relating to a matter. By contrast a meta-review (supposedly) is a formal, neutral analysis of the data (contained in the literature) of that matter, and (supposedly) the best of all forms of evidence on a question. In reality:",9.596391677856444,1754033,"October 30, 2008 — In the most comprehensive meta-analysis to date, researchers have shown fever is strongly associated with worse outcomes in stroke and other types of neurological injury across multiple outcome measures.",-5.811444282531738,15.407835960388184,1
1071198,what is a lobster roll?,7157715,"A Lobster Roll is a bread roll filled with bite-sized chunks of lobster meat. Lobster Rolls are made on the Atlantic coast of North America, from the New England area of the United States on up into the Maritimes areas of Canada.",10.811105728149414,5732479,"How to Boil Lobster Tails. First, begin by thawing your frozen lobster tails by placing them directly into cold water for 30 minutes. For giant lobster tails (those bigger than 10 oz. each), change your water after the first 30 minutes and thaw for an additional 15-30 minutes.",-9.32107162475586,20.132177352905273,1
1072479,what is a gui|,7156499,"The graphical user interface (GUI /ɡuːiː/), is a type of user interface that allows users to interact with electronic devices through graphical icons and visual indicators such as secondary notation, instead of text-based user interfaces, typed command labels or text navigation.",7.846251964569092,7980160,"1. Figure out what program you want to use. One program is RPG Maker VX. This program isn't free but you may wish to use the 2003 version-it's free. Some simple video games may also use coding, instead of point-and-click systems. A good basic coding is Python GUI which is free and open-source from their website.Ad.his program isn't free but you may wish to use the 2003 version-it's free. Some simple video games may also use coding, instead of point-and-click systems. A good basic coding is Python GUI which is free and open-source from their website. Ad.",-5.6504364013671875,13.49668836593628,1
1074995,what is a cyclin,7154432,Cyclin is a family of proteins that control the progression of cells through the cell cycle by activating cyclin-dependent kinase enzymes.,10.654180526733398,8834239,"Sequence variations outside the cyclin box allows for differential regulation and functional diversity. Even though their name originated from the cell cycle-dependent fluctuations in expression levels, many of the newer members of the cyclin family in fact do not oscillate. Whereas most cyclins promote Cdk activity, CKIs restrain Cdk activity.",1.1412453651428225,9.512935161590576,1
1079340,what happens during a docket call in court,7150401,"Court proceeding at trial or hearing . Docket call . When the docket is called, the judge simply calls each case in the order in which they were set. The purpose of a docket call is to enable the judge to determine how many cases are ready to be heard. This information helps the judge plan the sequence of the hearings.",7.584853649139404,3624155,"SCAM ALERT - City Court will not call residents and request bond payments by phone. Scottsdale City Court does not -- and will not – telephone residents and ask for bond payments over the phone. Scottsdale City Court receives the first Arizona Motor Vehicle Division self-service kiosk. Scottsdale City Court has received the first Arizona Motor Vehicle Division self-service kiosk, which allows customers to renew vehicle registrations and perform other tasks.",-8.649110794067383,16.233964443206787,1
1082701,what does the name yamil mean,7143620,"[ syll. ya-mil, yam-il] The baby boy name Yamil is pronounced Y AA MAHL †. Yamil's origin is Arabic. The meaning of Yamil is 'handsome'. Derivatives of Yamil include the names Yamile and Yamille. See also the related categories, handsome (honorable) and arabic. Yamil is not often used as a baby boy name. It is not in the top 1000 names. Baby names that sound like Yamil include the Yiddish Yankel and the name Young Il. † approx English pronunciation for Yamil: Y as in you (Y.UW) ; AA as in odd (AA.D) ; M as in me (M.IY) ; AH as in mud (M.AH.D) ; L as in lay (L.EY)",9.300996780395508,7143617,"What Does Name Yamil Mean. You have a strong need for freedom - physical, mental and spiritual. You hate bondage in any form. You have love of beauty and philosophy, and you desire achievement. You are willing to take spiritual matters on faith instead of subjecting them to mental analysis.You are inventive, intuitive and extremely methodical.",9.601966857910156,-0.3009700775146484,0
1083933,what does doctype mean,7132959,"doctype (Noun) A directive that associates an SGML or XML document (such as a webpage) with a Document Type Definition, potentially affecting how it is parsed and rendered. Origin: From document type.",9.91884708404541,7033784,"Home : Technical Terms : DTD Definition. DTD. Stands for Document Type Definition.. A DTD defines the tags and attributes used in an XML or HTML document. Any elements defined in a DTD can be used in these documents, along with the predefined tags and attributes that are part of each markup language. The following is an example of a DTD used for defining an automobile: <!DOCTYPE automobile [.",1.8971939086914065,8.021653175354004,1
1086266,what causes a burning sensation in my ankle,7111812,"Systemic diseases, such as diabetes or arthritis, can cause swelling, thus compressing the nerve. Symptoms. Patients with tarsal tunnel syndrome experience one or more of the following symptoms: Tingling, burning or a sensation similar to an electrical shock; Numbness; Pain, including shooting pain ; Symptoms are typically felt on the inside of the ankle and/or on the bottom of the foot. In some people, a symptom may be isolated and occur in just one spot. In others, it may extend to the heel, arch, toes and even the calf. Sometimes the symptoms of the syndrome appear suddenly.",3.0036396980285645,8375988,"Chlamydia infection of the cervix can spread to the rectum(3). In men, signs and symptoms include discharge from the penis and a burning sensation when urinating. Men might have burning and itching around the opening of the penis and/or pain and swelling in the testicles(5).",-4.509547233581543,7.513186931610107,1
1087317,what are signs of anxiety in your chest,7102878,"Heart Anxiety Symptoms (symptoms of anxiety associated with the heart): 1  Chest pain or discomfort. 2  Chest pains anxiety symptoms. 3  Concern about the heart. 4  Find it hard to breath, feeling smothered, shortness of breath. 5  Frequent yawning to try and catch your breath. 6  Heart attack or anxiety attack (panic attack)",7.711495399475098,3341268,"Signs and symptoms of mesothelioma vary depending on where the cancer occurs. Pleural mesothelioma, which affects the tissue that surrounds the lungs, causes signs and symptoms that may include: Chest pain under the rib cage. Painful coughing. Shortness of breath. Unusual lumps of tissue under the skin on your chest.",-4.866292476654053,12.57778787612915,1
1087484,what are mofongo,7101742,"Classic mofongo is redolent of garlic; a generous dollop is key. Mofongo may be served as a starchy side or the base of a protein-laden main course. Chicken, shrimp, and pernil, a.k.a. slow-cooked pork shoulder, are traditional toppers. Hearty and homey, mofongo combines the best flavors Puerto Rico has to offer.",6.70999813079834,6820605,"Foods made in this manner are known by different names in different places. However, fufu stands out, especially in Ghana and in West Africa in general, as the name fufu is from the Twi language of the Akan in Ghana. It is from the Twi word fufuo meaning white, due to its appearance.ofongo, unlike Caribbean fufu and West African fufu, is fried then mashed with broth, garlic, olive oil, and stuffed with meat (traditional chicharron). Chicharrón Salsa (criollo related To American creole) sauce is poured on top of. Mofongo this sauce is typically made with, meat seafood or. vegetables",-0.3387542963027954,7.048752427101135,1
1087870,what age was martin luther king when he was admitted,7098048,"If it was not for Benjamin Mays... Benjamin Mays was the president of Morehouse College in Atlanta when he met Martin Luther King, Jr. In 1944, Martin Luther King was admitted to the college at age 15. Mays became so close to Martin Luther King, Jr., that later in life he referred to King “as a son” and would go on to deliver the eulogy at King’s funeral. Being the son of slaves gave Mays the drive to succeed and continue to strive in higher education.",8.301525115966797,7257777,"As Monday’s observance of Martin Luther King Jr. Day approaches, King’s “I Have a Dream” speech at the March on Washington is sure to be celebrated and replayed across the U.S.",-7.718545436859131,16.020070552825928,1
1087904,what age do moles appear,7097707,"Most people do not develop new regular moles after the age of 30. Adults often develop non-mole growths like freckles, lentigines, “liver spots”, and seborrheic keratosis in later adulthood. New moles appearing after age 30 may require close observation, medical evaluation, and possible biopsy. A brand new mole in an adult may be a sign of an evolving abnormal mole or early melanoma. It is important to have any new or changing mole evaluated by your dermatologist.",9.698376655578612,3734181,"NaCl means there is 1.2 moles of NaCl per 1.00 liter of solution. We can use that as a conversion factor to set up the calculation that relates 400. ml (or .400 L) to the appropriate number of moles of NaCl. So we take .400 L and multiply by the conversion factor to get .480 moles NaCl.o get molarity we still need to divide moles of solute by volume of solution. But this time we're not given the moles of solute. We have to calculate it from the mass of NaCl. We multiply 2.5 g NaCl by the conversion factor of 1 mole NaCl over the formula weight of NaCl, 58.5 g.",-10.211870193481444,19.91024684906006,1
1091973,benson radiology,7870707,"Benson Radiology. Benson Radiology is a leader in diagnostic and interventional radiology, delivering doctors and their patients with high quality imaging and care since 1958. We invest in the latest technology and imaging techniques across our network of 22 clinics operating across Adelaide and in the south-east of South Australia.",10.278583526611328,4015499,"Dr. Chun is from Vancouver, British Columbia. He attended medical school at the University of British Columbia and completed his residency in diagnostic radiology at University of Western Ontario. Dr. Chun also attended the University of North Carolina at Chapel Hill where he received a fellowship in musculoskeletal imaging. Dr. Chun is certified by the American Board of Radiology. He is also a member of the Royal College of Physicians and Surgeons of Canada. Dr. Chun joined Vantage Radiology in 2006.",-5.958954811096191,16.23753833770752,1
1092259,need number for paypal,4262105,"PayPal® Customer Service Phone Number: 1-888-221-1161 Paypal is the revolutionary internet payment system. Paypal started with Ebay users and has since been purchased and added to the EBAY family of companies. Paypal Corporate 2211 North First Street San Jose, CA 95131 Corporate Phone Number: 1-402-935-2258>",6.041781425476074,1560082,"How to Use the PayPal Debit Card. One of the most convenient ways to send or receive money is PayPal. PayPal is a website that facilitates the transfer of money between you and someone else. Simply by signing up for an account, you can add a level of e-commerce to your personal finances or business.In addition to providing its customers with an online option, PayPal also offers a debit card for added convenience.or instance, if your PayPal account is empty and you wish to buy a tank of gas for $30, you can still use your debit card as long as the bank account that is linked to your PayPal account has at least $30 available for your use.",-3.6653223037719727,9.707103729248049,1
1092930,meaning of the word gank,7792755,"Wiktionary(0.00 / 0 votes)Rate this definition: 1  gank(Verb) To swindle. 2  gank(Verb) To steal. 3  gank(Verb) To kill, ambush, or defeat with little effort; used in online games.",8.277202606201172,3081078,What is the meaning of the word Advanced? What is another word for Advanced? Words related to Advanced,-8.125527381896973,16.402729988098145,1
1093757,jo boaler what is number sense,7722912,"IMPROVING NUMBER SENSE USING NUMBER TALKS Jo Boaler et al. (2014), well known mathematician and Professor of Mathematics Education at Stanford University, recently wrote an article on the importance of number sense. In that article, she states: number sense is the foundation for all higher-level mathematics (Feikes & Schwingendorf, 2008).",8.20272159576416,6969571,"1.02 Acres Stockton, Jo Daviess County, Illinois $13,900. Nice wooded parcel located in Oak Knoll at the Blackhawk Run Golf Course in Stockton.",-11.440959930419922,19.64368152618408,1
1096118,how much does grimace,7532930,"A: Grimace Label employs approximately 1 person at this location. Q: How much does Grimace Label in Paris, France make in annual revenue? A: The company generates an estimated $72,464 USD in annual sales. Q: When was Grimace Label in Paris, France founded? A: Grimace Label was founded in 2012 and has been operating for 6 years.",6.178145408630371,6441964,"Example Sentences for enthused. “Say, this is just the stuff my script lacked,” enthused the continuity writer. You shall know the most wonderful girl of all, enthused Helen. She enthused over it, of course, and wished he might wear it even when in citizen's clothes. Swell, enthused Neil, this time his face twisted into a grimace of pleasure.",-10.350242614746094,16.528388023376465,1
1096360,how much did made star trek beyond gross,7510002,"Star Trek Beyond couldn't match the $70.2 million launch of 2013's Star Trek Into Darkness nor could it top the $75.2 million bow of 2009's Star Trek.. Moreover, with a price tag of $185 million, plus tens of millions in promotional spending, the film needs to perform well overseas if it's going to make a profit.",6.384993553161621,5086496,"Legendary sci-fi actor Leonard Nimoy, who famously played the Vulcan Spock on TV and in the movie versions of Star Trek, has passed away at the age of 83.Nimoy's wife, Susan Bay Nimoy, confirmed his death, saying he ultimately succumbed to end-stage chronic obstructive pulmonary disease.egendary sci-fi actor Leonard Nimoy, who famously played the Vulcan Spock on TV and in the movie versions of Star Trek, has passed away at the age of 83.",-10.644814491271973,17.029808044433594,1
1096376,how much damage harvey,7508397,"Ordinarily, Watson said a hurricane like Harvey might cause less than $5 billion in economic damage. But the floods could cause that number to balloon, and additional factors could make Harvey a $30 billion storm.",6.679225444793701,5292364,"STEVE HARVEY LOVES HIS BLENDED FAMILY. (CLICK ON IMAGES TO ENLARGE) Comedian-Actor-Radio Host Steve Harvey with(From left) Jason,16,Lori,11,twins Brandi and Karli,25,Steve 17,Wynton,10,and Morgan,21. “When my wife,Marjorie,and I got married,she had three children,and i had four[the couple will celebrate their first anniversary this month].",-9.530824661254885,16.210050106048584,1
1096543,how many warheads does a peacekeeper have,7492255,"LGM-118 Peacekeeper. The LGM-118 Peacekeeper, also known as the MX missile (for Missile-eXperimental), was a land-based ICBM deployed by the United States starting in 1986. The Peacekeeper was a MIRV missile that could carry up to 10 re-entry vehicles, each armed with a 300-kiloton W87 warhead in a Mk.21 reentry vehicle (RV).",4.92674446105957,2043689,"Warheads Sour Candy. Warheads are one of the most sour candies around. They come in 5 assorted flavors including Black Cherry, Watermelon, Blue Raspberry, Lemon and Apple. These are a favorite candy for those sour lovers, caution these warheads are mega sour. Don't let the size fool you.",-7.587088108062744,12.513832569122314,1
1096739,how many pounds of fat can you lose in a week,7474064,"Well, it’s certainly possible to lose more than two pounds per week, but it’s critically important to understand that there’s a world of difference between rapid weight loss and permanent fat loss.",7.496506690979004,6601182,"Over the course of a year, drinking cinnamon tea once a week instead of soda could potentially lead to almost 2 pounds in lost body weight, as it takes a 3,500 calorie deficit to lose one pound of body weight.",-0.0650848820805549,7.561591573059559,1
1097023,how many inches are in a yard and what is,7447712,"Quick Answer. There are 36 inches in 1 yard, which is equal to 3 feet. A yard was once believed to be the length of the average stride. The inch represents 1/12 foot. The inch is an English word that derives from the Latin word uncia, which means one-twelfth. Continue Reading",7.8979034423828125,3721467,"Confidence votes 79.9K. Assuming you are talking about a cubic yard of concrete then this will cover 81 square feet to a depth of 4 inches. This is how you work it out. A yard is 3 feet. so a square yard (3 feet by 3 feet) is 9 square feet. There are also 12 inches in a foot and 3 feet in a yard, which makes the cubic yard of concrete 36 inches high.",3.5687105655670166,4.329192876815796,1
1097999,how long is a chinese visa valid,7373194,"You can apply your chinese visa within 90 days from entry date. The best time to apply for your Chinese visa is 30-60 days before your departure. How long is the visa valid for? A single entry Chinese visa is valid for 10 years from issuance for US passport. How long is I can stay in China? The duration of stay is specified on the Chinese visa. Duration of stay for regular China tourist or business visa is 30 days from the date of your entrance. However, duration of stay for 60 or 90 days are also available upon request.",9.954999923706056,6467664,"NO VISA IS NECESSARY if you are a U.S. citizen and will be traveling to Portugal for up to 90 days. However, you will need a valid U.S. passport for at least 6 months from the date of planned return or other travel document recognized by member States of the Schengen Agreement. Residence visas, student visas, work visas and temporary stay visas are valid only for Portugal (not the European Union). Residence visas. Enables the applicant to enter Portugal in order to request a residence permit; this visa is valid for a period of four months with two entries.",-1.906352996826172,11.861352920532228,1
1099451,as scarce as hen's teeth meaning,7254297,"Scarce as hen's teeth definition: extremely rare | Meaning, pronunciation, translations and examples English Dictionary | Thesaurus | Translator | Grammar | Scrabble | Blog English",7.541590213775635,6039688,"Adult teeth. By the age of 12 to 14, most children have lost all their baby teeth and have their adult teeth. There are 32 adult teeth in total, 12 more than in the baby set.The last four of these, called wisdom teeth, usually emerge later than the others, generally between the ages of 17 and 21.dult teeth. By the age of 12 to 14, most children have lost all their baby teeth and have their adult teeth. There are 32 adult teeth in total, 12 more than in the baby set. The last four of these, called wisdom teeth, usually emerge later than the others, generally between the ages of 17 and 21.",-10.397010803222656,17.93860101699829,1
1100010,hemelse modder,7201930,Hemelse Modder Hemelse Modder Hemelse Modder is the name of a heavenly chocolate dessert but also of a restaurant with a beautiful terrace in the old centre of the city. The restaurant is simply decorated inside with wooden tables and chairs and a wooden floor. The cooking here has been highly regarded for decades.,10.149645805358888,7201924,Toetje met stroopwafels en stoofpeertjes - exactly what I was thinking. <h5>Hemelse Modder voor 4 Personen</h5> <h3>Bereidingswijze</h3> <p>Splits de eieren. Breek de chocolade in een steelpan en doe er een eetlepel water bij.,3.8784377574920654,6.271208047866821,1
1101721,amount of db loss allowed in single mode cable,7636772,"A total fiber loss calculation is made based on the distance x the loss factor. Distance in this case the total length of the fiber cable, not just the map distance. • Type of fiber – Most single mode fibers have a loss factor of between 0.25 (@ 1550nm) and 0.35 (@ 1310nm) dB/km. Multimode fibers have a loss factor of about 2.5 (@. 850nm) and 0.8 (@ 1300nm) dB/km.",6.366392612457275,6371442,"40 dB sounds twice as loud as 30 dB and 8 times as loud as 10 dB (10 to 20 to 30 to 40 = 2 x 2 x 2 = 8). Normal hearing ranges from 0 to 20 dB in all frequencies. From here on, the assumption is that you have a sensorineural hearing loss (that you have nerve damage to the inner ear).Nerve damage, unless sudden, is permanent. For conductive hearing losses, see your otolaryngologist (your ENT physician).f all of the X's (for the left ear) and all of the 0's (for the right ear) fall above the line you just drew, you have normal hearing. If anything is below that 20 dB line, you have a hearing loss. Your hearing loss is classified according to how far down the graph the marks go, and in what freqencies the loss occurs.",-5.611481666564941,11.977874279022217,1
1101871,william jones npi number,7497322,"Profile of William Jones, D.O. (NPI # 1366464596) Detailed, comprehensive, open, and free profile of William Jones, D.O. (NPI # 1366464596), including affiliations, publications, patient care statistics, services and procedures provided, drug prescribing statistics, and open payments received.",9.576229095458984,5114,"NPI 1689629487 : DR. HOWARD A FISHBEIN M.D. NPI Number 1689629487 : DR. HOWARD A FISHBEIN M.D. : IRVINE, CA. To modify “1689629487” NPI Number profile you may use given links: EDIT | DELETE | SYNCHRONIZE . You can get information about “1689629487” NPI number in TXT | PDF | XML | JSON formats.",-1.8738139867782593,11.450043082237244,1
133977,definition of dignity for kids,7993331,"Full Definition of DIGNITY. 1. : the quality or state of being worthy, honored, or esteemed. 2. a: high rank, office, or position b: a legal title of nobility or honor.3. archaic: dignitary. 4. : formal reserve or seriousness of manner, appearance, or language. See dignity defined for English-language learners.. : the quality or state of being worthy, honored, or esteemed. 2. a: high rank, office, or position b: a legal title of nobility or honor. 3. archaic: dignitary. 4. : formal reserve or seriousness of manner, appearance, or language. See dignity defined for English-language learners.",5.19879674911499,2049480,"Definition of flagon for English Language Learners : a container for liquids that usually has a handle, spout, and lid; also: the amount in a flagon FLAGON Defined for Kids",-7.017988681793213,12.216785430908203,1
134239,definition of electric field,7786934,Electric field is defined as the electric force per unit charge. The direction of the field is taken to be the direction of the force it would exert on a positive test charge. The electric field is radially outward from a positive charge and radially in toward a negative point charge.,9.583251953125,8087080,"Moving uniform electric field. In a moving uniform electric field, the intensity or the strength of the electric field at each point is dependent on the time elapsed but is independent of the position of the point with respect to the source of the electric field. In other words, the electric field intensity varies with time alone.",4.716868877410889,4.866383075714111,1
153794,"distance in miles pittsburgh, pa to new york",7348274,"Distance from Pittsburgh, PA to New York, NY. The total distance from Pittsburgh, PA to New York, NY is 316 miles. This is equivalent to 508 kilometers or 274 nautical miles. Your trip begins in Pittsburgh, Pennsylvania. It ends in New York, New York. Your flight direction from Pittsburgh, PA to New York, NY is East (85 degrees from North).",10.758109092712402,6623835,"UPMC Presbyterian is hiring a full-time Diet Technician to help support the PUH-Clinical Nutrition Department for its UPMC... 6 days ago-save job-email-more... 1  View all UPMC jobs in Pittsburgh, PA-Pittsburgh jobs. 2  Salary Search: Diet Technician salaries in Pittsburgh, PA.",-11.08564567565918,21.843754768371586,1
170982,does risperidone cause weight gain,7668448,"Besides weight gain, risperidone use may cause nausea, headaches, a runny nose, unexpected sleepiness, fatigue, blurry vision, vomiting, cough, drooling, abdominal pain, rashes, anxiety, constipation, difficulty urinating, a dry mouth and a sharp decrease in your sex drive as well as an inability to achieve orgasm.isperidone and Weight. Risperidone does not induce weight loss; by contrast, risperidone use is associated with an increase in appetite, a rise in blood cholesterol levels and potentially significant weight gain in up to 5 percent of its users.",9.57655906677246,2676856,"The menstrual cycle isn't the cause of weight changes, it's just a bystander, explains Arias. The menstrual cycle does not directly impact weight loss or gain, but there may be some secondary connections.he menstrual cycle isn't the cause of weight changes, it's just a bystander, explains Arias. The menstrual cycle does not directly impact weight loss or gain, but there may be some secondary connections.",-3.927223682403565,13.503782749176024,1
185879,fec independent expenditure definition,4846315,"The Code of Federal Regulations defined independent expenditure as an expenditure for a communication expressly advocating the election or defeat of a clearly identified candidate that is not made in cooperation, consultation, or concert with, or at the request or suggestion of, a candidate, a candidate’s authorized committee, or their agents, or a ...",6.278600692749023,6835241,"Wiktionary(0.00 / 0 votes)Rate this definition: 1  outlay(Noun) A laying out or expending; that which is laid out or expended. 2  outlay(Noun) The spending of money, or an expenditure. Without too much outlay you could buy a dictionary. 3  outlay(Noun) A remote haunt or habitation.",-9.860677719116213,16.139278411865234,1
187186,fingers carpal tunnel symptoms,7390692,"Symptoms of carpal tunnel syndrome may include: Numbness, tingling, burning, and pain—primarily in the thumb and index, middle, and ring fingers; Occasional shock-like sensations that radiate to the thumb and index, middle, and ring fingers; Pain or tingling that may travel up the forearm toward the shoulder",9.438638687133787,1138663,The most common one that people know about is repetitive hand/finger use. This can cause your tendons in your wrist to be…come inflamed and enlarged and this can but pressure or squeeze the median nerve to give you carpal tunnel symptoms. These structures travel through the area in your wrist called the carpal tunnel.,5.034064292907715,4.404574394226074,1
196250,government of canada logo,8001619,"Established in 1980, the Canada wordmark is essentially a logo for the government of Canada: it consists of the word Canada written in a serif font, a modified version of Baskerville, with a Canadian flag over the final 'a'.",7.822697162628174,3199126,"In 1840 the British Parliament passed the Act of Union, which went into effect on 10 February 1841, establishing a single government and Legislature in a united Province of Canada.",-3.573037385940552,11.395734548568726,1
200062,health services administration salary,7881863,"How much does a Health Services Administrator make in Seattle?The average Health Services Administrator salary is $80,000. In Seattle, a Health Services Administrator can make $61,626, which is 23% lower than the national median. Filter by location to see Health Services Administrator salaries in your area.",9.830327987670898,1026265,"A National Look at the Use of Congregate Care in Child Welfare U.S. Department of Health and Human Services, Administration for Children and Families, Children’s Bureau May 13, 2015 EXECUTIVE SUMMARY Federal, state, and local agencies have focused on the placement settings and services experienced by children and youth who experience foster care.",-9.731380462646484,19.561708450317383,1
23285,are land grading costs deductible,7373976,"Reform Act of 1986), the Congress provided an election similar to the § 175. election to taxpayers in the business of farming who incurred costs in the “clearing. of land.” If costs were incurred to clear land to make that land “suitable for use in. farming,” a taxpayer could elect to currently deduct those costs.",-1.3033524751663208,6595113,"Shipping costs are tax deductible as well. 5) Claim the Value Of Your Clothing Donation As A Charitable Deduction On Your Tax Return-Since you went through all the trouble of donating your used clothing, be sure to take the appropriate deduction on your tax return when you file.",-7.686581134796143,6.383228659629822,1
244011,how long do I bake skinless seared chicken breast at 350,1308535,"Bake for a short time at a high temperature. Baking for 30 minutes at 350 degrees will yield dry meat. But baking for just 20 minutes at 450 degrees will result in delightfully juicy baked chicken breast, every time.",7.729608535766602,2259786,"Storing Cooked Chicken in the Fridge. If you can't use all of your cooked chicken breast at once, you can store it in the fridge. Find out how long you can store cooked chicken in the fridge. Oops, we're sorry.",-10.238000869750977,17.967609405517578,1
275355,how many best western points for free night,7451398,"Free nights range from 8,000 to 36,000 points, depending on the month, property and location. Best Western Rewards members must have the necessary number of points to complete a free night based on the hotel’s individual point tier level.",9.897834777832031,1572376,"HOW TO DO WEIGHT WATCHERS FOR FREE Figure you point allowance: For the sake of consistency, we are going to recommend that you use the more updated Points Plus system as that is what our current Weight Watchers recipes points reflect, as well as future recipes and information here. Points Plus",-10.189680099487305,20.087514877319336,1
276208,how many calories burn during swimming,3551563,"Based on the the list of 16 swimming activities, shown below, the average calories burned for an average male, weighing 190 pounds (86 kg) is 328 Calories for 30 minutes of swimming. The average burnt for an average female, weighing 163 pounds (74 kg) is 282 Calories for 30 minutes of swimming.",9.372955322265623,7402589,"In order to lose one pound, you must create a deficit of 3,500  calories, so to lose five pounds, you would need to burn five times  as many calories, or 17,500 calories. Th … e number of calories you  will burn by walking depends on your weight and the speed at which  you walk.nswer by Jwbtgx. Confidence votes 1.1K. One pound of fat is about 3500 calories, so you would need to burn 3500 calories x 15 pounds, which is 52,500 calories. The number of calories burned during excercise depends on your weight and how hard you are excercising.",-2.482760429382324,11.85571575164795,1
276338,how many calories do you burn by dancing?,7316160,"You can burn 105-620 calories dancing for 30 minutes. It depends on how much you weigh, how hard you work, the type of dance, and the number of breaks you take. Below is a general estimate of how many calories you can burn during 30 minutes of various types of dance.",9.50674057006836,5868653,Your weight makes a difference in the calories you burn walking up stairs. A 160-lb. person expends 29 calories in 3 minutes walking up stairs. Climbing those stairs four times a day would burn 116 calories. Use an online calorie calculator to determine how many calories you can burn climbing stairs each day.,-1.9912726879119873,11.498013257980348,1
277556,how many calories in mahi mahi,3655235,"A 3-ounce serving of mahi mahi has 93 calories, almost all of which come from the 20.2 grams of protein it contains. Mahi mahi isn't a significant source of carbohydrates, and it contains only 0.8 grams of fat per serving. If you use oil to grill your mahi mahi, this will increase the fat and calorie content. For example, a teaspoon of olive oil contains 40 calories and 4.5 grams of fat.",9.332123756408691,2923334,"HOW MANY CALORIES SHOULD I EAT IN THE SECOND TRIMESTER? In the second trimester, you should add an additional 300-350 calories per day. So if you were eating 1700 calories per day before, add 300 and you will be eating 2000 calories per day.",-6.711753845214844,16.043877601623535,1
278542,how many carbs in a quest bar,7602289,There are 190 calories in 1 bar (2.1 oz) of Quest Cookies & Cream Protein Bar. You'd need to walk 50 minutes to burn 190 calories. Visit CalorieKing to see calorie count and nutrient data for all portion sizes. apps Tools & More help Support,4.2623186111450195,341529,"The quest is The Wolf Queen Awakened, in Solitude. I did the quest, but it's not ticking off as complete. On the quest checklist, I have to talk to the castle steward, and he has an objective marker above his head, but he gave me his congrats script, but the quest won't check off.",-10.908058166503906,15.170376777648926,1
29612,auger defined,7725919,"auger. 1  to dig in order to get the shape of a trough. 2  to bend a piece of flat iron into the shape of a gutter, of an eavestrough.",8.63955307006836,4489534,Define. #define is a useful C component that allows the programmer to give a name to a constant value before the program is compiled. Defined constants in arduino don't take up any program memory space on the chip. The compiler will replace references to these constants with the defined value at compile time.define is a useful C component that allows the programmer to give a name to a constant value before the program is compiled. Defined constants in arduino don't take up any program memory space on the chip. The compiler will replace references to these constants with the defined value at compile time.,-7.30928897857666,15.94884204864502,1
307521,how much do target cashiers make,7320544,"How much do Target employees make an hour? A: As of December, 2014, different hourly rates for Target employees include cashiers at $8.65, team leaders at $15.35 and sales floor team members at $8.88. These numbers are only averages, as the actual pay-per-hour is dependent on a number of different variables, including location and experience. Continue Reading.",8.131288528442383,8758900,"Planet Wings is an easy, reasonably priced wings option in Orangeburg, NY. I'd recommend pickup or delivery as the interior/location of the restaurant isn't too appealing, but again it's definitely fine for a wings place. Cashiers were friendly and courteous, and despite some miscommunications about my name they served exactly what I ordered.",-11.000701904296877,19.131990432739254,1
319564,how much fiber is in carrots,7073381,"5. Cooked Carrots. Adding cooked carrots to your meals is a great way to increase fiber in your diet. One cup of cooked carrots will yield approximately 5.22 grams of fiber, and a touch of brown sugar makes them delicious. 6. Broccoli. Broccoli is another vegetable that will give you a good amount of fiber.",7.281367301940918,6092663,"A fiber pigtail is really a single, short, usually unbuffered, optical fiber which has an optical connector pre-installed on one end along with a period of exposed fiber in the other end.The end of the pigtail is stripped and fusion spliced to a single fiber of a multi-fiber trunk.Splicing of pigtails to each fiber within the trunk breaks out the multi-fiber cable into its component fibers for connection to the end equipment. Fiber pigtails can have female or male connectors.he end of the pigtail is stripped and fusion spliced to a single fiber of a multi-fiber trunk. Splicing of pigtails to each fiber within the trunk breaks out the multi-fiber cable into its component fibers for connection to the end equipment. Fiber pigtails can have female or male connectors.",-10.16343879699707,17.44480609893799,1
339981,how soon to plant after using roundup,7691162,"He told her to apply the. product to the unwanted plants according to the label directions, and she should start to see. results within a couple of days. The next day Julia sprayed the weeds with Roundup. After a few days Julia was thrilled to see. the weeds begin to wither and lose their green color. However, she began to wonder what this. meant for desirable plants nearby, and the vegetables she would soon plant in the soil.",5.173027038574219,320795,"Glyphosate, N-phosphonomethyl glycine, is broad-spectrum herbicide, sold under the brand name Roundup classified as an organophosphorus herbicide and it is the most widely used broad-spectrum herbicide on [a] global scale..",-5.772576808929443,10.945603847503662,1
392393,ignis price in india,1824038,"However, this Maruti Suzuki Mini SUV has also come to India! The Maruti Ignis price range is INR 4.59-7.80 Lakh. Read on to find more on Maruti Ignis Price in India, mileage and specifications of the new Maruti Mini SUV 2016-17. Also See- Maruti Ignis Test Drive Review.",8.789240837097168,3456790,Toshiba i3 laptops price list. The list of Toshiba i3 laptops with lowest price in India was last generated on 15th October 2015. The price list of Toshiba i3 laptops contains least price of all Toshiba i3 Laptop Models available in the market.he price of Toshiba i3 laptops given in this list is the best price available across major e-commerce stores in India.,-5.6961798667907715,14.48542070388794,1
400692,is a presynaptic neuron is stimulated,7430503,"Transmission of action potentials across electric and chemical synapses. In both cases, the presynaptic neuron was stimulated and the membrane potential was measured in both the presynaptic and postsynaptic cells (see Figure 21-7a).",8.403363227844238,5087232,"Pathways consist to the cerbral cortex consist of thousands of sets of three neurons; a first-order neuron, a second-order neuron, and a thir-order neuron..... 1) first order neuron conduct impulses from somatic receptors into the brain stem or spinal cord.",-9.37514877319336,17.778512001037598,1
404202,is betadine and iodine the same,7584372,"The difference between Betadine and Iodine, basically, stems from their chemical nature. Iodine is a rare element that usually exists as a diatomic molecule. Betadine is a complex chemical compound containing iodine in a complex form.",9.573882102966309,1197799,"To test for starch: A standard test for starch uses iodine. Because iodine is not very soluble in water the first step is to form an iodine reagent by dissolving iodine in water in the presence of potassium iodide, resulting in a linear triiodide ion complex - which is soluble and yellow/orange in colour.",-5.251680374145508,14.825562477111816,1
407131,is copper one of the metals needed by human body,7408112,"Copper is one of the elements that is essential to life in tiny amounts (often referred to as trace elements), although larger amounts can be toxic. About 0.0004 percent of the weight of the human body is copper. It can be found in such foods as liver, shellfish, nuts, raisins, and dried beans.",7.360543251037598,8477133,"Metal Conductors. Metals such as copper, aluminium, and some alloys (mixtures of two or more metals), e.g. brass, phosphor-bronze and manganin are widely used in electrical and electronic circuits. Electric connectors in switches or in a mains 13A plug use a good conductor such as brass for their main contacts.",-6.062718391418457,13.423261642456056,1
408427,is distance mm,7570419,A millimeter is a unit of Length or Distance in the Metric System. The symbol for millimeter is mm. There are 10 millimeters in a centimeter. The International spelling for this unit is millimetre. A centimeter is a unit of Length or Distance in the Metric System.,4.536775588989258,3770544,for men that would be either 6 mm or 8 mm depending on his finger size a majority of men that have a finger size under 9 0 prefer a 6 mm wide ring this is because they do not want the ring to look too big in comparison to their handmen with finger sizes above 9 0 tend to prefer an 8 mm wide ring or even a 10 mm wide ring majority of men that have a finger size under 9 0 prefer a 6 mm wide ring this is because they do not want the ring to look too big in comparison to their hand men with finger sizes above 9 0 tend to prefer an 8 mm wide ring or even a 10 mm wide ring,-7.114886283874512,11.65166187286377,1
420673,is peppermint good for diarrhea,3222326,"Peppermint (Mentha piperita), a popular flavoring for gum, toothpaste, and tea, is also used to soothe an upset stomach or to aid digestion. It has a calming and numbing effect, and is often used to treat headaches, skin irritation, nausea, diarrhea, menstrual cramps, flatulence, and anxiety associated with depression.",6.456799030303955,5923605,"I. Benefits Of Peppermint Oil For Hair. In other words, with antiseptic regenerative effects, peppermint oil can reduce the feeling irritation of scalp as well as dry skin, and boost hair growth for those people suffering from hair loss. Besides, it can give users healthy hair with a fresh, shiny look.",-1.887627124786377,8.344426155090332,1
422955,is sadie a nickname,7576731,"The meaning of the name Sadie is Princess. The origin of the name Sadie is English. This is the culture in which the name originated, or in the case of a word, the language. The name Sadie was originally a nickname for the name Sarah. Sadie Hawkins is a musician and singer as is Sadie Ama. Sarah Louise Delany (known as Sadie) was a civil rights activist and Sadie Tanner Mossell Alexander was the first woman of African American descent to get her PhD.",7.742534637451172,2834627,"Mary Livingstone born Sadie Marks on June the 23rd, 1905, was an radio comedienne and the wife and radio partner of Jack Benny. years after her career was established — so much that she retired from show business completely. She was born in Seattle, Washington, but raised in Britain, Vancouver.",-1.6070163249969482,9.34955096244812,1
423608,is shawshank redemption on netflix,7443091,"The Shawshank Redemption (1994) on Netflix. Two imprisoned men bond over a number of years, finding solace and eventual redemption through acts of common decency.",9.898433685302734,1694554,"A statutory redemption period aims to ensure a fair price at the foreclosure sale. The right of redemption attempts to ensure that bidders at the foreclosure sale will bid a fair price because a higher winning bid at the foreclosure sale reduces the likelihood of the former owner’s redeeming the property.he borrower may redeem the property at any time between the acceleration of the underlying promissory note and the foreclosure sale. Redemption prior to the foreclosure sale does not occur very often. In practice, borrowers do not often redeem prior to the foreclosure sale.",-10.740495681762695,20.63892936706543,1
440802,list of foods that cause diarrhea,7576706,"Those sulfur-including foods can lead to diarrhea at some cases. The foods like onions, garlic, broccoli, cabbage, and cauliflower have amounts of insoluble fiber which is a main cause of diarrhea and gas within the gastrointestinal system.",7.889593124389648,6831188,"What causes vomiting and diarrhea? Vomiting and diarrhea can be caused by a number of things, including viruses, bacteria, parasites, certain medicines, or certain medical conditions. Foods that are hard to digest (such as too many sweets) and undercooked (raw or partially raw) meat or fish can also cause vomiting and diarrhea.",5.235973358154297,2.6536197662353516,1
45924,average temperatures las vegas by month,5167800,1 Average High Temperature in November in Las Vegas: 67 F (19.4 C). 2  Average Low Temperature in November in Las Vegas: 42 F (5.5 C). 3  Average Rainfall in November in Las Vegas: .43”. 4  Average Humidity in November in Las Vegas: 31%.,6.308040618896484,6547350,"Question: When is the Best Time to Visit Las Vegas. If you are thinking about when the best time to go to Las Vegas is you need to know that the right time is entirely up to you and your personal likes and dislikes.Wow, what a revelation.f you are thinking about when the best time to go to Las Vegas is you need to know that the right time is entirely up to you and your personal likes and dislikes.",-10.727232933044434,17.035273551940918,1
489257,rigorous testing definition,7694872,rigorous adjective (CAREFUL) › approving careful to look at or consider every part of something to make certain it is correct or safe: rigorous testing/checking/methods.,8.974689483642578,2833118,"Students transferring to the University of Delaware need to meet rigorous academic requirements, have solid test scores and a cumulative GPA of at least 2.0. Quick Links",-6.513465404510498,15.488154888153076,1
505152,suicide squad squad cast,7572869,"Cast of Suicide Squad at the 2016 San Diego Comic-Con International. From left to right: Will Smith, Margot Robbie, Jared Leto, Viola Davis, Joel Kinnaman, Scott Eastwood, Adewale Akinnuoye-Agbaje, Jai Courtney, Jay Hernandez, Cara Delevingne, and Adam Beach",10.459601402282717,3654775,Changing Squad Formations. Squad Wedge and Squad Vee. The squad wedge (fig. 4-1 8) and squad vee (fig. 4-16) formations provide good security to both the front and the flanks. These formations are relatively easy to maneuver and control and can be quickly adapted to meet new tactical situations.,-7.023501396179199,17.483102798461914,1
508316,symptoms of ocd,7559425,What Are the Signs of OCD? The symptoms of OCD include both obsessive and compulsive behaviors. Signs of obsession include: Repeated unwanted ideas; Fear of contamination; Aggressive impulses; Persistent sexual thoughts; Images of hurting someone you love; Thoughts that you might cause others harm; Thoughts that you might be harmed; Signs of compulsion include:,9.72380256652832,6856902,"Posted in Mental Health | Tagged compulsions, doubting disease, irony of OCD, just do the opposite, obsessive compulsive disorder, Seinfeld, understanding OCD | 2 Comments.osted in Mental Health, OCD | Tagged black and white thinking, cognitive distortions, doubting disease, ERP Therapy, hyper-responsibility, personalization, precuneus activity, thought-action fusion, uncertainty | 10 Comments.",-0.8672549724578857,10.591057538986206,1
521851,"title character in mt, robot",7697353,ROOT OF THE TITLE: Mirroring. eps1.8_m1rr0r1ng.qt EPISODE SUMMARY: Elliot realizes that he is Mr. Robot and Christian Slater's character is just a projection of his father. Angela gets an offer to join E-Corp and give up her principles.,0.5719422101974487,4236428,"Angus MacGyver (known as just MacGyver, or Mac) is a title character and the protagonist of the ABC television series MacGyver. He is played by Richard Dean Anderson.",-4.210707664489746,4.782649874687195,1
525868,two rivers supervisory union,7633123,"Message this Page, learn about upcoming events and more. Two Rivers Supervisory Union located in Ludlow, VT serves the towns of Andover, Baltimore, Cavendish, Chester, Ludlow, Mount Holly and Plymouth,VT. 128 people like this and 132 people follow this.",8.465596199035645,2294073,"Rivers That Flow North. Unless the land it totally flat, rivers of water run downhill. The vast percentage of rivers on the planet flow in a southerly direction because the source (usually in the mountains) is to the north of the mouth. If the source of a river is at a higher elevation than the mouth, that river will run from the source to the mouth. However, if that (higher) source is to the south of the mouth, that river will then flow to the north. Below is a partial list of rivers (length listed when known) that flow north.",-11.206290245056152,19.671886444091797,1
548099,wellcare mike vice president,7538554,"Mike joined WellCare in May 2005. Before assuming his current position, he served as vice president of corporate initiatives and strategy. He also held positions as senior director of health plan finance, director of health plan operations and director of health business planning and analytics.",8.628726959228516,1287590,"Vice-president average salary is $119,750, median salary is $120,000 with a salary range from $53,500 to $198,120. Vice-president salaries are collected from government agencies and companies. Each salary is associated with a real job position. Vice-president salary statistics is not exclusive and is for reference only.",-7.540390968322754,16.16911792755127,1
556952,what are comps?,7614653,"“Comps,” or comparable sales, is a term anyone on either side of a real estate transaction should know well. It refers to homes located in the same area and very similar in size, condition and features as the home you are trying to buy or sell. Buyers look at comps when deciding what price to offer on a home, and sellers use them to figure out how to best price their home for the market. Real estate agents look at comps all day long as a way to keep on top of their local market.",8.919225692749023,4458941,"If you'd like to stay here for free, join the casino's rewards club and use the card as you play in the casino to build up comps. Step 1. Sign up for the Foxwoods Rewards players club card at the players club desk or online at Foxwoods.com.In addition to earning comps as you play, you will also receive room offers in the mail or online if you provide your email and mailing addresses.Step 2. Use your card when you gamble. Insert the card into slot and video poker machines to earn points, and give the card to the dealers when playing table games.A floor supervisor will put your information into the computer and track your play.f you'd like to stay here for free, join the casino's rewards club and use the card as you play in the casino to build up comps. Step 1. Sign up for the Foxwoods Rewards players club card at the players club desk or online at Foxwoods.com.",-5.480501651763916,14.39972734451294,1
559009,what are foragers,2587289,"(Redirected from Foragers) A hunter-gatherer is a human living in a society in which most or all food is obtained by foraging (collecting wild plants and pursuing wild animals), in contrast to agricultural societies, which rely mainly on domesticated species.",7.202765464782715,3993517,"Before the Rise of Civilization[edit] Early people were nomadic hunter-gatherers and lived off the land. Over time, nomadic groups of foragers and hunters began to settle down. The pastoral society helped to further tie groups to specific areas of land.",-0.87584388256073,8.078609347343445,1
559709,what are guitar plectrums,7647465,here is a mixture of popular picks and obscure but interesting ones that will help you decide on which plectrum to pick plectrum is a generic label for flat tools that are used to strum or pluck stringed instruments note that the correct plural for plectrum is plectra but many still refer to them as plectrums to reduce the confusion guitarists refer to guitar plectrums as guitar picks the plectra we featured comes in various sizes and shapes so it will do you well to check available sizes and shapes that fit your needs,7.080272674560547,271219,The Fender Highway One Tele is Jack White's guitar of choice in the video for... more. The Fender Highway One Tele is Jack White's guitar of choice in the video for Freedom At 21. A good look at the headstock can be had at 1:13 into the video. Some good shots of the entire guitar can be seen starting at 1:44.,-9.787824630737305,16.86809730529785,1
563359,what are platitudes,4794763,"A platitude is a trite, meaningless, or prosaic statement, generally directed at quelling social, emotional, or cognitive unease. The word derives from plat, French word for flat.. Platitudes are geared towards presenting a shallow, unifying wisdom over a difficult topic.",10.545700073242188,727848,"These questions will not be easily dodged; nor will the faithful be placated by casuistry or platitudes. Leave the Pope Alone Tunku Varadarajan April 3, 2010. And it hardly seems that the ones who have not been placated by now are going to change their minds about the guy over this. Obama's Baffling Gay Snub Eric Alterman October 14, 2010. But the gay community is unlikely to be placated by either the speech or the venue. Can Obama Make Peace With Gays Gabriel Arana October 8, 2009. But consuming anger is not placated by justification, not toward the stranger and not toward the self.",-1.6107542514801023,12.15645432472229,1
565231,what are some causes of vertigo,7642015,"Vertigo is a sensation of spinning - a specific kind of dizziness.1,2. The dizziness that defines vertigo has one of two causes - disturbance in either the balance organs of the inner ear, or parts of the brain or sensory nerve pathways. Peripheral vertigo collectively refers to vertigo caused by inner ear problems.",6.074662208557129,7297976,"Physical therapy has been used to treat vertigo (specifically, benign paroxysmal positional vertigo). Physical therapy protocols are not well outlined, and there is limited study comparing physical therapy vs. other modalities.evertheless, physical therapy may be helpful for vertigo but more study is needed to make a firm recommendation. You should read product labels, and discuss all therapies with a qualified healthcare provider. Natural Standard information does not constitute medical advice, diagnosis, or treatment.",-4.35629940032959,10.43096160888672,1
569674,what are the factors in a marketing mix?,7424207,"The marketing mix is a business tool used in marketing and by marketers. The marketing mix is often crucial when determining a product or brand's offer, and is often associated with the four P's: price, product, promotion, and place.In service marketing, however, the four Ps are expanded to the seven P's or Seven P's to address the different nature of services.he term  marketing-mix was first coined by Neil Borden, the president of the American Marketing Association in 1953.",4.509535312652588,2227164,"By the end of this course, you will be familiar with the art and science of marketing a product. Unit 1: Marketing Definition and Principles We will begin with the basics of marketing. In this unit, we will define a number of important terms and distinguish between marketing, advertising, and sales.",-8.120959281921387,12.630494594573976,1
583766,what cause elevated liver enzymes,7547624,"Causes. Many diseases and conditions can contribute to elevated liver enzymes. Your doctor determines the specific cause of your elevated liver enzymes by reviewing your medications, your signs and symptoms and, in some cases, other tests and procedures. More common causes of elevated liver enzymes include: 1  Certain prescription medications, including statin drugs used to control cholesterol. 2  Drinking alcohol. 3  Heart failure. 4  Hepatitis A. 5  Hepatitis B. 6  Hepatitis C.",10.563430786132812,1069361,"Age: 8-11 years. After vomiting, we took him to the vet, thinking it was a sinus or allergy issue. His liver enzymes were elevated, so we took him off rimadyl, started giving him Denamarin, waited 30 days and tested again, they were down just a bit.n a case like this where we have elevated liver enzymes and some mild non specific symptoms like lethargy and increased thirst and urination then I'd usually be giving my clients a few options. The first would be to keep on the Denamarin and recheck the liver enzymes in a few more weeks.",0.257765918970108,10.305664867162704,1
585806,"what causes bloating ,high blood pressure, and constipation",7465605,"A commonly prescribed diuretic (a medicine for water retention or high blood pressure) lists ‘gastrointestinal disturbances’ as one of its side effects. Some drugs for diabetes also state that indigestion, sickness, bloating, diarrhoea or constipation can be caused.",3.669745922088623,3655707,What do your blood pressure numbers mean? The only way to know (diagnose) if you have high blood pressure (HBP or hypertension) is to have your blood pressure tested. Understanding your blood pressure numbers is key to controlling high blood pressure. Healthy and unhealthy blood pressure ranges.,-7.236223220825195,10.905969142913818,1
595577,what cities allow pit bulls,7503601,"As of September 2014, no states have enacted breed-specific laws, or BSLs, banning pit bulls. However, there are over 700 U.S. cities in 40 states that have enacted these bans. Additionally, appellate courts in 12 states have upheld the constitutionality of breed-specific pit bull laws, including Arkansas, Colorado, Florida, Iowa, Kansas, Kentucky, New Mexico, Ohio, Utah, Washington, West Virginia, Wisconsin and Washington, D.C. Continue Reading.",8.595661163330078,7169793,"Springfield continues to struggle with the impact of its breed-specific laws, and it continues to be an ineffective waste of money and resources for the citizen in their community. If you are in the Springfield area, please urge your city council person to act upon the changes put forth by the Council Task force, to lift the mandatory death sentence for pit bulls that go into the shelter, and to help get Captain home.",2.1246047019958496,6.4710564613342285,1
605648,what county is emigrant mt in,7714395,"Emigrant, MT. Sponsored Topics. Emigrant is an unincorporated community in Park County, Montana, United States. As of the 2000 census, the ZIP Code Tabulation Area for Emigrant had a population of 372. Emigrant is located in southern Montana, on the Yellowstone River, about 30 miles (48 km) north of Yellowstone National Park, and 20 miles (32 km) south of Livingston.",9.626728057861328,8402264,"Download Bembo Book MT Std Regular. By clicking download and downloading the Font, You agree to our Terms and Conditions of Usage. About Bembo Book MT Std Regular.",-11.326430320739746,20.95315837860107,1
610056,what county is naples fl,7428853,"Collier County's main administration building, left, and the back end of the county courthouse, right. Collier County is a county located in the U.S. state of Florida. As of the 2010 census, the population was 321,520. Its county seat is East Naples, where the county offices were moved from Everglades in 1962. Collier County comprises the Naples-Immokalee-Marco Island, FL Metropolitan Statistical Area, which is included in the Cape Coral-Fort Myers-Naples, FL Combined Statistical Area.",8.604424476623535,2799865,"Averages for Naples in January. Despite the fact the first month of the year is officially the coldest month in Naples, there is still much to see and do. The wintery scene is picturesque to say the least, and the average monthly temperature of 9°C is actually milder than many other cities in Europe at this time of year.",-9.476659774780272,18.08108425140381,1
633375,what does bogue mean?,7640682,"Bogue Name Meaning. You can go to great heights and equally great depths. You are emotional and fixed in your opinions. You are hospitable, sentimental, often psychic, sometimes moody. You are ruled by love and the lack of it and feel a need to be encouraged and appreciated.",8.363052368164062,5961267,"Emerald Isle is a town in Carteret County, North Carolina, United States. It is part of the Crystal Coast and is located entirely on the Bogue Banks.",-5.414181709289551,13.777234077453612,1
635044,what does contract and expand mean,7601266,"Expand is to increase in volume, contract is to decrease in volume.",8.34454345703125,2221487,"How Hygrometers Work Hygrometers work in different ways depending on the application or purpose for testing moisture content in the air. The simplest type of hygrometer uses human hair, which causes strands to expand or contract to move a needle.",-6.972342014312744,15.316885471343994,1
635647,what does debt to gdp ratio tell us,7493198,"In 2013, United States public debt-to-GDP ratio was 71.8%, according to the CIA World Factbook, or 104.5%, according to the IMF including external debt.he debt-to-GDP ratio is generally expressed as a percentage, but properly has units of years, as below. By dimensional analysis these quantities are the ratio of a stock (with dimensions of currency) by a flow (with dimensions of currency/time), so they have dimensions of time.",7.142609596252441,6296279,"The median starting salary for 2012 graduates in the private sector is $100,000, and the average law school-only student debt for 2013 graduates who incurred debt is $56,053.mong the 10 schools with the biggest salary-to-debt ratio, all listed a median salary of $100,000 or more for 2012 graduates in the private sector. The Florida Coastal School of Law had the lowest salary-to-debt ratio out of all the institutions that reported data to U.S. News.",-3.121799945831299,10.26440954208374,1
637459,what does fdg mean,7595500,"This page is all about the meaning, abbreviation and acronym of FDG explaining the definition or meaning and giving useful information of similar terms. FDG Stands For : FluoroDeoxyGlucose.",8.464221954345703,4651582,FDG contains radioactive fluorine-18 but the amount of radiation is too small and the half-life too short (about 109 minutes) to threaten health. FDG is used in the type of three-dimensional medical imaging technology called a PET (positron emission tomography) scan.DG (fludeoxyglucose F-18) is an intravenously administered radiopharmaceutical (radioactive drug) used to help diagnose certain medical problems.,6.920175552368164,1.544046401977539,1
645604,what does phyto mean,7484648,"Phyto, or phyt, is defined as plant. An example of phyto used as a prefix is in the word phytol, which means an oily alcohol that comes from combining the chlorophyll of plants with other substances and is used to create synthetic vitamins. phyto-. phyto-.",9.033748626708984,1138421,"Health benefits of parsnips. Generally, parsnip contains more sugar than carrots, radish, turnips. It has calories (100 g provide 75 calories) comparable to that of some fruits like banana, and grapes. Nonetheless, its sweet, juicy root is rich in several health-benefiting phyto-nutrients, vitamins, minerals, and fiber.enerally, parsnip contains more sugar than carrots, radish, turnips. It has calories (100 g provide 75 calories) comparable to that of some fruits like banana, and grapes. Nonetheless, its sweet, juicy root is rich in several health-benefiting phyto-nutrients, vitamins, minerals, and fiber.",-6.9965691566467285,16.030317783355713,1
648119,what does sni mean,7447392,"What is SNI? Server Name Indication is a crucial component of SSL that oftentimes goes under the radar. SNI is what allows multiple websites to exist on the same IP address. Without SNI, each hostname would require its own IP address in order for an SSL certificate to be installed. However, SNI solves this problem. Now, what does all that mean?",8.271713256835938,6249006,"At this point, it feels like we’re reporting on a new Amazon licensing deal every day. The Seattle online giant announced another streaming deal today, this time with Scripps Networks Interactive (SNI). The SNI family of networks includes HGTV, DIY Network, Food Network, Cooking Channel and Travel Channel.t this point, it feels like we’re reporting on a new Amazon licensing deal every day. The Seattle online giant announced another streaming deal today, this time with Scripps Networks Interactive (SNI). The SNI family of networks includes HGTV, DIY Network, Food Network, Cooking Channel and Travel Channel.",1.5181353092193604,6.753577947616577,1
655046,what does wearing a wedding gown in a dream mean?,7430773,"If the dress is dirty or torn, it predicts that you will have a disagreement with someone you should respect. If you dream of a black wedding dress, something that you thought was a good and positive thing is in reality quite bad or negative.",5.142360687255859,4931429,Princess Diana's wedding dress designer reveals the type of gown Pippa Middleton SHOULD wear on her big day to avoid being out-shone by her royal sister. David Emanuel co-designed Princess Diana's wedding gown. Helping more brides by giving his style advice on Say Yes To The Dress. He was asked how to would dress newly engaged Pippa Middleton. Said she should showcase her figure and be 'complete opposite' of Kate.,-3.7022624015808105,8.84462308883667,1
669979,what ibn means crossword,7429319,Answer: IBN. IBN is a crossword puzzle answer that we have spotted 48 times. Referring Clues: Part of a Mideast name. ___ Saud (former Mideast leader) Relative of Mac-.,6.574073791503906,2486490,"Word with barn or storm. Let's find possible answers to Word with barn or storm crossword clue. First of all, we will look for a few extra hints for this entry: Word with barn or storm. Finally, we will solve this crossword puzzle clue and get the correct word. We have 1 possible solution for this clue in our database.",-9.53309440612793,16.107168197631836,1
679878,what is a cross liability clause in insurance,5786828,"Cross liability and severability of interest are clauses in commercial insurance contracts. These clauses mean that the insurance policy applies separately to each insured party. However, the total policy coverage usually applies collectively to all the insured parties.",9.429810523986816,5107283,General Liability Insurance. The only way to effectively protect the assets of your business is to carry adequate Commercial General Liability (CGL) Insurance coverage. CGL protects your business from damages caused by bodily injury or property damage for which your business is found to be legally liable.,-2.6909408569335938,12.12075138092041,1
681944,what is a double acrostic puzzle,7704858,"The name comes from the Greek words akron (end) and stikhos (line of verse). As the name implies, acrostics are most often pieces of verse where the hidden message is formed by either the first or last letter of each line. Sometimes both ends of the line contain a message - this is known as a double acrostic.",5.31805419921875,2346193,Clue: Simba's father in The Lion King. Simba's father in The Lion King is a crossword puzzle clue that we have spotted 3 times. There are related clues (shown below). Referring crossword puzzle answers.,-11.14128303527832,16.45933723449707,1
687375,what is a hydromyelia,7506064,"Hydromyelia refers to an abnormal widening of the central canal of the spinal cord that creates a cavity in which cerebrospinal fluid (commonly known as spinal fluid) can accumulate. As spinal fluid builds up, it may put abnormal pressure on the spinal cord and damage nerve cells and their connections.",9.892577171325684,119896,"Tweet |. Hydromyelia refers to an abnormal widening of the central canal of the spinal cord that creates a cavity in which cerebrospinal fluid (commonly known as spinal fluid) can accumulate. As spinal fluid builds up, it may put abnormal pressure on the spinal cord and damage nerve cells and their connections.",9.436094284057615,0.4564828872680664,1
689223,what is a lisp?,7468368,Lisp noun [U]. › a ​computer ​programming ​language ​designed for ​processing ​lists of ​text: Lisp is the ​standard ​research ​tool of ​artificial ​intelligence ​scientists in the United States.,10.20924186706543,8072675,"Blaise [blaise]▲ as a boys' name (also used less generally as girls' name Blaise) is pronounced blayz. It is of French and Latin origin, and the meaning of Blaise is lisp, stutter. From Latin Blasius, derived from blaesus. The homonym Blaze means fire.",-1.7438112497329712,11.9530531167984,1
692494,what is a nigerian maggot,7457652,We are going to make gourmet meals out of Edible Maggots. Edible maggots are found in the tropical rain forest region of Nigeria in dying palm trees. They are quite expensive I must say. A stick of grilled Edible maggot or “Odon” as the Sapele people of Delta State call it is about 200 naira for four or five maggots on a skewer.,4.686651229858398,1097178,"Dola [dola] as a girls' name is of Nigerian origin, and the name Dola means the crown brings honor. Dola is an alternate form of Adeola (Nigerian).",-9.9393949508667,14.626046180725098,1
709560,what is all in basic metabolic panel,1050990,"Basic Metabolic Panel. The basic metabolic panel (BMP) is a set of seven to eight blood tests thatmeasure certain nutrients and electrolytes essential for basic body functions. The basic metabolic panel typically measures the serum or plasma levels of sodium, potassium, chloride, and bicarbonate in the body. The BMP is also used to test other electrolytes such as: blood urea nitrogen (BUN), creatinine, and glucose to check for or rule out diabetes or kidney disease.",9.318382263183594,466606,(See Pathogenesis of metabolic alkalosis and Clinical manifestations and evaluation of metabolic alkalosis and Treatment of metabolic alkalosis.) INTRACELLULAR SHIFT OF HYDROGEN. Metabolic alkalosis can be generated by a shift of hydrogen ions into the cells. This most often occurs in patients with potassium deficits and hypokalemia. This may be an important pathophysiologic mechanism in patients with metabolic alkalosis due to vomiting or nasogastric suction [7].,-10.244070053100586,19.56245231628418,1
722413,what is barron,7531801,"Barron [bar-ron] as a boys' name is an Old English name, and the meaning of Barron is burned clearing; young warrior. Barron is an alternate spelling of Barnett (Old English). Barron is also a variant of Baron (Old German, Old English). ASSOCIATED WITH old english, clearing (meadow), warrior.",8.03531265258789,246502,"Sold at extremely high prices, a record $45,000 was once paid for a single grizzly bear gall bladder (Barron 1991). Wildlife trafficking is now among the most lucrative trades in the world-worth around $30-50 billion annually-behind only drugs and human sex trafficking.",-4.44120979309082,12.476522445678713,1
725047,what is bobtail?,7696627,"Bobtail may refer to: 1  An animal with its tail bobbed. 2  A wolf who was leader of the man-eating Wolves of Paris. 3  A natural bobtail, an animal with a genetically short tail Donggyeongi, a Korean breed of dog.  A Bobtail lizard or skink, species Tiliqua 1  rugosa. A bobtail squid.  A tractor unit not pulling a trailer.",9.773056030273438,3210076,"If you’ve always wanted a dog in a cat’s body, the American Bobtail is the breed for you. He is easygoing, affectionate and adaptable. Whether you live in a noisy home with lots of kids and other pets or have a more quiet lifestyle, he will settle in quickly.",6.81778621673584,2.9552698135375977,1
727837,what is cardamom used for,7457249,"Cardamom is one of the most effective remedies against halitosis. Simply chewing on the seeds eliminates bad odors. Cardamom is even used in some chewing gums because of its effectiveness, billed as a surefire cure to the most offensive breath.",6.778852462768555,1824733,"1 In a large pan, add 3 cups of boiling water to the rice with clove, cinnamon, bay leaf, cardamom and salt. 2  Cover and simmer till the rice is nearly cooked. 3  Drain and keep aside. 4  Heat the ghee in a pan add the cumin seeds.",-7.384258270263672,14.163110733032228,1
738484,what is dendrochronology,7635187,"Feb 14, 2015. Dendrochronology is a method of age dating by studying the growth rings of trees. It can be used to study changes in climate and also to calibrate carbon dating. socratic",10.122486114501951,7635188,Dendrochronology is a method of age dating by studying the growth rings of trees. It can be used to study changes in climate and also to calibrate carbon dating. Was this helpful?,10.457075119018556,-0.3345890045166015,0
743708,what is emulation,7652351,Emulation is the process of mimicking the outwardly observable behavior to match an existing target. The internal state of the emulation mechanism does not have to accurately reflect the internal state of the target which it is emulating.,10.767427444458008,7221066,"Wavelink Software Support Part Number: SWS-WL-, SWS-ALLTOUCH- To complement Wavelink’s Terminal Emulation and Management tools, this one (1)-year software support agreement provides full access to technical support resources and entitles customers to download software releases — including major releases — and supporting documentation.",-5.004722595214844,15.772150039672852,1
747937,what is floof,7504079,"Floof is a light and fluffy moldable material that sticks to itself, making it easy to pack into whatever shape you want. Create your own sculpture by hand, use one of the included snowball makers to form perfect spheres for an indoor snowball fight, or simply run your fingers through the stuff.",10.327521324157717,7504078,"TALK FLOOF. Let's make this thing happen. Reach out, and we'll schedule a time to chat. PHONE (317) 643-1613 EMAIL ROBIN@THINKFLOOF.COM",0.8891375064849854,9.43838381767273,1
763878,what is kyc?,11461,"What is KYC? KYC is an initialism that stands for know your customer.. It is a regulatory phrase that refers to the process used by a business for verification of merchants, customers, and other elements when it comes to a financial transaction. In WePay's case, we use it as the motivation behind our Trust Center.",10.48894500732422,7153118,"Customer policy, referred here as “CDD/ KYC policy”, based on the criteria/ guidelines. specified in the Securities & Exchange Commission of Pakistan (SECP) Circular No. 12 of. 2009 dated April 28, 2009. 1.2 The CDD/ KYC policy has been approved by the Board of JSIL in the meeting held on. October 25, 2011. In the said meeting, the Board has authorized the CEO to approve any. subsequent amendments or modifications associated with this policy.",2.4264445304870605,8.062500476837158,1
766272,what is lispro,7801947,"Insulin lispro is a short-acting, man-made version of human insulin. Insulin lispro works by replacing the insulin that is normally produced by the body and by helping move sugar from the blood into other body tissues where it is used for energy. It also stops the liver from producing more sugar.",7.240013122558594,3057097,Insulin lispro is a fast-acting insulin analogue with a low capacity for self-aggregation in subcutaneous tissue. Regular human insulin has been shown to be equipotent to insulin lispro in terms of its binding to the insulin receptor and its effect on cellular glucose uptake.,7.440541744232178,-0.2005286216735839,0
768411,what is mapanything?,7920597,"MapAnything is a Salesforce Gold App Innovation Partner, and a ServiceNow Technology Partner. They have received Ventana Researchâ€™s 2016 Technology Innovation Award for Location Analytics and been named a Customerâ€™s Choice â€“ Highly Reviewed App by users of Salesforce.",9.421616554260254,7920605,"MapAnything provides Geo based territory management, route planning & optimization, lead gen, and reporting through a real-time, interactive map of your Salesforce data. Take it for a test drive and get a free trial today!",7.356756210327148,2.0648603439331055,1
771239,what is mesh size of dura mesh pool safety covers for inground pools,7720846,"Merlin Dura-Mesh Pool Safety Cover - In Ground Winter Pool Cover , 20x40ft. Pool Size. Merlin Dura-Mesh Safety In Ground Pool Cover , 20x40ft. Pool Size The 15-year Dura-Mesh winter pool safety cover is made with 33% stronger mesh materials than any other standard mesh pool cover available on the market today.",8.764594078063965,5832295,"Unfortunately, the more complex an inground swimming pool is, the more it's going to cost. By contrast, a standard $20,000 20-by 40-foot steel-walled vinyl liner inground pool package is half the cost of a similarly sized concrete-type pool.",-1.8806543350219729,10.645248413085938,1
790536,what is relaxation training techniques,7749943,"Relaxation technique. For other forms of relaxation, see Relaxation. A relaxation technique (also known as relaxation training) is any method, process, procedure, or activity that helps a person to relax; to attain a state of increased calmness; or otherwise reduce levels of pain, anxiety, stress or anger.",11.159282684326172,7777683,"Platoon leaders often serve in front-line combat situations, so a critical duty is applying tactical training to achieve mission objectives like securing high ground or evacuating civilians. In combat, this means quickly identifying techniques to subdue the enemy and safeguard soldiers' safety.",-9.67267894744873,20.831961631774902,1
792688,what is rthdvbg,7826565,rthdvbg.exe is a Microsoft or Windows process but some versions of this exe carry viruses. Check your PC for the bad versions of this file - with this Free Security Scan. rthdvbg.exe Technical Information,8.375139236450195,7826563,"Rate RtHDVBg_PushButton Your rating is important, please try to be accurate. Comments should be written in English only. Rate Item",1.2060856819152832,7.169053554534912,1
806574,what is the average monthly car insurance estimate,2113439,"Monthly auto insurance premiums can range from less than $50 to hundreds of dollars. The average car insurance payment you might expect to pay will be based on your age, where you live, your driving history, the kind of car you drive, the number of cars and drivers in your household, and more.",7.179232120513916,6974318,"What is the monthly average dental bill for a family of 4 in North Carolina? For us, in Illinois, a family of 4, it is $1128. I am deciding on dropping insurance because we are paying $1282.32 for a year of dental insurance.",-5.791767597198486,12.970999717712402,1
81993,cannot delete partition,7297000,"You cannot delete the system partition, boot partition, or any partition that contains the active paging file or crash dump information. A partition must be selected for this operation to succeed. Use the select partition command to select a partition and shift the focus to it.",8.574710845947266,5198002,"To resize a partition, right-click it and select Resize/Move. The easiest way to resize a partition is by clicking and dragging the handles at either side of the bar, although you can also enter exact numbers. You can shrink any partition if it has free space. Your changes won’t take effect immediately.",0.9799817800521852,7.594729065895081,1
839137,what is the phantom zone,7803834,"The Phantom Zone. The Phantom Zone is a dimension used as a prison by the Kryptonians for criminals. They are imprisoned with powerful chains. In Man of Steel, General Zod and many other criminals have been sealed away in the Phantom Zone for their crimes.",10.710399627685549,4511851,"The intertidal zone, also known as the foreshore and seashore and sometimes referred to as the littoral zone, is the area that is above water at low tide and under water at high tide (in other words, the area between tide marks). typical rocky shore can be divided into a spray zone or splash zone (also known as the supratidal zone), which is above the spring high-tide line and is covered by water only during storms, and an intertidal zone, which lies between the high and low tidal extremes.",-3.16361927986145,13.874018907546995,1
85053,causes for swollen ankle,7368239,"Ankle swelling can also be due to pregnancy, being overweight, vascular problems, or orthopedic conditions, such as a bone fracture or a sprained ankle. Swollen ankles can also indicate a potentially serious disorder, such as congestive heart failure, deep vein thrombosis, and liver failure. Because ankle swelling can indicate a potentially life-threatening illness, you should seek prompt medical care and talk with your medical professional about your symptoms.",9.321584701538086,4299679,"It is still swollen, and there is bruising about an inch long on the inner part of my ankle, and a bruise on the outside of my foot from my pinky toe all the way down to the end of my foot. I have been icing it 3-4 times daily, keeping it wrapped and taking Ibuprofen.",-2.3720383644104004,11.693623065948486,1
865660,what job can you get with a degree in art education,7948042,"An art education degree prepares you to teach art to students ranging from preschool to high school -- and possibly college. Legal requirements to become a teacher are established by each state, but ...",6.216012001037598,394299,"Donald Trump's nominee for Secretary of Education, billionaire Betsy DeVos, has no education degree or teaching experience, has never attended a public school or sent her children to one, and supports the funding of for-profit Christian schools over public ones; she got the job because she donated $9.5 million to Trump's campaign.",-10.59172248840332,16.807734489440918,1
8854,________ disparity refers to the slightly different view of the world that each eye receives.cyclopeanbinocularmonoculartrichromatic,7304912,28 of 35 _______ disparity refers to the slightly different view of the world that each eye receives. Binocular Cyclopean Monocular Trichromatic. _______ disparity refers to the slightly different view of the world that each eye receives. Binocular.,8.818512916564941,1498395,"Dilation. Dilation test refers to a technique of instilling eye drops into your eye which temporarily causes mydriasis or make pupils larger to enable your doctor better visualize your retina, optic nerve head and blood vessels in the back of your eye.",-10.56452751159668,19.38304042816162,1
895932,what sizes do bar stools come in,1130834,"These are commonly called “spectator stools”. The actual size can vary somewhat with bar stools ranging from 29 to 31 inches and the counter stools ranging from 24 to 26 inches. These are the standard sizes of stools, but they can be special ordered in sizes from 24 inches to 37 inches tall.",9.64663314819336,1644875,"Some people do not have a bowel movement every day. Also, some healthy people always have very soft stools. Other have firm stools, but are able to pass them without problems. When you do not have frequent bowel movements, or it takes a lot of effort to pass stool, you have constipation. Passing large, wide, or hard stools may tear the anus, especially in children. This can cause bleeding and may lead to an anal fissure.",-7.627143383026123,17.273776531219482,1
912234,what type of fire extinguisher is best for electrical equipment,7875077,Class C: Any fire that involves electrical appliances is appropriate for a Class C fire extinguisher. Fires involving motors or transformers would fit in this class. Metal appliances you’d use in the kitchen also fit in Class C. A drawing of an electrical plug and outlet are found on the Class C graphic.,6.600948333740234,4837545,"Keep melting wax out of the reach of children and pets! Always have a fire extinguisher (chemical type not water type) in your workshop. Never use water to put out a wax fire, it will spread the fire! If you don't have a proper fire extinguisher nearby, use baking soda, sand or flour to extinguish the flames. Remove melting wax from heat immediately if it begins to smoke.",-2.411641836166382,9.012590169906616,1
929046,what years were total eclipses in the past,491288,"With interest rapidly building for the upcoming total solar eclipse in the USA on August 21, 2017, I became curious about the rarity of total eclipses in America. The very first total eclipse I witnessed was on March 7, 1970.",3.860133647918701,6622914,"What will it cost to send your child to College of Southern Maryland in the future? In the past four years, this school's published in-state tuition and fee total rose from $4,440 to $5,112. This amounts to an average annual price increase of 3%.",-11.08080005645752,14.94093370437622,1
930721,what's monogamy,7805222,monogamy noun [U]. › the ​fact or ​custom of having a ​sexual ​relationship or ​marriage with only one other ​person at a ​time Compare bigamy polygamy. Compare. bigamy. polygamy. monogamous adjective uk us /-məs/ › a monogamous ​relationship. adjective uk us /-məs/.,9.856032371520996,6830023,"Social monogamy refers to a male and female's social living arrangement (e.g., shared use of a territory, behaviour indicative of a social pair, and/or proximity between a male and female) without inferring any sexual interactions or reproductive patterns.In humans, social monogamy equals monogamous marriage. Social monogamy refers to two partners living together, having sex with each other, and cooperating in acquiring basic resources such as shelter, food, and money.",7.173894882202148,2.6821374893188477,1
938140,when did disney make beauty and the beast,7943868,"For women who grew up in the late ‘80s and early ‘90s, few characters loom larger than Belle from the 1991 Disney movie “Beauty and the Beast.”. Compared to her Disney princess predecessors, Belle was a revelation. She wasn’t asleep for 75 percent of a story that centered around her (”Sleeping Beauty”).",4.502490997314453,5489846,"B shows you how to color Easter Eggs using a lot of fun colors, she use Disney Frozen, My Little Pony, Hello Kitty, Minnie Mouse, Despicable Me and Disney Princess Kits and Stickers she also use a Glitter Kit to make to make them look different.",-11.030138969421388,15.53262996673584,1
942651,when did they start putting seat belts in cars,7761568,"Early cars had no seat belts. In the 1930s, doctors began installing seat belts in their cars, realizing that accidents were increasing along with cars' speed and popularity. In 1955, California was the first state to require cars to have seat belts installed before sale. This became U.S. law in 1968.",9.434907913208008,1481344,"3 years and younger in a child restraint; 4 years through 7 years must be in a child restraint or booster seat. 4 through 7 years who are taller than 4'9; 4 through 7 years who are at least 40 pounds seated in a rear seat where if there are no available lap/shoulder belts, may be restrained by a lap belt.",-7.346469879150391,16.7813777923584,1
948532,when does transformers the last knight is coming out,2884991,"Transformers: The Last Knight will include a solid cast of stars, like Mark Wahlberg, Anthony Hopkins, Tyrese Gibson, and Josh Duhamel are all set to star in the Michael Bay joint, which promise to take the series in and exciting directions. Transformers: The Last Knight will come out on June 23, 2017.",10.77195930480957,4055758,"Transformers: The Last Knight is the fifth film in the series. Filming started in May 2016 and ended in December 2016; it is expected to be released on June 23, 2017. It is being directed by Michael Bay from a screenplay written by Art Marcum, Matt Holloway and Ken Nolan, and is to star Mark Wahlberg and Stanley Tucci.",10.58513069152832,0.18682861328125,1
986972,where is luton,7735236,"For other uses, see Luton (disambiguation). Luton (/ˈluːtən/ LOOT-ən, local /ˈluːʔən/) is a large town, borough and unitary authority area of Bedfordshire, England. Luton and its near neighbours, Dunstable and Houghton Regis, form the Luton/Dunstable Urban Area with a population of about 258,000. It is located 20 miles (30 km) east of Aylesbury, 14 miles (20 km) west of Stevenage, 30 miles (50 km) north-northwest of London, and 22 miles (40 km) southeast of Milton Keynes.",10.727872848510742,3753494,"Victoria coach station offers direct coach connections to many parts of England, Scotland and Wales. Luton Airport transfers to/from Commercial St (Liverpool St Stn) easyBus' newest Luton service now offers frequent services to/from London Commercial St (Liverpool St Stn). The service is non-stop and direct from the airport. London Liverpool Street is one of London's premier rail stations.",2.7147650718688965,8.013107776641846,1
988119,who played alicia on the big bang theory,7289721,Trivia. 1  Alicia is played by Valerie Azlynn. 2  She only appeared in the episode The Dead Hooker Juxtaposition. And it is unknown what happen to her afterwards maybe it likely that she moved out because she did not appear in any other episodes of the series. 3  She might appear in Season 11.,6.841808319091797,7289723,"30 Rock's Jack McBrayer also makes his Big Bang debut as Randall, Penny's brother who has infamously been mentioned on the series as a drug-making criminal. MORE: 'Big Bang Theory' Welcomes Katey Sagal and Jack McBrayer as Penny's Family Members The Big Bang Theory's season 10 premiere, which airs Monday Sept. 19 on CBS, is bringing everyone's families together to celebrate Penny and Leonard's wedding ceremony.",1.0418601036071775,5.799948215484619,1
988124,definition of lu,7289647,"Lu - a trivalent metallic element of the rare earth group; usually occurs in association with yttrium atomic number 71, lutecium, lutetium metal, metallic element - any of several chemical elements that are usually shiny solids that conduct heat or electricity and can be formed into sheets etc.",9.22905731201172,1610128,"[ syll. lu-do, lud-o ] The baby boy name Ludo is pronounced as L AH Dow †. Ludo's language of origin is Germanic and it is predominantly used in English. Ludo is a shortening of Ludovic (English) and a variant transcription of Louis (English and French). Ludo is a seldom used baby name for boys.",0.2193597257137298,9.009697586297987,1
989108,where is new hope alabama,7777611,"New Hope, Alabama. New Hope is a city in Madison County, Alabama, United States, and is included in the Huntsville-Decatur Combined Statistical Area. As of the 2010 census, the population was 2,810.",11.149443626403809,5316590,"Learn more by clicking the Google or Facebook button below. Population Demographics for Dothan, Alabama in 2016 and 2017. Other Counties and Cities in Alabama.",-10.35204029083252,21.501483917236328,1
991342,who is amandla stenberg,7282434,"(CNN)You might remember actress Amandla Stenberg from her ill-fated role in the first Hunger Games film as Jennifer Lawrence's endearing sidekick, Rue. The 17-year is stepping out of the franchise's shadow and using her star power to inspire other black women to embrace their identity.",6.610703468322754,4196274,"Meet Amandla Stenberg. Amanda Sternberg is a 18 year old actress, whom many people may know her for portrayal of “Rue” in the movie series, The Hunger Games. Amandla, is also a singer and song writer whose music was featured in the 2017 film “Everything, Everything.” Facts About Amandla. She is pansexual.",8.80668830871582,-2.1959848403930664,0
992433,white pine millings in wv,7279737,"White Pine Millings is located at the address 119 Loghouse Rd in Racine, West Virginia 25165. They can be contacted via phone at (304) 837-7940 for pricing, hours and directions. White Pine Millings has an annual sales volume of 501K - 999,999. For maps and directions to White Pine Millings view the map to the right.",9.288084983825684,4566952,"Find White Pine Tennessee assessor, assessment, auditor's, and appraiser's office, revenue commissions, GIS, and tax equalization departments. Assessors provide information on property and land tax assessment, property listings, values, valuations, property search, and records. White Pine Assessor. Find White Pine Tennessee assessor, assessment, auditor's, and appraiser's office, revenue commissions, GIS, and tax equalization departments. Assessors provide information on property and land tax assessment, property listings, values, valuations, property search, and records.",-2.919610023498535,12.20769500732422,1
995125,where is the condyle,7026693,"A condyle (/ˈkɒndəl/ or /ˈkɒndaɪl/; Latin: condylus, from Greek: kondylos; κόνδυλος knuckle) is the round prominence at the end of a bone, most often part of a joint - an articulation with another bone. It is one of the markings/features of bones, and can refer to: On the femur, in the knee joint:",9.461175918579102,6820407,Definition of OCCIPITAL BONE. : a compound bone that forms the posterior part of the skull and bears a condyle by which the skull articulates with the atlas.See occipital bone defined for kids.ADVERTISEMENT. a compound bone that forms the posterior part of the skull and bears a condyle by which the skull articulates with the atlas. See occipital bone defined for kids.,-4.230264663696289,13.69144058227539,1
99556,copperhead snake bite effects,7684278,"I was bitten by a copperhead in 1981 on the foot. The bite immed. started swelling, lots of pain like a super bee sting that doesn't stop, next was the feeling of throwing up. I went to the ER and by then the area around the bite fangs were turning into blue red 50 cent piece. The ER tested the anivemon in my arm but the swelling was now all the way up my thigh.",4.524088382720947,5701590,Further stocks of antiserum can then be produced from the initial donor or from a donor organism that is inoculated with the pathogen and cured by some stock of preexisting antiserum. Diluted snake venom is often used as an antiserum to give a passive immunity to the snake bite itself.urther stocks of antiserum can then be produced from the initial donor or from a donor organism that is inoculated with the pathogen and cured by some stock of preexisting antiserum. Diluted snake venom is often used as an antiserum to give a passive immunity to the snake bite itself.,-8.135889053344727,12.659977436065674,1
998609,where is macy's westfield valley fair,7267718,"About Macy's Westfield Valley Fair Shoes. We are often told that clothes make the person, but we often forget that shoes make the outfit. From catwalk high fashion to effortless casual, shoes complete the look. With so many wonderful and diverse options available from Macy's Westfield Valley Fair in Santa Clara, CA, we can make the look your look. Whenever you shop for new shoes to add to your wardrobe - shop the selection of women’s, men’s, and kids’ shoes at Macy's Westfield Valley Fair at 2801 Stevens Creek Blvd., where you can find the perfect shoes for all of your dressing occasions.",9.482027053833008,5402489,The population density in Jordan Valley is 92% higher than Oregon. The median age in Jordan Valley is 44% higher than Oregon. In Jordan Valley 100.00% of the population is Caucasian. In Jordan Valley 0.00% of the population is African American. In Jordan Valley 0.00% of the population is Asian.,-11.17383098602295,20.655858039855957,1
998675,where is lewisburg,7267527,"Lewisburg is a borough in Union County, Pennsylvania, United States, 30 miles south by southeast of Williamsport and 60 miles north of Harrisburg. In the past, it was the commercial center for a fertile grain and general farming region. The population was 5,620 at the 2000 census. It is the county seat of Union County. Located in central Pennsylvania, on the West Branch Susquehanna River, Lewisburg is northwest of Sunbury. It is home to Bucknell University and is near the Lewisburg Federal Penit",11.06011962890625,6118160,"Holtschlag (GM) Revenue. International Comfort Products Corporation (ICP) is a company that designs, manufactures and markets central air conditioning (HVAC) systems, gas and oil furnaces for use in homes and commercial buildings headquartered in Lewisburg, Tennessee, United States. 1 About.",1.7816041707992554,9.278515458106996,1
998965,definition diagram,7266627,"Definition of diagram - a simplified drawing showing the appearance, structure, or workings of something; a schematic representation Definition of diagram - a simplified drawing showing the appearance, structure, or workings of something; a schematic representation",10.256396293640137,1467139,Term: onychophagia Prefix n/a Word Root(s) Onych Combining Vowel(s) O Combining Form(s) Onych/o Suffix -phagia Analysis Diagram Onych/o/phagia Plural Form n/a Abbreviation n/a Prefix Definition n/a Word Root Definition(s) Nail biting Suffix Definition Eating or biting Definition (Technical) A compulsive disorder in young and adult for biting nails ...,-2.809648275375366,13.066044569015505,1
